,text,importance
0,"Security alert Gmail Ai filter was granted access to your Google Account skk126skk126@gmail.com If you did not grant access, you should check this activity and secure your account. Check activity You can also see",3
1,"Drumroll please, the Apple Shopping Event is upon us - come this way for massive SAVINGS on amazing tech Plus,check out our Deal of the Day! Andy K. | View Account View: Web BEST BUY Top Deals Outlet TVs Computers Cell Phones Appliances Apple Shopping Event. Deals on amazing Apple tech. Ends Sunday. Shop",1
2,Marvel's Deadpool VR coming late 2025 Marvel&#39;s Deadpool VR is coming exclusively to Meta Quest 3/3S. ‌ ‌ ‌ ‌ ‌ ‌ ‌ ‌ ‌ ‌ ‌ ‌ ‌ ‌ ‌ ‌ ‌ ‌ ‌ ‌ ‌ ‌ ‌ ‌ ‌ ‌ ‌ ‌ ‌ ‌ ‌ ‌ ‌ ‌ ‌ ‌ ‌ ‌ ‌ ‌ ‌ ‌ ‌ ‌ ‌ ‌ ‌ ‌ ‌ ‌ ‌ ‌ ‌ ‌ ‌ ‌ ‌ ‌ ‌ ‌ ‌ ‌ ‌ ‌ ‌ ‌ ‌,1
3,"Your statement for account ...5434 Wells Fargo home page Your month in review You have a new statement for your account ...5434. Give it a look, get a feel for last month&#39;s spending, and plan for the month ahead. Review your",3
4,Breakfast bite options ready to fuel your day🔅 10 minute energy boosting recipes🥟 ͏ ͏ ͏ ͏ ͏ ͏ ͏ ͏ ͏ ͏ ͏ ͏ ͏ ͏ ͏ ͏ ͏ ͏ ͏ ͏ ͏ ͏ ͏ ͏ ͏ ͏ ͏ ͏ ͏ ͏ ͏ ͏ ͏ ͏ ͏ ͏ ͏ ͏ ͏ ͏ ͏ ͏ ͏ ͏ ͏ ͏ ͏ ͏ ͏ ͏ ͏ ͏ ͏ ͏ ͏ ͏ ͏ ͏ ͏ ͏ ͏ ͏ ͏ ͏ ͏ ͏ ͏ ͏ ͏ ͏ ͏ ͏ ͏ ͏ ͏ ͏ ͏ ͏ ͏ ͏ ͏ ͏ ͏,3
5,"Celebrate Pentecost: Support Our Catholic Mission! Ignite Your Faith and Make a Difference This Pentecost Sunday! &quot;I would suggest to others to donate to RNF for the same reason I do, to ensure that there is a Catholic presence on the RPI campus,",3
6,"""Lost Connection: Disconnected"" r/admincraft: Lost Connection: Disconnected **For the past month, my server logs have been flooded with “lost connection” messages from the same player.** They only joined once, but ever since then, I",3
7,"New app alert! Check out today’s newest titles for Meta Quest. Discover new worlds, beat top scores, and meet new people in these all-new apps.‌ ‌ ‌ ‌ ‌ ‌ ‌ ‌ ‌ ‌ ‌ ‌ ‌ ‌ ‌ ‌ ‌ ‌ ‌ ‌ ‌ ‌ ‌ ‌ ‌ ‌ ‌ ‌ ‌ ‌ ‌ ‌ ‌ ‌ ‌ ‌ ‌ ‌ ‌ ‌ ‌ ‌ ‌ ‌ ‌ ‌ ‌ ‌ ‌ ‌ ‌ ‌ ‌ ‌ ‌ ‌ ‌ ‌ ‌ ‌ ‌",3
8,New notifications arriving in headset. You may receive notifications directly from your installed apps. ‌ ‌ ‌ ‌ ‌ ‌ ‌ ‌ ‌ ‌ ‌ ‌ ‌ ‌ ‌ ‌ ‌ ‌ ‌ ‌ ‌ ‌ ‌ ‌ ‌ ‌ ‌ ‌ ‌ ‌ ‌ ‌ ‌ ‌ ‌ ‌ ‌ ‌ ‌ ‌ ‌ ‌ ‌ ‌ ‌ ‌ ‌ ‌ ‌ ‌ ‌ ‌ ‌ ‌ ‌ ‌ ‌ ‌ ‌ ‌ ‌ ‌ ‌ ‌ ‌ ‌ ‌ ‌,3
9,"🏆Kang, we've missed you. Save up to $630 with eligible trade-in on the NEW Galaxy S25 Edge. Experience our thinnest Galaxy device to date. Experience our thinnest Galaxy device to date. Samsung Galaxy S25 Edge Galaxy AI Galaxy S25 Edge Galaxy AI - Beyond slim Switch to the slim side - Slim",3
10,합리적인 가격의 인기 레스토랑 가성비 좋은 주변 매장을 확인해 보세요. ͏ ͏ ͏ ͏ ͏ ͏ ͏ ͏ ͏ ͏ ͏ ͏ ͏ ͏ ͏ ͏ ͏ ͏ ͏ ͏ ͏ ͏ ͏ ͏ ͏ ͏ ͏ ͏ ͏ ͏ ͏ ͏ ͏ ͏ ͏ ͏ ͏ ͏ ͏ ͏ ͏ ͏ ͏ ͏ ͏ ͏ ͏ ͏ ͏ ͏ ͏ ͏ ͏ ͏ ͏ ͏ ͏ ͏ ͏ ͏ ͏ ͏ ͏ ͏ ͏ ͏ ͏ ͏ ͏ ͏ ͏ ͏ ͏ ͏ ͏ ͏ ͏ ͏ ͏ ͏ ͏ ͏ ͏ ͏ ͏ ͏ ͏ ͏ ͏,3
11,"Big sale! Up to 50% off everything😍 Newly arrived, seasonal &amp; hot selling items with great deals💥 ͏ ͏ ͏ ͏ ͏ ͏ ͏ ͏ ͏ ͏ ͏ ͏ ͏ ͏ ͏ ͏ ͏ ͏ ͏ ͏ ͏ ͏ ͏ ͏ ͏ ͏ ͏ ͏ ͏ ͏ ͏ ͏ ͏ ͏ ͏ ͏ ͏ ͏ ͏ ͏ ͏ ͏ ͏ ͏ ͏ ͏ ͏ ͏ ͏ ͏ ͏ ͏ ͏ ͏ ͏ ͏ ͏ ͏ ͏ ͏ ͏ ͏ ͏ ͏ ͏ ͏ ͏ ͏",1
12,"Apple tech deals are here. Explore the Apple Shopping Event. Plus, discover other Apple deals inside. Andy K. | View Account View: Web BEST BUY Top Deals Outlet TVs Computers Cell Phones Appliances Apple Shopping Event. Deals on amazing Apple tech. Ends Sunday.",1
13,"The White Witch is Expecting You: Confront Illezra, Enter the New Season of Arena of Solare, and More! Face Illezra in a Duel of Destiny The fated return of the White Witch Illezra marks a grand turning point in the world of Black Desert. Ready your blade and prove your strength against Illezra in the",3
14,Ignite Your Faith This Pentecost Sunday! Together We Can Strengthen Faith on Campus - Join Us This Sunday! The Christ Sun of Justice Parish has been my spiritual home for all four years I have been at RPI. I&#39;ve truly enjoyed being able to,3
15,여행 전후 간편하게 차량 서비스로 이동하세요 Uber One으로 요건을 충족하는 차량 서비스를 이용하고 6%의 Uber One 크레딧도 받으세요. ͏ ͏ ͏ ͏ ͏ ͏ ͏ ͏ ͏ ͏ ͏ ͏ ͏ ͏ ͏ ͏ ͏ ͏ ͏ ͏ ͏ ͏ ͏ ͏ ͏ ͏ ͏ ͏ ͏ ͏ ͏ ͏ ͏ ͏ ͏ ͏ ͏ ͏ ͏ ͏ ͏ ͏ ͏ ͏ ͏ ͏ ͏ ͏ ͏ ͏ ͏ ͏ ͏ ͏ ͏ ͏ ͏ ͏ ͏ ͏ ͏ ͏ ͏ ͏ ͏ ͏ ͏ ͏ ͏ ͏ ͏ ͏,3
16,"""Folia 100 -150 Player?"" r/admincraft: Folia 100 -150 Player? **Deutsch:** Ich plane einen Minecraft-Server mit 100–150 gleichzeitigen Spielern. Als CPU würde ein AMD Ryzen™ 7 PRO 8700GE (8 Kerne) zum Einsatz kommen. Ich",3
17,"Power up with Nintendo Switch 2, available now! Learn more about the new system. Trouble viewing email? Click here Nintendo Nintendo Nintendo Switch 2 My Nintendo Games Nintendo Switch 2 My Nintendo Games Nintendo Switch 2 is available now.",3
18,"[GitHub] A personal access token (classic) has been added to your account Hey Lol1927! A personal access token (classic) &quot;push-token&quot; with admin:enterprise, admin:gpg_key, admin:org, admin:org_hook, admin:public_key, admin:repo_hook, admin:ssh_signing_key,",3
19,TVs can be yours for as low as $69.99... Just add popcorn Don&#39;t miss today&#39;s Deal of the Day Andy K. | View Account View: Web BEST BUY Top Deals Outlet TVs Computers Cell Phones Appliances TVs as low as $69.99 after savings. Shop now. Reference,1
20,"You've run `ngrok http ...`—now what? Join us live for demos and examples that go beyond hello world—like auth, observability, routing, and more. View in browser ngrok-office-hours Hi skk126skk126@gmail.com! If you&#39;ve run ngrok http",3
21,"놓칠 수 없는 특가 혜택 간식, 생활용품 등을 저렴하게 구매하세요. ͏ ͏ ͏ ͏ ͏ ͏ ͏ ͏ ͏ ͏ ͏ ͏ ͏ ͏ ͏ ͏ ͏ ͏ ͏ ͏ ͏ ͏ ͏ ͏ ͏ ͏ ͏ ͏ ͏ ͏ ͏ ͏ ͏ ͏ ͏ ͏ ͏ ͏ ͏ ͏ ͏ ͏ ͏ ͏ ͏ ͏ ͏ ͏ ͏ ͏ ͏ ͏ ͏ ͏ ͏ ͏ ͏ ͏ ͏ ͏ ͏ ͏ ͏ ͏ ͏ ͏ ͏ ͏ ͏ ͏ ͏ ͏ ͏ ͏ ͏ ͏ ͏ ͏ ͏ ͏ ͏ ͏ ͏ ͏ ͏ ͏ ͏ ͏ ͏",1
22,"""Staff salaries"" r/admincraft: Staff salaries Mainly talking about the actual servers and not SMPs, do you guys pay your staff? I mean for a small server it&#39;s mainly volunteer I guess but if your server becomes",3
23,"Happy EXTRA Wednesday☀️ Today only!Get up to 5% back on meat, seasonings, fresh bakery &amp; canned goods! ͏ ͏ ͏ ͏ ͏ ͏ ͏ ͏ ͏ ͏ ͏ ͏ ͏ ͏ ͏ ͏ ͏ ͏ ͏ ͏ ͏ ͏ ͏ ͏ ͏ ͏ ͏ ͏ ͏ ͏ ͏ ͏ ͏ ͏ ͏ ͏ ͏ ͏ ͏ ͏ ͏ ͏ ͏ ͏ ͏ ͏ ͏ ͏ ͏ ͏ ͏ ͏ ͏ ͏ ͏ ͏ ͏ ͏ ͏",3
24,"Late-night openings tonight for Nintendo Switch 2! Limited inventory of the newest game! Andy K. | View Account View: Web BEST BUY Top Deals Outlet TVs Computers Cell Phones Appliances Nintendo Switch 2: Late-night opening. Thursday, 6/5/25, at 12:01",1
25,"Last chance for this 25% off promo Act now, save now ‌ ‌ ‌ ‌ ‌ ‌ ‌ ‌ ‌ ‌ ‌ ‌ ‌ ‌ ‌ ‌ ‌ ‌ ‌ ‌ ‌ ‌ ‌ ‌ ‌ ‌ ‌ ‌ ‌ ‌ ‌ ‌ ‌ ‌ ‌ ‌ ‌ ‌ ‌ ‌ ‌ ‌ ‌ ‌ ‌ ‌ ‌ ‌ ‌ ‌ ‌ ‌ ‌ ‌ ‌ ‌ ‌ ‌ ‌ ‌ ‌ ‌ ‌ ‌ ‌ ‌ ‌ ‌ ‌ ‌ ‌ ‌ ‌ ‌ ‌ ‌ ‌ ‌ ‌ ‌ ‌ ‌ ‌ ‌ ‌ ‌ ‌ ‌ ‌ ‌ ‌ ‌",3
27,아는 사람은 아는 그 맛집 즐겨 찾는 맛집에서 주문해 보세요. ͏ ͏ ͏ ͏ ͏ ͏ ͏ ͏ ͏ ͏ ͏ ͏ ͏ ͏ ͏ ͏ ͏ ͏ ͏ ͏ ͏ ͏ ͏ ͏ ͏ ͏ ͏ ͏ ͏ ͏ ͏ ͏ ͏ ͏ ͏ ͏ ͏ ͏ ͏ ͏ ͏ ͏ ͏ ͏ ͏ ͏ ͏ ͏ ͏ ͏ ͏ ͏ ͏ ͏ ͏ ͏ ͏ ͏ ͏ ͏ ͏ ͏ ͏ ͏ ͏ ͏ ͏ ͏ ͏ ͏ ͏ ͏ ͏ ͏ ͏ ͏ ͏ ͏ ͏ ͏ ͏ ͏ ͏ ͏ ͏ ͏ ͏ ͏ ͏ ͏ ͏,3
28,Google Play 주문 영수증(2025. 6. 3.) Google Play 감사합니다. Google Play의 (유)네이버웹툰에서 구매하셨습니다. 주문 번호: GPA.3334-9946-5582-90535 주문 날짜: 2025. 6. 3. 오후 10시 59분 27초 GMT-5 상품 가격 쿠키 10개 (네이버 웹툰 - Naver Webtoon) $0.99 세금: $0.00 합계: $0.99 결제 방법: Visa-,3
29,"""whats the point of a SRV record"" r/admincraft: whats the point of a SRV record if i point my ip at a domain then people can play from that domain. if i open the port 25566 and point that with a srv record then people still have to",3
30,Google Play 주문 영수증(2025. 6. 3.) Google Play 감사합니다. Google Play의 (유)네이버웹툰에서 구매하셨습니다. 주문 번호: GPA.3352-1273-2974-57551 주문 날짜: 2025. 6. 3. 오후 5시 49분 29초 GMT-5 상품 가격 쿠키 1개 (네이버 웹툰 - Naver Webtoon) $0.10 세금: $0.00 합계: $0.10 결제 방법: Visa-,3
31,Google Play 주문 영수증(2025. 6. 3.) Google Play 감사합니다. Google Play의 (유)네이버웹툰에서 구매하셨습니다. 주문 번호: GPA.3357-4833-0304-89355 주문 날짜: 2025. 6. 3. 오후 5시 49분 4초 GMT-5 상품 가격 쿠키 1개 (네이버 웹툰 - Naver Webtoon) $0.10 세금: $0.00 합계: $0.10 결제 방법: Visa-8054,3
32,Apply your learning with Indeed + Udemy Because we both believe skills win jobs ͏ ‌ ﻿ ͏ ‌ ﻿ ͏ ‌ ﻿ ͏ ‌ ﻿ ͏ ‌ ﻿ ͏ ‌ ﻿ ͏ ‌ ﻿ ͏ ‌ ﻿ ͏ ‌ ﻿ ͏ ‌ ﻿ ͏ ‌ ﻿ ͏ ‌ ﻿ ͏ ‌ ﻿ ͏ ‌ ﻿ ͏ ‌ ﻿ ͏ ‌ ﻿ ͏ ‌ ﻿ ͏ ‌ ﻿ ͏ ‌ ﻿ ͏ ‌ ﻿ ͏ ‌ ﻿ ͏ ‌ ﻿ ͏ ‌ ﻿ ͏ ‌ ﻿ ͏ ‌ ﻿ ͏ ‌ ﻿ ͏ ‌ ﻿,3
33,Google Play 주문 영수증(2025. 6. 3.) Google Play 감사합니다. Google Play의 (유)네이버웹툰에서 구매하셨습니다. 주문 번호: GPA.3317-7083-7171-73157 주문 날짜: 2025. 6. 3. 오후 5시 19분 35초 GMT-5 상품 가격 쿠키 10개 (네이버 웹툰 - Naver Webtoon) $0.99 세금: $0.00 합계: $0.99 결제 방법: Visa-,3
34,TODAY ONLY! Fresh produce with discounts ending soon🍑 Bursting with juice and sweetness 💖 ͏ ͏ ͏ ͏ ͏ ͏ ͏ ͏ ͏ ͏ ͏ ͏ ͏ ͏ ͏ ͏ ͏ ͏ ͏ ͏ ͏ ͏ ͏ ͏ ͏ ͏ ͏ ͏ ͏ ͏ ͏ ͏ ͏ ͏ ͏ ͏ ͏ ͏ ͏ ͏ ͏ ͏ ͏ ͏ ͏ ͏ ͏ ͏ ͏ ͏ ͏ ͏ ͏ ͏ ͏ ͏ ͏ ͏ ͏ ͏ ͏ ͏ ͏ ͏ ͏ ͏ ͏ ͏ ͏ ͏ ͏ ͏ ͏ ͏ ͏ ͏ ͏ ͏ ͏ ͏ ͏ ͏ ͏,1
35,"~~ Apple Trade-Up Event happening now ~~ It's just you, Best Buy, and a whole lot of deals Plus, a Deal of the Day you don&#39;t want to miss! Andy K. | View Account View: Web BEST BUY Top Deals Outlet TVs Computers Cell Phones Appliances Get the Apple devices you love at a lower price with",1
36,25% off the most popular lab tests Now&#39;s a good time to tune in to your health ‌ ‌ ‌ ‌ ‌ ‌ ‌ ‌ ‌ ‌ ‌ ‌ ‌ ‌ ‌ ‌ ‌ ‌ ‌ ‌ ‌ ‌ ‌ ‌ ‌ ‌ ‌ ‌ ‌ ‌ ‌ ‌ ‌ ‌ ‌ ‌ ‌ ‌ ‌ ‌ ‌ ‌ ‌ ‌ ‌ ‌ ‌ ‌ ‌ ‌ ‌ ‌ ‌ ‌ ‌ ‌ ‌ ‌ ‌ ‌ ‌ ‌ ‌ ‌ ‌ ‌ ‌ ‌ ‌ ‌ ‌ ‌ ‌ ‌ ‌ ‌ ‌,3
37,배달 주문이 만족스러우셨나요? 다음번엔 차량 서비스도 이용해 보세요 Uber One으로 요건을 충족하는 차량 서비스를 이용하고 6%의 Uber One 크레딧도 받으세요. ͏ ͏ ͏ ͏ ͏ ͏ ͏ ͏ ͏ ͏ ͏ ͏ ͏ ͏ ͏ ͏ ͏ ͏ ͏ ͏ ͏ ͏ ͏ ͏ ͏ ͏ ͏ ͏ ͏ ͏ ͏ ͏ ͏ ͏ ͏ ͏ ͏ ͏ ͏ ͏ ͏ ͏ ͏ ͏ ͏ ͏ ͏ ͏ ͏ ͏ ͏ ͏ ͏ ͏ ͏ ͏ ͏ ͏ ͏ ͏ ͏ ͏ ͏ ͏ ͏ ͏ ͏ ͏ ͏ ͏ ͏ ͏,3
38,Concept Luna: Explore our stunning futuristic PC prototype. See how we&#39;re advancing sustainability design today. ﻿͏ ﻿͏ ﻿͏ ﻿͏ ﻿͏ ﻿͏ ﻿͏ ﻿͏ ﻿͏ ﻿͏ ﻿͏ ﻿͏ ﻿͏ ﻿͏ ﻿͏ ﻿͏ ﻿͏ ﻿͏ ﻿͏ ﻿͏ ﻿͏ ﻿͏ ﻿͏ ﻿͏ ﻿͏ ﻿͏ ﻿͏ ﻿͏ ﻿͏ ﻿͏ ﻿͏ ﻿͏ ﻿͏ ﻿͏ ﻿͏ ﻿͏ ﻿͏ ﻿͏ ﻿͏ ﻿͏ ﻿͏ ﻿͏ ﻿͏ ﻿͏ ﻿͏ ﻿͏ ﻿͏ ﻿͏,3
39,"""DNS issues?"" r/admincraft: DNS issues? **[solved, IPv6 and DynDNS ended up being the culprit]** hey everyone - i&#39;m currently running into an issue with my domain name not working for the server i&#39;m hosting,",3
40,"Windows Chrome에서 새로운 Instagram 로그인 발생 8_8dodong님, 새로운 로그인이 감지되었습니다 평소에 사용하지 않는 기기에서 로그인이 감지되었습니다. Windows · Chrome · Lees Summit, MO, United States June 2 at 3:30 PM (PDT) 회원님이 로그인한 것이 맞다면 며칠 동안 특정 보안 및 계정 설정에 액세스할 수 없습니다. 이전에 로그인한 기기에서 이",3
41,"Taiwan & Hong Kong Food Festival 😍 Flavorful night market dim sum bites, snacks &amp; beverages💖 ͏ ͏ ͏ ͏ ͏ ͏ ͏ ͏ ͏ ͏ ͏ ͏ ͏ ͏ ͏ ͏ ͏ ͏ ͏ ͏ ͏ ͏ ͏ ͏ ͏ ͏ ͏ ͏ ͏ ͏ ͏ ͏ ͏ ͏ ͏ ͏ ͏ ͏ ͏ ͏ ͏ ͏ ͏ ͏ ͏ ͏ ͏ ͏ ͏ ͏ ͏ ͏ ͏ ͏ ͏ ͏ ͏ ͏ ͏ ͏ ͏ ͏ ͏ ͏ ͏ ͏ ͏ ͏ ͏ ͏",3
42,"Save up to 50% today on select major appliances Check THIS out: Our Deal of the Day is waiting. Andy K. | View Account View: Web BEST BUY Top Deals Outlet TVs Computers Cell Phones Appliances Save up to 50% on select major appliances. Also, save up",1
43,Bestselling lab tests for 25% off A smart move for your wellness journey ‌ ‌ ‌ ‌ ‌ ‌ ‌ ‌ ‌ ‌ ‌ ‌ ‌ ‌ ‌ ‌ ‌ ‌ ‌ ‌ ‌ ‌ ‌ ‌ ‌ ‌ ‌ ‌ ‌ ‌ ‌ ‌ ‌ ‌ ‌ ‌ ‌ ‌ ‌ ‌ ‌ ‌ ‌ ‌ ‌ ‌ ‌ ‌ ‌ ‌ ‌ ‌ ‌ ‌ ‌ ‌ ‌ ‌ ‌ ‌ ‌ ‌ ‌ ‌ ‌ ‌ ‌ ‌ ‌ ‌ ‌ ‌ ‌ ‌ ‌ ‌ ‌ ‌ ‌ ‌ ‌,3
44,New benefits you won't want to miss ﻿ Unlock new features and discounts to help enhance your creativity and career path. ‌ ‌ ‌ ‌ ‌ ‌ ‌ ‌ ‌ ‌ ‌ ‌ ‌ ‌ ‌ ‌ ‌ ‌ ‌ ‌ ‌ ‌ ‌ ‌ ‌ ‌ ‌ ‌ ‌ ‌ ‌ ‌ ‌ ‌ ‌ ‌ ‌ ‌ ‌ ‌ ‌ ‌ ‌ ‌ ‌ ‌ ‌ ‌ ‌ ‌ ‌ ‌ ‌ ‌ ‌ ‌ ‌ ‌,1
45,늦은 밤 차량 서비스가 필요하신가요? 앱에서 요청하세요 Uber One으로 요건을 충족하는 차량 서비스를 이용하고 6%의 Uber One 크레딧도 받으세요. ͏ ͏ ͏ ͏ ͏ ͏ ͏ ͏ ͏ ͏ ͏ ͏ ͏ ͏ ͏ ͏ ͏ ͏ ͏ ͏ ͏ ͏ ͏ ͏ ͏ ͏ ͏ ͏ ͏ ͏ ͏ ͏ ͏ ͏ ͏ ͏ ͏ ͏ ͏ ͏ ͏ ͏ ͏ ͏ ͏ ͏ ͏ ͏ ͏ ͏ ͏ ͏ ͏ ͏ ͏ ͏ ͏ ͏ ͏ ͏ ͏ ͏ ͏ ͏ ͏ ͏ ͏ ͏ ͏ ͏ ͏ ͏,3
46,"""Goodbye Nest WiFi…it has NOT been fun."" r/GoogleWiFi: Goodbye Nest WiFi…it has NOT been fun. I&#39;ve had a mesh system for years, very good in the beginning. The random slow-downs, unavailability, multiple system restarts every week…. The",3
47,Get an iPad as low as $299 (no joke!) Don&#39;t miss today&#39;s Deal of the Day Andy K. | View Account View: Web BEST BUY Top Deals Outlet TVs Computers Cell Phones Appliances iPad. Select models as low as $299. Shop now iPhone iPad Apple,1
48,"고객님을 위한 추천 상품을 확인해 보세요 이에 더해, Uber One으로 배달비 $0 혜택을 누리세요. ͏ ͏ ͏ ͏ ͏ ͏ ͏ ͏ ͏ ͏ ͏ ͏ ͏ ͏ ͏ ͏ ͏ ͏ ͏ ͏ ͏ ͏ ͏ ͏ ͏ ͏ ͏ ͏ ͏ ͏ ͏ ͏ ͏ ͏ ͏ ͏ ͏ ͏ ͏ ͏ ͏ ͏ ͏ ͏ ͏ ͏ ͏ ͏ ͏ ͏ ͏ ͏ ͏ ͏ ͏ ͏ ͏ ͏ ͏ ͏ ͏ ͏ ͏ ͏ ͏ ͏ ͏ ͏ ͏ ͏ ͏ ͏ ͏ ͏ ͏ ͏ ͏ ͏ ͏ ͏ ͏ ͏ ͏",1
49,"We're offering select 55"" class or larger TVs as low as $229.99... Expect nothing less than AMAZING picture quality! Plus, check out this Deal of the Day! Andy K. | View Account View: Web BEST BUY Top Deals Outlet TVs Computers Cell Phones Appliances Explore 55 Shop now Deal of the Day Shop now Today&#39;s top",1
50,New items alert! NEW! All the trending items in one place❤️‍🔥 Get exciting items before they&#39;re gone🤫✨ ͏ ͏ ͏ ͏ ͏ ͏ ͏ ͏ ͏ ͏ ͏ ͏ ͏ ͏ ͏ ͏ ͏ ͏ ͏ ͏ ͏ ͏ ͏ ͏ ͏ ͏ ͏ ͏ ͏ ͏ ͏ ͏ ͏ ͏ ͏ ͏ ͏ ͏ ͏ ͏ ͏ ͏ ͏ ͏ ͏ ͏ ͏ ͏ ͏ ͏ ͏ ͏ ͏ ͏ ͏ ͏ ͏ ͏ ͏ ͏ ͏ ͏ ͏ ͏ ͏ ͏ ͏ ͏ ͏ ͏ ͏ ͏ ͏ ͏ ͏ ͏ ͏ ͏,3
51,"[Action Advised] Protect your applications and enhance your security OAuth clients inactive for 6 months will be automatically deleted starting June 2025. Hello Google Auth Platform Developer, We&#39;re writing to inform you about an upcoming change that may affect your",5
52,"""Issue with joins"" r/playit_gg: Issue with joins ![img](esmdf4p7ex3f1) got this error from a friend when he tried to join (java 1.21.4). Hes on the right version. Hes tried the domain IP address and the numerical one as",3
53,"(광고)🚨오늘 종료되는 무료강의 확인해보세요👀 40% 추가혜택까지 ─ 오늘밤 12시 종료! 나의 성장을 돕는 IT 실무지식 플랫폼 &quot;모두가 평등하게 성장할 수 있도록&quot; 딱 오늘까지만! 기초는 무료, 실전은 40% 할인가로 #파이썬, #프론트엔드 시리즈를 만나보세요. ✦ 5월의 무료 강의 ✦ 프론트엔드 개발 시 꼭 해봐야 하는 실무 예제 Part.1 49500원 → 100% 46200원",1
54,가까운 레스토랑 중에서 골라보세요 가까운 레스토랑에서 주문해 보세요. ͏ ͏ ͏ ͏ ͏ ͏ ͏ ͏ ͏ ͏ ͏ ͏ ͏ ͏ ͏ ͏ ͏ ͏ ͏ ͏ ͏ ͏ ͏ ͏ ͏ ͏ ͏ ͏ ͏ ͏ ͏ ͏ ͏ ͏ ͏ ͏ ͏ ͏ ͏ ͏ ͏ ͏ ͏ ͏ ͏ ͏ ͏ ͏ ͏ ͏ ͏ ͏ ͏ ͏ ͏ ͏ ͏ ͏ ͏ ͏ ͏ ͏ ͏ ͏ ͏ ͏ ͏ ͏ ͏ ͏ ͏ ͏ ͏ ͏ ͏ ͏ ͏ ͏ ͏ ͏ ͏ ͏ ͏ ͏ ͏ ͏ ͏ ͏ ͏ ͏ ͏,3
55,"⏰ Kang, time to upgrade to the new Galaxy S25 Edge + save up to $630 with eligible trade-in Don&#39;t miss Doechii&#39;s must-see performance TONIGHT at Live on the Edge. Don&#39;t miss Doechii&#39;s must-see performance TONIGHT at Live on the Edge. Samsung Display images to show real-time",5
56,Taste the summer with sweet discounts🌴✨ Deals too good to miss! Everything up to 50% off❤️‍🔥 ͏ ͏ ͏ ͏ ͏ ͏ ͏ ͏ ͏ ͏ ͏ ͏ ͏ ͏ ͏ ͏ ͏ ͏ ͏ ͏ ͏ ͏ ͏ ͏ ͏ ͏ ͏ ͏ ͏ ͏ ͏ ͏ ͏ ͏ ͏ ͏ ͏ ͏ ͏ ͏ ͏ ͏ ͏ ͏ ͏ ͏ ͏ ͏ ͏ ͏ ͏ ͏ ͏ ͏ ͏ ͏ ͏ ͏ ͏ ͏ ͏ ͏ ͏ ͏ ͏ ͏ ͏ ͏ ͏ ͏ ͏ ͏ ͏ ͏,1
57,"Amazing DEALS are here Plus, check out our Deal of the Day! Andy K. | View Account View: Web BEST BUY Top Deals Outlet TVs Computers Cell Phones Appliances Super tech for super dads. Father&#39;s Day is June 15. Shop now",1
58,"차량 서비스 2건에서 최대 30% 혜택을 받으며 이동하세요 혜택을 아직 이용하실 수 있어요, Uber 앱으로 첫 차량 서비스를 저렴하게 이용하세요. Uber One으로 요건을 충족하는 차량 서비스를 이용하고 6%의 Uber One 크레딧도 받으세요. ͏ ͏ ͏ ͏ ͏ ͏ ͏ ͏ ͏ ͏ ͏ ͏ ͏ ͏ ͏ ͏ ͏ ͏ ͏ ͏ ͏ ͏ ͏ ͏ ͏ ͏ ͏ ͏ ͏ ͏ ͏ ͏ ͏ ͏ ͏ ͏ ͏ ͏ ͏ ͏ ͏ ͏ ͏ ͏ ͏ ͏ ͏",1
60,"Are you exploring transfer options? Apply by July 1 to Syracuse University Syracuse University Admissions email logo Hi Andy, I hope this message finds you well and that you had a rewarding spring semester. Given your previous interest",3
61,"[안내] 증권플러스 비상장 물적분할에 따른 약관 승계 및 개인정보 이전 안내 UstockPlus &gt; 본 이메일은 전체 회원님을 대상으로 발송된 이메일입니다. 안녕하세요 회원님. 증권플러스 비상장입니다. 두나무 주식회사는 2025.07.01.부로 증권플러스 비상장 사업 전체를 증권플러스비상장 주식회사(가칭)으로 이전할 예정입니다. (단, 금융당국의 혁신금융서비스 지정변경 승인 여하에 따라 일정이 연기될 수 있습니다.) 이는 보다",4
62,"""Kids complaining about lag"" r/GoogleWiFi: Kids complaining about lag Hey folks! My wife and I work from home. We use AT&amp;T fiber, our home is ~4100 sq ft, and we have 4 unitGoogle Mesh system. My teenage sons routinely",3
63,"[Yostar] 인증코드 262292 안녕하세요， 아래의 인증코드를 정확하게 입력하여 주십시오. 262292 코드 유효기간은 30분이며, 유효기간 내에 1회만 사용 가능합니다. 본 메일은 발신전용 입니다. 서비스 관련으로 궁금하신 사항은 고객센터로 문의하여 주시기 바랍니다. ©Yostar,Inc.All rights reserved.",3
65,"(광고) 🔥딱 3일만, 50% 할인 중! 유튜브 클론 개발 (Next.js 15) 👏 38만 명이 인정한 클론코딩 강의를 가장 먼저 만나보세요 나의 성장을 돕는 IT 실무지식 플랫폼 50% 할인 중! 어떤 강의인지 궁금하다면? → 우리는 성장기회의 평등을 추구합니다. ©인프랩 | 경기도 성남시 분당구 판교로289번길 20, 3동 5F ©InfLab. All rights reserved. 구독취소 Twitter Twitter YouTube",1
66,Check out what’s new in gaming at Best Buy. Score the new Lenovo Legion Go S powered by SteamOS and more. Andy K. | View Account View: Web BEST BUY Top Deals Outlet TVs Computers Cell Phones Appliances Lenovo Legion Go S powered by SteamOS is,1
67,"Explore these updated Photoshop features today ﻿ Find the right colors, edits, and selections more quickly with improved workflows. ‌ ‌ ‌ ‌ ‌ ‌ ‌ ‌ ‌ ‌ ‌ ‌ ‌ ‌ ‌ ‌ ‌ ‌ ‌ ‌ ‌ ‌ ‌ ‌ ‌ ‌ ‌ ‌ ‌ ‌ ‌ ‌ ‌ ‌ ‌ ‌ ‌ ‌ ‌ ‌ ‌ ‌ ‌ ‌ ‌ ‌ ‌ ‌ ‌ ‌ ‌ ‌ ‌ ‌ ‌ ‌ ‌ ‌",3
68,Discover decades of Disney memories. See how your family can stay in the heart of the magic. VIEW in your browser Disney Disney Vacation Club Decades of memories. Mickey happily poses while wearing a floral shirt and lei. KEEP THE MAGIC,3
69,지역 인기 매장의 특가 상품을 확인해 보세요 Uber Eats의 특가 혜택으로 더욱 스마트하게 쇼핑하세요. ͏ ͏ ͏ ͏ ͏ ͏ ͏ ͏ ͏ ͏ ͏ ͏ ͏ ͏ ͏ ͏ ͏ ͏ ͏ ͏ ͏ ͏ ͏ ͏ ͏ ͏ ͏ ͏ ͏ ͏ ͏ ͏ ͏ ͏ ͏ ͏ ͏ ͏ ͏ ͏ ͏ ͏ ͏ ͏ ͏ ͏ ͏ ͏ ͏ ͏ ͏ ͏ ͏ ͏ ͏ ͏ ͏ ͏ ͏ ͏ ͏ ͏ ͏ ͏ ͏ ͏ ͏ ͏ ͏ ͏ ͏ ͏ ͏ ͏ ͏ ͏ ͏ ͏ ͏ ͏ ͏ ͏ ͏,1
70,"Last call! Maximize your savings now❤️‍🔥 Rice dumplings for the Dragon Boat Festival, essentials, and more tasty bites🐉 ͏ ͏ ͏ ͏ ͏ ͏ ͏ ͏ ͏ ͏ ͏ ͏ ͏ ͏ ͏ ͏ ͏ ͏ ͏ ͏ ͏ ͏ ͏ ͏ ͏ ͏ ͏ ͏ ͏ ͏ ͏ ͏ ͏ ͏ ͏ ͏ ͏ ͏ ͏ ͏ ͏ ͏ ͏ ͏ ͏ ͏ ͏ ͏ ͏ ͏ ͏ ͏ ͏ ͏ ͏ ͏ ͏ ͏ ͏ ͏ ͏",3
71,"⏰ Kang, last chance to get the newest (and slimmest) Galaxy S Series phone yet Pre-order Galaxy S25 Edge today and get up to $750+ in total savings. Pre-order Galaxy S25 Edge today and get up to $750+ in total savings. Samsung Display images to show real-time content Display",3
72,Save big on select Windows 11 devices Don&#39;t forget to check out today&#39;s Deal of the Day Andy K. | View Account View: Web BEST BUY Top Deals Outlet TVs Computers Cell Phones Appliances Save up to $500 on select Windows devices.,1
73,이 매장을 마음속에 저장하세요 추천 레스토랑을 이용해 보세요. ͏ ͏ ͏ ͏ ͏ ͏ ͏ ͏ ͏ ͏ ͏ ͏ ͏ ͏ ͏ ͏ ͏ ͏ ͏ ͏ ͏ ͏ ͏ ͏ ͏ ͏ ͏ ͏ ͏ ͏ ͏ ͏ ͏ ͏ ͏ ͏ ͏ ͏ ͏ ͏ ͏ ͏ ͏ ͏ ͏ ͏ ͏ ͏ ͏ ͏ ͏ ͏ ͏ ͏ ͏ ͏ ͏ ͏ ͏ ͏ ͏ ͏ ͏ ͏ ͏ ͏ ͏ ͏ ͏ ͏ ͏ ͏ ͏ ͏ ͏ ͏ ͏ ͏ ͏ ͏ ͏ ͏ ͏ ͏ ͏ ͏ ͏ ͏ ͏ ͏ ͏ ͏,3
74,"""Application error"" r/playit_gg: Application error I am trying to make a account but when I klik on make account it says application error dos anyone know why it is doing that? ͏‌ ͏‌ ͏‌ ͏‌ ͏‌ ͏‌ ͏‌ ͏‌ ͏‌ ͏‌ ͏‌ ͏‌ ͏‌ ͏‌ ͏‌",3
75,AI open source projects AI project Deep live cam https://github.com/hacksider/Deep-Live-Cam Make real https://github.com/tldraw/make-real AI Dia Hugging face https://github.com/nari-labs/dia Hugging face https://github.com/,3
77,Last few hours! Don't miss out🌈🍒 Fresh produce at unbeatable prices✨ ͏ ͏ ͏ ͏ ͏ ͏ ͏ ͏ ͏ ͏ ͏ ͏ ͏ ͏ ͏ ͏ ͏ ͏ ͏ ͏ ͏ ͏ ͏ ͏ ͏ ͏ ͏ ͏ ͏ ͏ ͏ ͏ ͏ ͏ ͏ ͏ ͏ ͏ ͏ ͏ ͏ ͏ ͏ ͏ ͏ ͏ ͏ ͏ ͏ ͏ ͏ ͏ ͏ ͏ ͏ ͏ ͏ ͏ ͏ ͏ ͏ ͏ ͏ ͏ ͏ ͏ ͏ ͏ ͏ ͏ ͏ ͏ ͏ ͏ ͏ ͏ ͏ ͏ ͏ ͏ ͏ ͏ ͏,3
78,"Save up to $150 on select Beats headphones Plus, discover other Apple deals inside. Andy K. | View Account View: Web BEST BUY Top Deals Outlet TVs Computers Cell Phones Appliances Save up to $150 on select Beats headphones. Shop now MacBook Pro",1
79,"Sun, sand, and 25% savings 🏖️ Get health insights now and feel more chill this summer View in browser Quest logo The best summer body is a healthy one Apple displaying a healthy heartbeat Get up to 25% off* at questhealth.com Shop",3
80,Uber 앱을 이용한 다음번 차량 서비스 2건에서 최대 30%의 혜택을 받으세요 외출하시나요? 저희가 도와드리겠습니다. Uber One으로 요건을 충족하는 차량 서비스를 이용하고 6%의 Uber One 크레딧도 받으세요. ͏ ͏ ͏ ͏ ͏ ͏ ͏ ͏ ͏ ͏ ͏ ͏ ͏ ͏ ͏ ͏ ͏ ͏ ͏ ͏ ͏ ͏ ͏ ͏ ͏ ͏ ͏ ͏ ͏ ͏ ͏ ͏ ͏ ͏ ͏ ͏ ͏ ͏ ͏ ͏ ͏ ͏ ͏ ͏ ͏ ͏ ͏ ͏ ͏ ͏ ͏ ͏ ͏ ͏ ͏ ͏ ͏ ͏ ͏ ͏ ͏,1
81,Update today for advanced selections and more ﻿ Quickly select tricky details with the latest version of Photoshop. ‌ ‌ ‌ ‌ ‌ ‌ ‌ ‌ ‌ ‌ ‌ ‌ ‌ ‌ ‌ ‌ ‌ ‌ ‌ ‌ ‌ ‌ ‌ ‌ ‌ ‌ ‌ ‌ ‌ ‌ ‌ ‌ ‌ ‌ ‌ ‌ ‌ ‌ ‌ ‌ ‌ ‌ ‌ ‌ ‌ ‌ ‌ ‌ ‌ ‌ ‌ ‌ Get the newest update.,3
83,Great tech refresh ideas inside. Shop the Dell 14 Plus AI PC! ﻿͏ ﻿͏ ﻿͏ ﻿͏ ﻿͏ ﻿͏ ﻿͏ ﻿͏ ﻿͏ ﻿͏ ﻿͏ ﻿͏ ﻿͏ ﻿͏ ﻿͏ ﻿͏ ﻿͏ ﻿͏ ﻿͏ ﻿͏ ﻿͏ ﻿͏ ﻿͏ ﻿͏ ﻿͏ ﻿͏ ﻿͏ ﻿͏ ﻿͏ ﻿͏ ﻿͏ ﻿͏ ﻿͏ ﻿͏ ﻿͏ ﻿͏ ﻿͏ ﻿͏ ﻿͏ ﻿͏ ﻿͏ ﻿͏ ﻿͏ ﻿͏ ﻿͏ ﻿͏ ﻿͏ ﻿͏ ﻿͏ ﻿͏ ﻿͏ ﻿͏ ﻿͏ ﻿͏ ﻿͏ ﻿͏ ﻿͏ ﻿,3
85,"The schedule for your trip to Seoul has changed United Airlines The schedule for your trip to Seoul has changed If this new schedule and seat assignment work with your travel plans, you&#39;re all set – there&#39;s nothing else you need to do. If",4
86,"""Need help with server"" r/playit_gg: Need help with server Hello, I have been using player.GG for a couple months now so I can run small Minecraft surfers. I am now using it to run a bigger Minecraft server with more people",3
87,Time’s running out: Upgrade and get $70 in Quest cash Get $70 back now. Exclusive offer ends May 29. ‌ ‌ ‌ ‌ ‌ ‌ ‌ ‌ ‌ ‌ ‌ ‌ ‌ ‌ ‌ ‌ ‌ ‌ ‌ ‌ ‌ ‌ ‌ ‌ ‌ ‌ ‌ ‌ ‌ ‌ ‌ ‌ ‌ ‌ ‌ ‌ ‌ ‌ ‌ ‌ ‌ ‌ ‌ ‌ ‌ ‌ ‌ ‌ ‌ ‌ ‌ ‌ ‌ ‌ ‌ ‌ ‌ ‌ ‌ ‌ ‌ ‌ ‌ ‌ ‌ ‌ ‌ ‌ ‌ ‌ ‌ ‌ ‌ ‌ ‌ ‌ ‌,1
88,"Hurry, these Memorial Day Sale deals are almost gone! PS, Have you shopped our Deal of the Day? Andy K. | View Account View: Web BEST BUY Top Deals Outlet TVs Computers Cell Phones Appliances Memorial Day Sale. Hurry, the deals end today. Ends today. Shop",1
89,Did you take a writing break? Pick up where you left off to keep earning writing badges. ‌ ‌ ‌ ‌ ‌ ‌ ‌ ‌ ‌ ‌ ‌ ‌ ‌ ‌ ‌ ‌ ‌ ‌ ‌ ‌ ‌ ‌ ‌ ‌ ‌ ‌ ‌ ‌ ‌ ‌ ‌ ‌ ‌ ‌ ‌ ‌ ‌ ‌ ‌ ‌ ‌ ‌ ‌ ‌ ‌ ‌ ‌ ‌ ‌ ‌ ‌ ‌ ‌ ‌ ‌ ‌ ‌ ‌ ‌ ‌ ‌ ‌ ‌ ‌ ‌ ‌ ‌ ‌ ‌ ‌ ‌,3
90,LAST DAY! Coupon expiring soon⏰ Get $8 off newly arrived items &amp; more❤️‍🔥 ͏ ͏ ͏ ͏ ͏ ͏ ͏ ͏ ͏ ͏ ͏ ͏ ͏ ͏ ͏ ͏ ͏ ͏ ͏ ͏ ͏ ͏ ͏ ͏ ͏ ͏ ͏ ͏ ͏ ͏ ͏ ͏ ͏ ͏ ͏ ͏ ͏ ͏ ͏ ͏ ͏ ͏ ͏ ͏ ͏ ͏ ͏ ͏ ͏ ͏ ͏ ͏ ͏ ͏ ͏ ͏ ͏ ͏ ͏ ͏ ͏ ͏ ͏ ͏ ͏ ͏ ͏ ͏ ͏ ͏ ͏ ͏ ͏ ͏ ͏ ͏ ͏ ͏,3
91,"New iOS & Android App: Track Emails by Default on the Go Dear mo, Tracking emails on the go used to be difficult, that&#39;s why we built the Mailsuite native app, here&#39;s what it offers: ✅ All emails tracked by default, no extra steps ✅ Full-featured",3
92,"Thanks for your report to YouTube Hello mo Cho, Thank you for your video report on May 25, 2025. We&#39;ll take a careful look at this content. What happens next After our review, we may: Remove the content, if it violates our",2
93,"""Unable to have others connect to server"" r/playit_gg: Unable to have others connect to server Hey, so I currently have a minecraft server that I have been running for a bit. I recently switched both agents and tunnels, and now only I can",3
95,📢 똑똑! 이번주 특가 도착🔔 최대 50% 놓치면 손해! 알뜰살뜰 득템 찬스🛒 ͏ ͏ ͏ ͏ ͏ ͏ ͏ ͏ ͏ ͏ ͏ ͏ ͏ ͏ ͏ ͏ ͏ ͏ ͏ ͏ ͏ ͏ ͏ ͏ ͏ ͏ ͏ ͏ ͏ ͏ ͏ ͏ ͏ ͏ ͏ ͏ ͏ ͏ ͏ ͏ ͏ ͏ ͏ ͏ ͏ ͏ ͏ ͏ ͏ ͏ ͏ ͏ ͏ ͏ ͏ ͏ ͏ ͏ ͏ ͏ ͏ ͏ ͏ ͏ ͏ ͏ ͏ ͏ ͏ ͏ ͏ ͏ ͏ ͏ ͏ ͏ ͏ ͏ ͏ ͏ ͏ ͏ ͏ ͏ ͏ ͏ ͏ ͏ ͏ ͏ ͏,1
96,"There are so many incredible deals on select appliances inside! Check THIS out: Our Deal of the Day is waiting. Andy K. | View Account View: Web BEST BUY Top Deals Outlet TVs Computers Cell Phones Appliances Save up to 50% on select major appliances. Also, save up",1
97,"""Goodbye r/leetcode"" r/leetcode: Goodbye r/leetcode First of all, I would thank this community from the bottom of my heart. I received amazing guidance from the preparation suggestions and their experiences which led to a",3
98,🥢 집에서 간편하게! 스프링롤 완성✨ 건강한 재료만 쏙쏙! 지금 만나보세요 🥬 ͏ ͏ ͏ ͏ ͏ ͏ ͏ ͏ ͏ ͏ ͏ ͏ ͏ ͏ ͏ ͏ ͏ ͏ ͏ ͏ ͏ ͏ ͏ ͏ ͏ ͏ ͏ ͏ ͏ ͏ ͏ ͏ ͏ ͏ ͏ ͏ ͏ ͏ ͏ ͏ ͏ ͏ ͏ ͏ ͏ ͏ ͏ ͏ ͏ ͏ ͏ ͏ ͏ ͏ ͏ ͏ ͏ ͏ ͏ ͏ ͏ ͏ ͏ ͏ ͏ ͏ ͏ ͏ ͏ ͏ ͏ ͏ ͏ ͏ ͏ ͏ ͏ ͏ ͏ ͏ ͏ ͏ ͏ ͏ ͏ ͏ ͏ ͏ ͏,3
99,"$38 off the DXC Limited Combo with Global+🌏🌈 😎24% off CBP UV Cream🥛 41% off Damtuh Powder 🐔Chicken essence, snack mystery box &amp; more great deals! ͏ ͏ ͏ ͏ ͏ ͏ ͏ ͏ ͏ ͏ ͏ ͏ ͏ ͏ ͏ ͏ ͏ ͏ ͏ ͏ ͏ ͏ ͏ ͏ ͏ ͏ ͏ ͏ ͏ ͏ ͏ ͏ ͏ ͏ ͏ ͏ ͏ ͏ ͏ ͏ ͏ ͏ ͏ ͏ ͏ ͏ ͏ ͏",1
100,"쫄깃한 찰떡국떡, 지금 무료로 드려요 🎉 풀무원 사고, 찰떡국떡은 덤~✨ ͏ ͏ ͏ ͏ ͏ ͏ ͏ ͏ ͏ ͏ ͏ ͏ ͏ ͏ ͏ ͏ ͏ ͏ ͏ ͏ ͏ ͏ ͏ ͏ ͏ ͏ ͏ ͏ ͏ ͏ ͏ ͏ ͏ ͏ ͏ ͏ ͏ ͏ ͏ ͏ ͏ ͏ ͏ ͏ ͏ ͏ ͏ ͏ ͏ ͏ ͏ ͏ ͏ ͏ ͏ ͏ ͏ ͏ ͏ ͏ ͏ ͏ ͏ ͏ ͏ ͏ ͏ ͏ ͏ ͏ ͏ ͏ ͏ ͏ ͏ ͏ ͏ ͏ ͏ ͏ ͏ ͏ ͏ ͏ ͏ ͏ ͏ ͏ ͏ ͏ ͏ ͏",3
101,"💲 These deals have your name on them - save some serious cash in the Memorial Day SALE Plus, check out this Deal of the Day! Andy K. | View Account View: Web BEST BUY Top Deals Outlet TVs Computers Cell Phones Appliances Also, shop new deals daily with Deal of the Day Shop now TVs and",1
102,"""Playit.gg program wont launch/ start"" r/playit_gg: Playit.gg program wont launch/ start everytime i try to load up the program on my pc it gives me this error code Got Error MSG: Failed to setup tunnel client Error:",3
103,"Your action is needed to keep getting Best Buy offers. Don&#39;t miss out on the latest products, offers and more. Andy K. | View Account View: Web BEST BUY Top Deals Outlet TVs Computers Cell Phones Appliances Savings mode. On. Shop now Deal of the Day",1
104,"Steam 구매를 해주셔서 감사합니다! Steam 안녕하세요, skk750 님. 최근 Steam에서 게임을 구매해 주셔서 감사합니다. 아래 항목이 Steam 라이브러리에 추가되었습니다. Steam이 처음이시라면 여기서 Steam 앱을 무료로 다운로드할 수 있습니다. 내 Steam 포인트 Steam 포인트를 획득했습니다 포인트 상점 방문하기 1519 Garden of Witches $15.19 계정",3
105,🔥[최대 50%] 새롭게 시작하는 Crazy8 핫딜 📬 메모리얼데이 $8 쿠폰으로 알뜰 장보기 🛒✨ ͏ ͏ ͏ ͏ ͏ ͏ ͏ ͏ ͏ ͏ ͏ ͏ ͏ ͏ ͏ ͏ ͏ ͏ ͏ ͏ ͏ ͏ ͏ ͏ ͏ ͏ ͏ ͏ ͏ ͏ ͏ ͏ ͏ ͏ ͏ ͏ ͏ ͏ ͏ ͏ ͏ ͏ ͏ ͏ ͏ ͏ ͏ ͏ ͏ ͏ ͏ ͏ ͏ ͏ ͏ ͏ ͏ ͏ ͏ ͏ ͏ ͏ ͏ ͏ ͏ ͏ ͏ ͏ ͏ ͏ ͏ ͏ ͏ ͏ ͏ ͏ ͏ ͏ ͏ ͏ ͏ ͏ ͏ ͏ ͏ ͏ ͏,3
106,특별 혜택이 있는 레스토랑을 찾았습니다 기간 한정 혜택을 놓치지 마세요. ͏ ͏ ͏ ͏ ͏ ͏ ͏ ͏ ͏ ͏ ͏ ͏ ͏ ͏ ͏ ͏ ͏ ͏ ͏ ͏ ͏ ͏ ͏ ͏ ͏ ͏ ͏ ͏ ͏ ͏ ͏ ͏ ͏ ͏ ͏ ͏ ͏ ͏ ͏ ͏ ͏ ͏ ͏ ͏ ͏ ͏ ͏ ͏ ͏ ͏ ͏ ͏ ͏ ͏ ͏ ͏ ͏ ͏ ͏ ͏ ͏ ͏ ͏ ͏ ͏ ͏ ͏ ͏ ͏ ͏ ͏ ͏ ͏ ͏ ͏ ͏ ͏ ͏ ͏ ͏ ͏ ͏ ͏ ͏ ͏ ͏ ͏ ͏ ͏ ͏ ͏,1
107,"Check out the Memorial Day SALE... It's just you, Best Buy, and a whole lot of offers. Don&#39;t miss today&#39;s Deal of the Day. Andy K. | View Account View: Web BEST BUY Top Deals Outlet TVs Computers Cell Phones Appliances Memorial Day Sale. Save big on major appliances, laptops, TVs",1
108,"Soak up the sun with 1 free month of Premium Lay back, lather on the SPF and let AI DJ do the rest. Good weather goes great with Premium for $0 Work on your tan, not your playlist. With Premium, you can set the backyard vibes to autopilot with AI",3
109,"Have you heard? Semiconductor Engineering at S&T! Be a trailblazer Missouri S&amp;T SemiConductor Engineering SemiConductor Engineering Hey Andy, Are you ready to be a trailblazer in one of the most exciting and rapidly growing fields in technology?",3
110,중요: 개인정보 보호를 위해 연령 인증을 진행해 주세요 ͏‌ ͏‌ ͏‌ ͏‌ ͏‌ ͏‌ ͏‌ ͏‌ ͏‌ ͏‌ ͏‌ ͏‌ ͏‌ ͏‌ ͏‌ ͏‌ ͏‌ ͏‌ ͏‌ ͏‌ ͏‌ ͏‌ ͏‌ ͏‌ ͏‌ ͏‌ ͏‌ ͏‌ ͏‌ ͏‌ ͏‌ ͏‌ ͏‌ ͏‌ ͏‌ ͏‌ ͏‌ ͏‌ ͏‌ ͏‌ ͏‌ ͏‌ ͏‌ ͏‌ ͏‌ ͏‌ ͏‌ ͏‌ ͏‌ ͏‌ ͏‌ ͏‌ ͏‌ ͏‌ ͏‌ ͏‌ ͏‌ ͏‌ ͏‌ ͏‌ ͏‌ ͏‌ ͏‌ ͏‌ ͏‌ ͏‌ ͏‌,3
111,마녀의 정원은(는) 이제 Steam의 앞서 해보기에서 이용 가능합니다! Steam Steam 찜 목록에 있는 게임이 Steam 앞서 해보기로 출시되었습니다! 마녀의 정원 마녀의 정원 -20% $18.99 $15.19 출시 기념 할인! 종료일: 2025년 6월 6일 10:00am PDT &#39;마녀의 정원&#39; 은 아기자기하고 위험 넘치는 로그라이크 액션 게임입니다. 제멋대로인 마녀들 때문에 갖은 고생을 하는 주인공,3
112,"""Someone once asked me if there’s sex after d..."" r/Jokes: Someone once asked me if there&#39;s sex after death I replied “well that depends on the coroner” ͏‌ ͏‌ ͏‌ ͏‌ ͏‌ ͏‌ ͏‌ ͏‌ ͏‌ ͏‌ ͏‌ ͏‌ ͏‌ ͏‌ ͏‌ ͏‌ ͏‌ ͏‌ ͏‌ ͏‌ ͏‌ ͏‌ ͏‌ ͏‌ ͏‌ ͏‌ ͏‌ ͏‌ ͏‌ ͏‌ ͏‌",3
113,"Sea of Thieves is Live on Battle.net, Adventurer! Sail alone or with friends to explore the waves at your leisure on Safer Seas, or opt to journey in the shared world of High Seas for the complete experience. Sea of Thieves is now live on Battle.net",3
115,"[📬 $8 쿠폰 도착!] ⏰ 오늘 자정 Crazy 8 종료! 다신 못 볼 이 가격, 지금 쿠폰으로 알뜰 장보기! ͏ ͏ ͏ ͏ ͏ ͏ ͏ ͏ ͏ ͏ ͏ ͏ ͏ ͏ ͏ ͏ ͏ ͏ ͏ ͏ ͏ ͏ ͏ ͏ ͏ ͏ ͏ ͏ ͏ ͏ ͏ ͏ ͏ ͏ ͏ ͏ ͏ ͏ ͏ ͏ ͏ ͏ ͏ ͏ ͏ ͏ ͏ ͏ ͏ ͏ ͏ ͏ ͏ ͏ ͏ ͏ ͏ ͏ ͏ ͏ ͏ ͏ ͏ ͏ ͏ ͏ ͏ ͏ ͏ ͏ ͏ ͏ ͏ ͏ ͏ ͏ ͏ ͏ ͏ ͏ ͏ ͏ ͏ ͏ ͏ ͏",3
116,"Trello just got better ✨ Inbox and Planner – yours to try now New features, big difference Inbox and Planner are ready to power your day. Don&#39;t miss this Trello just got better ✨ Hi Mo Cho, We&#39;re excited to introduce",3
117,Summer awaits. Get 25% off lab tests. Know where your health stands this season View in browser Quest logo Summertime and the health insights are easy Summer sun radiating Up to 25% off Get up to 25% off* at questhealth.com Shop sale Quest,1
118,"Build what’s next at the AI Engineer World's Fair Hackathon! Apply now Hello mo, We&#39;re thrilled to invite you to register for the AI Engineer World&#39;s Fair Hackathon in San Francisco from May 31 to June 1, 2025. This is your opportunity to create the next",4
119,"Ditch the public feed. Pay friends privately. Set up now and send cash in seconds. Apple Cash Open in Apple Wallet. Apple Wallet No public feed. No drama. Apple Cash is a more private way to send and receive money, right in Messages or with Tap to",3
120,🔥주방 필수템 끝판왕!🔥 스텐밧드 역대 최저가! 🛒 최대 55% 할인✨ 지금이 기회! ͏ ͏ ͏ ͏ ͏ ͏ ͏ ͏ ͏ ͏ ͏ ͏ ͏ ͏ ͏ ͏ ͏ ͏ ͏ ͏ ͏ ͏ ͏ ͏ ͏ ͏ ͏ ͏ ͏ ͏ ͏ ͏ ͏ ͏ ͏ ͏ ͏ ͏ ͏ ͏ ͏ ͏ ͏ ͏ ͏ ͏ ͏ ͏ ͏ ͏ ͏ ͏ ͏ ͏ ͏ ͏ ͏ ͏ ͏ ͏ ͏ ͏ ͏ ͏ ͏ ͏ ͏ ͏ ͏ ͏ ͏ ͏ ͏ ͏ ͏ ͏ ͏ ͏ ͏ ͏ ͏ ͏ ͏ ͏ ͏ ͏ ͏ ͏ ͏ ͏ ͏,3
121,The savings you've been waiting for. Save on these limited time deals! ﻿͏ ﻿͏ ﻿͏ ﻿͏ ﻿͏ ﻿͏ ﻿͏ ﻿͏ ﻿͏ ﻿͏ ﻿͏ ﻿͏ ﻿͏ ﻿͏ ﻿͏ ﻿͏ ﻿͏ ﻿͏ ﻿͏ ﻿͏ ﻿͏ ﻿͏ ﻿͏ ﻿͏ ﻿͏ ﻿͏ ﻿͏ ﻿͏ ﻿͏ ﻿͏ ﻿͏ ﻿͏ ﻿͏ ﻿͏ ﻿͏ ﻿͏ ﻿͏ ﻿͏ ﻿͏ ﻿͏ ﻿͏ ﻿͏ ﻿͏ ﻿͏ ﻿͏ ﻿͏ ﻿͏ ﻿͏ ﻿͏ ﻿͏ ﻿͏ ﻿͏ ﻿͏ ﻿͏ ﻿͏ ﻿͏,1
122,"Take a look! Come to Best Buy for amazing prices on major appliances. Andy K. | View Account View: Web BEST BUY Top Deals Outlet TVs Computers Cell Phones Appliances Memorial Day Sale. Save big on major appliances, laptops, TVs and more. Ends 5/26. Shop now. Reference",1
123,"내 세계관 New activity in the following document 내 세계관 12 comments 어릴 적부터 리엘은 자신만의 패와 마법석을 이용해 마법을 사용한다. heedo Youn • 1:35 AM, May 22 (CDT) New 5번 질문이 뭔지 모르겠음, 원래? 이게 뭔 얘기지 (걍 머리가 안 돌아가는 걸 수도) ReplyOpen 이 마을에서",3
124,Memorial Day Sale: Save big on major appliances and more Don&#39;t forget to check out today&#39;s Deal of the Day Andy K. | View Account View: Web BEST BUY Top Deals Outlet TVs Computers Cell Phones Appliances Memorial Day Sale. Save big on major appliances,1
125,"Andy, the creativity on Behance will amaze you Victor Zurbaran, INFRA NEIGHBORHOOD, and more trending Photoshop projects on Behance. ‌ ‌ ‌ ‌ ‌ ‌ ‌ ‌ ‌ ‌ ‌ ‌ ‌ ‌ ‌ ‌ ‌ ‌ ‌ ‌ ‌ ‌ ‌ ‌ ‌ ‌ ‌ ‌ ‌ ‌ ‌ ‌ ‌ ‌ ‌ ‌ ‌ ‌ ‌ ‌ ‌ ‌ ‌ ‌ ‌ ‌ ‌ ‌ ‌ ‌ ‌ ‌ Get",3
127,"💰[리워드데이 5%적립] 메모리얼데이 BBQ, Weee!면 충분해요🔥 고기 먹고 냉면으로 마무리 어때요? ͏ ͏ ͏ ͏ ͏ ͏ ͏ ͏ ͏ ͏ ͏ ͏ ͏ ͏ ͏ ͏ ͏ ͏ ͏ ͏ ͏ ͏ ͏ ͏ ͏ ͏ ͏ ͏ ͏ ͏ ͏ ͏ ͏ ͏ ͏ ͏ ͏ ͏ ͏ ͏ ͏ ͏ ͏ ͏ ͏ ͏ ͏ ͏ ͏ ͏ ͏ ͏ ͏ ͏ ͏ ͏ ͏ ͏ ͏ ͏ ͏ ͏ ͏ ͏ ͏ ͏ ͏ ͏ ͏ ͏ ͏ ͏ ͏ ͏ ͏ ͏ ͏ ͏ ͏ ͏ ͏ ͏ ͏ ͏ ͏ ͏ ͏ ͏ ͏ ͏ ͏",3
128,"[ngrok news] Load balance anything, anywhere with new Endpoint Pools Instead of following 37 steps to set up a load balancer, how about two? Give *new* Endpoint Pools a try—and see *new* TLS termination, variables, JA4 fingerprints and user agent blocking in Traffic",3
129,"""OLAX-MC50-764B"" r/GoogleWiFi: OLAX-MC50-764B ͏‌ ͏‌ ͏‌ ͏‌ ͏‌ ͏‌ ͏‌ ͏‌ ͏‌ ͏‌ ͏‌ ͏‌ ͏‌ ͏‌ ͏‌ ͏‌ ͏‌ ͏‌ ͏‌ ͏‌ ͏‌ ͏‌ ͏‌ ͏‌ ͏‌ ͏‌ ͏‌ ͏‌ ͏‌ ͏‌ ͏‌ ͏‌ ͏‌ ͏‌ ͏‌ ͏‌ ͏‌ ͏‌ ͏‌ ͏‌ ͏‌ ͏‌ ͏‌ ͏‌ ͏‌ ͏‌ ͏‌ ͏‌ ͏‌ ͏‌ ͏‌ ͏‌ ͏‌ ͏‌ ͏‌ ͏‌ ͏‌",3
130,지역 주민이 즐겨 찾는 레스토랑 요즘 인기 있는 레스토랑을 확인해 보세요. ͏ ͏ ͏ ͏ ͏ ͏ ͏ ͏ ͏ ͏ ͏ ͏ ͏ ͏ ͏ ͏ ͏ ͏ ͏ ͏ ͏ ͏ ͏ ͏ ͏ ͏ ͏ ͏ ͏ ͏ ͏ ͏ ͏ ͏ ͏ ͏ ͏ ͏ ͏ ͏ ͏ ͏ ͏ ͏ ͏ ͏ ͏ ͏ ͏ ͏ ͏ ͏ ͏ ͏ ͏ ͏ ͏ ͏ ͏ ͏ ͏ ͏ ͏ ͏ ͏ ͏ ͏ ͏ ͏ ͏ ͏ ͏ ͏ ͏ ͏ ͏ ͏ ͏ ͏ ͏ ͏ ͏ ͏ ͏ ͏ ͏ ͏ ͏ ͏,3
131,"⏰ Kang, the clock is ticking. Pre-order the slim Galaxy S25 Edge today and enjoy the amazing features and perks. Check out your special pre-order offers before they&#39;re gone. Check out your special pre-order offers before they&#39;re gone. Samsung Display images to show real-time content Display images to show",3
132,"Get a MacBook Pro (M4) here Plus, check out this Deal of the Day! Andy K. | View Account View: Web BEST BUY Top Deals Outlet TVs Computers Cell Phones Appliances MacBook Pro (M4). Save up to $300. Built for Apple Intelligence.",1
133,"⚡화요일 단 하루, 신선 과일·야채 최대 50% 할인🥝🍈 지금 아니면 못 사요! 제철 과일·야채 총출동🔥 ͏ ͏ ͏ ͏ ͏ ͏ ͏ ͏ ͏ ͏ ͏ ͏ ͏ ͏ ͏ ͏ ͏ ͏ ͏ ͏ ͏ ͏ ͏ ͏ ͏ ͏ ͏ ͏ ͏ ͏ ͏ ͏ ͏ ͏ ͏ ͏ ͏ ͏ ͏ ͏ ͏ ͏ ͏ ͏ ͏ ͏ ͏ ͏ ͏ ͏ ͏ ͏ ͏ ͏ ͏ ͏ ͏ ͏ ͏ ͏ ͏ ͏ ͏ ͏ ͏ ͏ ͏ ͏ ͏ ͏ ͏ ͏ ͏ ͏ ͏ ͏ ͏ ͏ ͏ ͏ ͏ ͏ ͏ ͏ ͏ ͏ ͏",3
134,The #1 global esports team uses Dell AI. See our cutting-edge partnership with Team Liquid. ﻿͏ ﻿͏ ﻿͏ ﻿͏ ﻿͏ ﻿͏ ﻿͏ ﻿͏ ﻿͏ ﻿͏ ﻿͏ ﻿͏ ﻿͏ ﻿͏ ﻿͏ ﻿͏ ﻿͏ ﻿͏ ﻿͏ ﻿͏ ﻿͏ ﻿͏ ﻿͏ ﻿͏ ﻿͏ ﻿͏ ﻿͏ ﻿͏ ﻿͏ ﻿͏ ﻿͏ ﻿͏ ﻿͏ ﻿͏ ﻿͏ ﻿͏ ﻿͏ ﻿͏ ﻿͏ ﻿͏ ﻿͏ ﻿͏ ﻿͏ ﻿͏ ﻿͏ ﻿͏ ﻿͏ ﻿͏ ﻿͏ ﻿͏,3
135,Stay cutting edge for as low as $9.99 Shop our best sale this season for courses in the latest skills. ͏ ‌ ﻿ ͏ ‌ ﻿ ͏ ‌ ﻿ ͏ ‌ ﻿ ͏ ‌ ﻿ ͏ ‌ ﻿ ͏ ‌ ﻿ ͏ ‌ ﻿ ͏ ‌ ﻿ ͏ ‌ ﻿ ͏ ‌ ﻿ ͏ ‌ ﻿ ͏ ‌ ﻿ ͏ ‌ ﻿ ͏ ‌ ﻿ ͏ ‌ ﻿ ͏ ‌ ﻿ ͏ ‌ ﻿ ͏ ‌ ﻿ ͏ ‌ ﻿ ͏ ‌ ﻿ ͏ ‌ ﻿ ͏ ‌,1
136,"""Is there a solution?"" r/playit_gg: Is there a solution? Playit doesn&#39;t seem to be working on my internet. Worked perfectly and ran awesome before on my internet in the past. I moved into some dorms for college and it",3
137,🌱 Track your growth + Pro for just $75/year! Hop back into writing with Grammarly. ‌ ‌ ‌ ‌ ‌ ‌ ‌ ‌ ‌ ‌ ‌ ‌ ‌ ‌ ‌ ‌ ‌ ‌ ‌ ‌ ‌ ‌ ‌ ‌ ‌ ‌ ‌ ‌ ‌ ‌ ‌ ‌ ‌ ‌ ‌ ‌ ‌ ‌ ‌ ‌ ‌ ‌ ‌ ‌ ‌ ‌ ‌ ‌ ‌ ‌ ‌ ‌ ‌ ‌ ‌ ‌ ‌ ‌ ‌ ‌ ‌ ‌ ‌ ‌ ‌ ‌ ‌ ‌ ‌ ‌ ‌ ‌ ‌ ‌ ‌ ‌ ‌ ‌ ‌ ‌ ‌ ‌,3
138,"Festival vibes are in the air – grab up to 7,000 Cron Stones with guaranteed dice rolls in your favor!  blackdesert logo Ride the Waves of Heidel Ball This June The light of our adventures shimmers like the summer sea! Beneath the waves, preparations for this special moment are taking shape. Join us on",3
139,Get summer-ready with 25% off lab tests ☀️ Get ahead of the heat with health insights View in browser Quest logo Your summer. Your health. Your move. Beach sandals stepping towards health insights Save up to 25%* at questhealth.com Shop sale,1
140,Memorial Day Sale starts today! Don&#39;t forget to check out today&#39;s Deal of the Day Andy K. | View Account View: Web BEST BUY Top Deals Outlet TVs Computers Cell Phones Appliances Memorial Day Sale. The deals have arrived. Ends,1
141,🎉 단 하루! 월요일만! 원데이 Super Sale 🎉 👀뭐가 나왔는지 안 보면 진짜 손해! ͏ ͏ ͏ ͏ ͏ ͏ ͏ ͏ ͏ ͏ ͏ ͏ ͏ ͏ ͏ ͏ ͏ ͏ ͏ ͏ ͏ ͏ ͏ ͏ ͏ ͏ ͏ ͏ ͏ ͏ ͏ ͏ ͏ ͏ ͏ ͏ ͏ ͏ ͏ ͏ ͏ ͏ ͏ ͏ ͏ ͏ ͏ ͏ ͏ ͏ ͏ ͏ ͏ ͏ ͏ ͏ ͏ ͏ ͏ ͏ ͏ ͏ ͏ ͏ ͏ ͏ ͏ ͏ ͏ ͏ ͏ ͏ ͏ ͏ ͏ ͏ ͏ ͏ ͏ ͏ ͏ ͏ ͏ ͏ ͏ ͏ ͏ ͏ ͏ ͏,1
142,Get skills that keep you trending 📈 Courses from $9.99 during our best sale of the season. ͏ ‌ ﻿ ͏ ‌ ﻿ ͏ ‌ ﻿ ͏ ‌ ﻿ ͏ ‌ ﻿ ͏ ‌ ﻿ ͏ ‌ ﻿ ͏ ‌ ﻿ ͏ ‌ ﻿ ͏ ‌ ﻿ ͏ ‌ ﻿ ͏ ‌ ﻿ ͏ ‌ ﻿ ͏ ‌ ﻿ ͏ ‌ ﻿ ͏ ‌ ﻿ ͏ ‌ ﻿ ͏ ‌ ﻿ ͏ ‌ ﻿ ͏ ‌ ﻿ ͏ ‌ ﻿ ͏ ‌ ﻿ ͏ ‌ ﻿ ͏ ‌ ﻿ ͏,1
143,Level up downtime with a new game It&#39;s always a great day to find a new game. Especially these! And we&#39;ve heard these games dramatically increase fun levels. Find out for yourself with these games people are loving. ͏ ͏ ͏ ͏ ͏ ͏,3
144,주간 특가 도착! 장보기 전에 꼭 확인하세요 👀 일주일 든든하게 쟁여둘 특가템 최대 50% ͏ ͏ ͏ ͏ ͏ ͏ ͏ ͏ ͏ ͏ ͏ ͏ ͏ ͏ ͏ ͏ ͏ ͏ ͏ ͏ ͏ ͏ ͏ ͏ ͏ ͏ ͏ ͏ ͏ ͏ ͏ ͏ ͏ ͏ ͏ ͏ ͏ ͏ ͏ ͏ ͏ ͏ ͏ ͏ ͏ ͏ ͏ ͏ ͏ ͏ ͏ ͏ ͏ ͏ ͏ ͏ ͏ ͏ ͏ ͏ ͏ ͏ ͏ ͏ ͏ ͏ ͏ ͏ ͏ ͏ ͏ ͏ ͏ ͏ ͏ ͏ ͏ ͏ ͏ ͏ ͏ ͏ ͏ ͏ ͏ ͏ ͏ ͏ ͏,1
145,"모두가 주문하는 인기 아이템을 확인해 보세요 이에 더해, Uber One으로 배달비 $0 혜택을 누리세요. ͏ ͏ ͏ ͏ ͏ ͏ ͏ ͏ ͏ ͏ ͏ ͏ ͏ ͏ ͏ ͏ ͏ ͏ ͏ ͏ ͏ ͏ ͏ ͏ ͏ ͏ ͏ ͏ ͏ ͏ ͏ ͏ ͏ ͏ ͏ ͏ ͏ ͏ ͏ ͏ ͏ ͏ ͏ ͏ ͏ ͏ ͏ ͏ ͏ ͏ ͏ ͏ ͏ ͏ ͏ ͏ ͏ ͏ ͏ ͏ ͏ ͏ ͏ ͏ ͏ ͏ ͏ ͏ ͏ ͏ ͏ ͏ ͏ ͏ ͏ ͏ ͏ ͏ ͏ ͏ ͏ ͏ ͏",1
146,Fantastic offers are here Don&#39;t miss today&#39;s Deal of the Day. Andy K. | View Account View: Web BEST BUY Top Deals Outlet TVs Computers Cell Phones Appliances Top Deals. Featured deals of the week. Must-have tech. Must-,1
147,"지금 먹고 싶은 그 맛, 이번 주 신상에 다 있어요!🍫🐟 두바이 초콜릿부터 동태 순살까지?! ͏ ͏ ͏ ͏ ͏ ͏ ͏ ͏ ͏ ͏ ͏ ͏ ͏ ͏ ͏ ͏ ͏ ͏ ͏ ͏ ͏ ͏ ͏ ͏ ͏ ͏ ͏ ͏ ͏ ͏ ͏ ͏ ͏ ͏ ͏ ͏ ͏ ͏ ͏ ͏ ͏ ͏ ͏ ͏ ͏ ͏ ͏ ͏ ͏ ͏ ͏ ͏ ͏ ͏ ͏ ͏ ͏ ͏ ͏ ͏ ͏ ͏ ͏ ͏ ͏ ͏ ͏ ͏ ͏ ͏ ͏ ͏ ͏ ͏ ͏ ͏ ͏ ͏ ͏ ͏ ͏ ͏ ͏ ͏ ͏ ͏ ͏ ͏ ͏ ͏ ͏",3
148,"Welcome to ngrok We&#39;re going to help you eliminate networking headaches---we promise. View in browser ngrok-email-header (1) Hello skk126skk126@gmail.com, Thanks for signing up for ngrok, we really appreciate you",2
149,"""I need a translation for this"" r/Tinder: I need a translation for this ͏‌ ͏‌ ͏‌ ͏‌ ͏‌ ͏‌ ͏‌ ͏‌ ͏‌ ͏‌ ͏‌ ͏‌ ͏‌ ͏‌ ͏‌ ͏‌ ͏‌ ͏‌ ͏‌ ͏‌ ͏‌ ͏‌ ͏‌ ͏‌ ͏‌ ͏‌ ͏‌ ͏‌ ͏‌ ͏‌ ͏‌ ͏‌ ͏‌ ͏‌ ͏‌ ͏‌ ͏‌ ͏‌ ͏‌ ͏‌ ͏‌ ͏‌ ͏‌ ͏‌ ͏‌ ͏‌ ͏‌ ͏‌ ͏‌ ͏‌ ͏‌ ͏‌ ͏‌ ͏‌",3
150,"Clearance deals are here. Shop the Best Buy Outlet today. Plus, check out this Deal of the Day! Andy K. | View Account View: Web BEST BUY Top Deals Outlet TVs Computers Cell Phones Appliances Outlet deals. Clearance deals of the week Shop now Featured Outlet",1
151,떡볶이없인 못 살아🔥 지금 할인 중! 라면사리? 치즈토핑? 🧀 다 준비했어요! ͏ ͏ ͏ ͏ ͏ ͏ ͏ ͏ ͏ ͏ ͏ ͏ ͏ ͏ ͏ ͏ ͏ ͏ ͏ ͏ ͏ ͏ ͏ ͏ ͏ ͏ ͏ ͏ ͏ ͏ ͏ ͏ ͏ ͏ ͏ ͏ ͏ ͏ ͏ ͏ ͏ ͏ ͏ ͏ ͏ ͏ ͏ ͏ ͏ ͏ ͏ ͏ ͏ ͏ ͏ ͏ ͏ ͏ ͏ ͏ ͏ ͏ ͏ ͏ ͏ ͏ ͏ ͏ ͏ ͏ ͏ ͏ ͏ ͏ ͏ ͏ ͏ ͏ ͏ ͏ ͏ ͏ ͏ ͏ ͏ ͏ ͏ ͏ ͏,3
152,Top sale of the season: Courses from $9.99 Imagine what you can do with the skills you learn. ͏ ‌ ﻿ ͏ ‌ ﻿ ͏ ‌ ﻿ ͏ ‌ ﻿ ͏ ‌ ﻿ ͏ ‌ ﻿ ͏ ‌ ﻿ ͏ ‌ ﻿ ͏ ‌ ﻿ ͏ ‌ ﻿ ͏ ‌ ﻿ ͏ ‌ ﻿ ͏ ‌ ﻿ ͏ ‌ ﻿ ͏ ‌ ﻿ ͏ ‌ ﻿ ͏ ‌ ﻿ ͏ ‌ ﻿ ͏ ‌ ﻿ ͏ ‌ ﻿ ͏ ‌ ﻿ ͏ ‌ ﻿ ͏ ‌ ﻿ ͏ ‌ ﻿ ͏ ‌ ﻿,1
153,"🔥[최대 50%] 새롭게 시작하는 Crazy8 핫딜 김치, 간편식, 과일 등 한국 인기제품들을 지금 만나보세요! 🛒✨ ͏ ͏ ͏ ͏ ͏ ͏ ͏ ͏ ͏ ͏ ͏ ͏ ͏ ͏ ͏ ͏ ͏ ͏ ͏ ͏ ͏ ͏ ͏ ͏ ͏ ͏ ͏ ͏ ͏ ͏ ͏ ͏ ͏ ͏ ͏ ͏ ͏ ͏ ͏ ͏ ͏ ͏ ͏ ͏ ͏ ͏ ͏ ͏ ͏ ͏ ͏ ͏ ͏ ͏ ͏ ͏ ͏ ͏ ͏ ͏ ͏ ͏ ͏ ͏ ͏ ͏ ͏ ͏ ͏ ͏ ͏ ͏ ͏ ͏ ͏ ͏ ͏ ͏ ͏ ͏ ͏ ͏",3
154,Don't miss 3 months of Spotify Premium for $0. Last chance to hear millions of songs ad-free. Spotify Premium Heads up. Your 3 free months is ending. Now&#39;s your time to explore endless music knowing it&#39;s all free for your first 3 months.,3
157,"High-res cam ✅ Slimmer design ✅ Kang, save up to $630 on Galaxy S25 Edge with eligible trade-in.  📸 Light on size. Heavy on camera resolution. 📸 Light on size. Heavy on camera resolution. Samsung Display images to show real-time content Display images to show real-time content Packed with features.",3
158,Shop TVs for under $500! Check THIS out: Our Deal of the Day is waiting. Andy K. | View Account View: Web BEST BUY Top Deals Outlet TVs Computers Cell Phones Appliances Discover TVs under $500 after savings. Shop now,1
159,Pick up a course for as low as $9.99 Our big sale continues. Get skills that start conversations. ͏ ‌ ﻿ ͏ ‌ ﻿ ͏ ‌ ﻿ ͏ ‌ ﻿ ͏ ‌ ﻿ ͏ ‌ ﻿ ͏ ‌ ﻿ ͏ ‌ ﻿ ͏ ‌ ﻿ ͏ ‌ ﻿ ͏ ‌ ﻿ ͏ ‌ ﻿ ͏ ‌ ﻿ ͏ ‌ ﻿ ͏ ‌ ﻿ ͏ ‌ ﻿ ͏ ‌ ﻿ ͏ ‌ ﻿ ͏ ‌ ﻿ ͏ ‌ ﻿ ͏ ‌ ﻿ ͏ ‌ ﻿ ͏ ‌ ﻿ ͏,1
160,"(광고) D-1 ⏰ 지식공유자에게 코치 받으면서 실무 지식을 쌓을 수 있는 기회, 놓치지 마세요! 워밍업 클럽에서 FE BE 데브옵스 PM 마케팅 스터디에 참여하고 다양한 혜택 받아가세요. [ D-1 ] 참가신청이 곧 끝나요! 실무자 지식공유자와 직접 소통하고, 실무 지식도 쌓을 수 있는 인프런 워밍업 클럽! ▶ 딱 1개월! 짧고 굵은 스터디 ▶ 강의 수강신청만 하면 스터디 참가비 0원! ▶ 인프런 포인트, 멘토링권 등 다양한 혜택! ▶ 최대 40%,",1
161,"(광고) 🎁스승의날 깜짝 역조공! 잠시 후 오전 11시 90% 쿠폰딜 시작 최대 90%, 1만 6천명에게 드리는 선착순 쿠폰⏰ 나의 성장을 돕는 IT 실무지식 플랫폼 어제 보내주신 스승의 날 감사 댓글 보답 왔어요! 지식공유자들이 보낸 &quot;깜짝 역조공 선물 도착&quot; 5월 16일 단 하루, ✦ 최대 90% 선착순 쿠폰 ✦ 90% 쿠폰은 처음 보시죠?! 스승의 날 역조공이니까 가능한 선물! 절대 놓치지 말고 받아가세요!",1
162,"DOOM: The Dark Ages Is Live on Battle.net, Adventurer! As the DOOM Slayer, fight your way across ancient battlefields, brutal hellscapes, and worlds beyond in this action-packed epic. THE DARK AGES AWAKEN ON BATTLE.NET THE DARK AGES AWAKEN ON BATTLE.NET",3
163,단 6시간 남음⏳ Korea Week Crazy 8 종료! 인기제품 역대급 세일+ 무료증정품 🎁 이 가격 다시 못 와요! ͏ ͏ ͏ ͏ ͏ ͏ ͏ ͏ ͏ ͏ ͏ ͏ ͏ ͏ ͏ ͏ ͏ ͏ ͏ ͏ ͏ ͏ ͏ ͏ ͏ ͏ ͏ ͏ ͏ ͏ ͏ ͏ ͏ ͏ ͏ ͏ ͏ ͏ ͏ ͏ ͏ ͏ ͏ ͏ ͏ ͏ ͏ ͏ ͏ ͏ ͏ ͏ ͏ ͏ ͏ ͏ ͏ ͏ ͏ ͏ ͏ ͏ ͏ ͏ ͏ ͏ ͏ ͏ ͏ ͏ ͏ ͏ ͏ ͏ ͏ ͏ ͏ ͏ ͏ ͏ ͏ ͏ ͏,3
164,"💰 WHOA! Save up to 50% select major appliances today 💰 Plus, take a look at this Deal of the Day! Andy K. | View Account View: Web BEST BUY Top Deals Outlet TVs Computers Cell Phones Appliances Save up to 50% on select major appliances. Also, save up to an",1
165,[🚨단독할인 70%] 순도 90% 글루타치온🟨 지금이 찬스! 프리미엄 리포좀 공법으로 체내 흡수율 UP! ͏ ͏ ͏ ͏ ͏ ͏ ͏ ͏ ͏ ͏ ͏ ͏ ͏ ͏ ͏ ͏ ͏ ͏ ͏ ͏ ͏ ͏ ͏ ͏ ͏ ͏ ͏ ͏ ͏ ͏ ͏ ͏ ͏ ͏ ͏ ͏ ͏ ͏ ͏ ͏ ͏ ͏ ͏ ͏ ͏ ͏ ͏ ͏ ͏ ͏ ͏ ͏ ͏ ͏ ͏ ͏ ͏ ͏ ͏ ͏ ͏ ͏ ͏ ͏ ͏ ͏ ͏ ͏ ͏ ͏ ͏ ͏ ͏ ͏ ͏ ͏ ͏ ͏ ͏ ͏ ͏ ͏ ͏ ͏ ͏ ͏ ͏ ͏,3
166,Dropbox로 간편해진 파일 공유 파일을 안전하게 공유하는 방법 알아보기 ‌ ‌ ‌ ‌ ‌ ‌ ‌ ‌ ‌ ‌ ‌ ‌ ‌ ‌ ‌ ‌ ‌ ‌ ‌ ‌ ‌ ‌ ‌ ‌ ‌ ‌ ‌ ‌ ‌ ‌ ‌ ‌ ‌ ‌ ‌ ‌ ‌ ‌ ‌ ‌ ‌ ‌ ‌ ‌ ‌ ‌ ‌ ‌ ‌ ‌ ‌ ‌ ‌ ‌ ‌ ‌ ‌ ‌ ‌ ‌ ‌ ‌ ‌ ‌ ‌ ‌ ‌ ‌ ‌ ‌ ‌ ‌ ‌ ‌ ‌ ‌ ‌ ‌ ‌ ‌ ‌ ‌ ‌ ‌ ‌ ‌ ‌ ‌ ‌ ‌,3
167,"🤔 What have you always wanted to learn? With courses as low as $9.99, now&#39;s the best time. ͏ ‌ ﻿ ͏ ‌ ﻿ ͏ ‌ ﻿ ͏ ‌ ﻿ ͏ ‌ ﻿ ͏ ‌ ﻿ ͏ ‌ ﻿ ͏ ‌ ﻿ ͏ ‌ ﻿ ͏ ‌ ﻿ ͏ ‌ ﻿ ͏ ‌ ﻿ ͏ ‌ ﻿ ͏ ‌ ﻿ ͏ ‌ ﻿ ͏ ‌ ﻿ ͏ ‌ ﻿ ͏ ‌ ﻿ ͏ ‌ ﻿ ͏ ‌ ﻿ ͏ ‌ ﻿ ͏ ‌ ﻿ ͏ ‌ ﻿ ͏ ‌ ﻿ ͏",3
168,"The War Within Welcome Offer Ends Soon, Adventurer! Save up to 40% on The War Within, plus get a bonus 30 days Game Time and Level 70 Character Boost. FINAL CALL FOR WELCOME OFFER SAVINGS Your next adventure begins here, Adventurer! Get Game Time, a",2
169,"(광고) 💐""덕분에 성장했어요"" (대박 스포 포함) 지식공유자에게 감사 댓글 남기면 100% 선물 당첨! 나의 성장을 돕는 IT 실무지식 플랫폼 &quot;덕분에 성장했어요!&quot; 오늘 스승의 날을 맞이해 나를 성장시켜준 지식공유자에게 감사의 마음을 전해보세요! 댓글로 따뜻한 감사의 인사를 남기면 더 큰 역조공 선물로 돌아올지도 몰라요! ① 특별 선물 감사 댓글만 남겨도 ✦ 20% 쿠폰 즉시 발급 ✦ +",1
170,💰[리워드데이 5%적립] 지난주 TOP50🏆 다들 산 이유가 있다! 재구매율 높은 핵인싸템🔥 ͏ ͏ ͏ ͏ ͏ ͏ ͏ ͏ ͏ ͏ ͏ ͏ ͏ ͏ ͏ ͏ ͏ ͏ ͏ ͏ ͏ ͏ ͏ ͏ ͏ ͏ ͏ ͏ ͏ ͏ ͏ ͏ ͏ ͏ ͏ ͏ ͏ ͏ ͏ ͏ ͏ ͏ ͏ ͏ ͏ ͏ ͏ ͏ ͏ ͏ ͏ ͏ ͏ ͏ ͏ ͏ ͏ ͏ ͏ ͏ ͏ ͏ ͏ ͏ ͏ ͏ ͏ ͏ ͏ ͏ ͏ ͏ ͏ ͏ ͏ ͏ ͏ ͏ ͏ ͏ ͏ ͏ ͏ ͏ ͏ ͏ ͏,3
171,** Hold up ** Wanna see some top offers? Don&#39;t forget to check out today&#39;s Deal of the Day Andy K. | View Account View: Web BEST BUY Top Deals Outlet TVs Computers Cell Phones Appliances Top Deals. Featured deals of the week. Must-,1
172,"날짜를 표시해 두세요, Member Days 혜택이 5/16/2025에 찾아옵니다! 회원만을 위한 이 특별 혜택 이벤트를 놓치지 마세요. ͏ ͏ ͏ ͏ ͏ ͏ ͏ ͏ ͏ ͏ ͏ ͏ ͏ ͏ ͏ ͏ ͏ ͏ ͏ ͏ ͏ ͏ ͏ ͏ ͏ ͏ ͏ ͏ ͏ ͏ ͏ ͏ ͏ ͏ ͏ ͏ ͏ ͏ ͏ ͏ ͏ ͏ ͏ ͏ ͏ ͏ ͏ ͏ ͏ ͏ ͏ ͏ ͏ ͏ ͏ ͏ ͏ ͏ ͏ ͏ ͏ ͏ ͏ ͏ ͏ ͏ ͏ ͏ ͏ ͏ ͏ ͏ ͏ ͏ ͏ ͏ ͏ ͏ ͏ ͏ ͏ ͏ ͏ ͏ ͏ ͏",1
173,Know where your money goes Track your spending trends in the app. Track your spending trends in the app. Wells Fargo home page Understand your spending habits Set a spending goal An animated GIF featuring a phone screen showing,3
174,"말차 덕후들 지금 모여라! 최대 45% 세일 🍵 말차 디저트, 말차 라떼, 말차 파우더까지 🌱 ͏ ͏ ͏ ͏ ͏ ͏ ͏ ͏ ͏ ͏ ͏ ͏ ͏ ͏ ͏ ͏ ͏ ͏ ͏ ͏ ͏ ͏ ͏ ͏ ͏ ͏ ͏ ͏ ͏ ͏ ͏ ͏ ͏ ͏ ͏ ͏ ͏ ͏ ͏ ͏ ͏ ͏ ͏ ͏ ͏ ͏ ͏ ͏ ͏ ͏ ͏ ͏ ͏ ͏ ͏ ͏ ͏ ͏ ͏ ͏ ͏ ͏ ͏ ͏ ͏ ͏ ͏ ͏ ͏ ͏ ͏ ͏ ͏ ͏ ͏ ͏ ͏ ͏ ͏ ͏ ͏ ͏ ͏ ͏ ͏ ͏ ͏ ͏",3
175,Courses from $9.99. Get skills that accelerate your career. Our best prices of the season are here. ͏ ‌ ﻿ ͏ ‌ ﻿ ͏ ‌ ﻿ ͏ ‌ ﻿ ͏ ‌ ﻿ ͏ ‌ ﻿ ͏ ‌ ﻿ ͏ ‌ ﻿ ͏ ‌ ﻿ ͏ ‌ ﻿ ͏ ‌ ﻿ ͏ ‌ ﻿ ͏ ‌ ﻿ ͏ ‌ ﻿ ͏ ‌ ﻿ ͏ ‌ ﻿ ͏ ‌ ﻿ ͏ ‌ ﻿ ͏ ‌ ﻿ ͏ ‌ ﻿ ͏ ‌ ﻿ ͏ ‌ ﻿ ͏ ‌ ﻿ ͏ ‌ ﻿ ͏ ‌ ﻿ ͏ ‌ ﻿ ͏ ‌ ﻿,3
176,"Know who opens your PDFs and what they actually read 👀 Hi mo, Ever wonder if someone really read that PDF you sent? With Document Tracking in Mailsuite, you can: ✅ See exactly when your PDF is opened ✅ Track time spent on each page ✅ Know which pages are",3
177,"""On a scale of 1-10, can I recover?"" r/Tinder: On a scale of 1-10, can I recover? ͏‌ ͏‌ ͏‌ ͏‌ ͏‌ ͏‌ ͏‌ ͏‌ ͏‌ ͏‌ ͏‌ ͏‌ ͏‌ ͏‌ ͏‌ ͏‌ ͏‌ ͏‌ ͏‌ ͏‌ ͏‌ ͏‌ ͏‌ ͏‌ ͏‌ ͏‌ ͏‌ ͏‌ ͏‌ ͏‌ ͏‌ ͏‌ ͏‌ ͏‌ ͏‌ ͏‌ ͏‌ ͏‌ ͏‌ ͏‌ ͏‌ ͏‌ ͏‌ ͏‌ ͏‌ ͏‌ ͏‌ ͏‌ ͏‌ ͏‌ ͏‌ ͏‌",3
179,This MacBook could be yours Don&#39;t miss today&#39;s Deal of the Day. Andy K. | View Account View: Web BEST BUY Top Deals Outlet TVs Computers Cell Phones Appliances MacBook Pro. Save up to $700 on select models. Built for,1
181,"Unveiling the slimmest Galaxy S smartphone yet, the new Galaxy S25 Edge Pre-order Galaxy S25 Edge and get up to $750+ in total savings. - Unveiling the slimmest Galaxy S smartphone yet Pre-order Galaxy S25 Edge and get up to $750+ in total savings. SAMSUNG Get up to 5% off",3
182,Biggest sale of the season: Get skills that make you marketable. Courses start at $9.99. ͏ ‌ ﻿ ͏ ‌ ﻿ ͏ ‌ ﻿ ͏ ‌ ﻿ ͏ ‌ ﻿ ͏ ‌ ﻿ ͏ ‌ ﻿ ͏ ‌ ﻿ ͏ ‌ ﻿ ͏ ‌ ﻿ ͏ ‌ ﻿ ͏ ‌ ﻿ ͏ ‌ ﻿ ͏ ‌ ﻿ ͏ ‌ ﻿ ͏ ‌ ﻿ ͏ ‌ ﻿ ͏ ‌ ﻿ ͏ ‌ ﻿ ͏ ‌ ﻿ ͏ ‌ ﻿ ͏ ‌ ﻿ ͏ ‌ ﻿ ͏,1
183,Great tech refresh ideas. Explore the Dell 14 Plus 2-in-1 AI PC. ﻿͏ ﻿͏ ﻿͏ ﻿͏ ﻿͏ ﻿͏ ﻿͏ ﻿͏ ﻿͏ ﻿͏ ﻿͏ ﻿͏ ﻿͏ ﻿͏ ﻿͏ ﻿͏ ﻿͏ ﻿͏ ﻿͏ ﻿͏ ﻿͏ ﻿͏ ﻿͏ ﻿͏ ﻿͏ ﻿͏ ﻿͏ ﻿͏ ﻿͏ ﻿͏ ﻿͏ ﻿͏ ﻿͏ ﻿͏ ﻿͏ ﻿͏ ﻿͏ ﻿͏ ﻿͏ ﻿͏ ﻿͏ ﻿͏ ﻿͏ ﻿͏ ﻿͏ ﻿͏ ﻿͏ ﻿͏ ﻿͏ ﻿͏ ﻿͏ ﻿͏ ﻿͏ ﻿͏,3
184,"""Found another"" r/Tinder: Found another ͏‌ ͏‌ ͏‌ ͏‌ ͏‌ ͏‌ ͏‌ ͏‌ ͏‌ ͏‌ ͏‌ ͏‌ ͏‌ ͏‌ ͏‌ ͏‌ ͏‌ ͏‌ ͏‌ ͏‌ ͏‌ ͏‌ ͏‌ ͏‌ ͏‌ ͏‌ ͏‌ ͏‌ ͏‌ ͏‌ ͏‌ ͏‌ ͏‌ ͏‌ ͏‌ ͏‌ ͏‌ ͏‌ ͏‌ ͏‌ ͏‌ ͏‌ ͏‌ ͏‌ ͏‌ ͏‌ ͏‌ ͏‌ ͏‌ ͏‌ ͏‌ ͏‌ ͏‌ ͏‌ ͏‌ ͏‌ ͏‌ ͏‌ ͏‌",3
185,project ..,3
186,Google Play 주문 영수증(2025. 5. 12.) Google Play 감사합니다. Google Play의 YOSTAR (HONG KONG) LIMITED에서 구매하셨습니다. 주문 번호: GPA.3391-1292-4960-71645 주문 날짜: 2025. 5. 12. 오후 7시 33분 24초 GMT-5 상품 가격 고급 특훈 의향 패키지 (명일방주) $18.99 세금: $0.00 합계: $18.99 결제 수단,3
187,"(광고)🔥이번 주 인기 강의 - 지금 최대 70% 할인 중! 얼마 남지 않은 할인 기간도 놓치지 마세요! 나의 성장을 돕는 IT 실무지식 플랫폼 안녕하세요. mo Cho 님 인프런입니다. 지금 인프런에서 가장 사랑 받고 있는 할인 강의들을 한 번에 모아봤어요. 지금 최대 70% 할인 중이니 할인 기간 놓치지 마세요! ▼ ▼ 코딩 없이 AI 자동화 전문가가 되는 법, n8n 완벽 가이드 #n8n #AI #RAG ＊",1
188,She’s got the power — and 20% off lab tests Test with Quest this Women&#39;s Health Month View in browser Quest logo Listen when your body talks Woman listening to music on headphones Save up to 20%* at questhealth.com Shop sale Some health,1
189,Ready to write more? Pick up where you left off and keep earning badges. ‌ ‌ ‌ ‌ ‌ ‌ ‌ ‌ ‌ ‌ ‌ ‌ ‌ ‌ ‌ ‌ ‌ ‌ ‌ ‌ ‌ ‌ ‌ ‌ ‌ ‌ ‌ ‌ ‌ ‌ ‌ ‌ ‌ ‌ ‌ ‌ ‌ ‌ ‌ ‌ ‌ ‌ ‌ ‌ ‌ ‌ ‌ ‌ ‌ ‌ ‌ ‌ ‌ ‌ ‌ ‌ ‌ ‌ ‌ ‌ ‌ ‌ ‌ ‌ ‌ ‌ ‌ ‌ ‌ ‌ ‌ ‌ ‌ ‌ ‌,3
190,Listen up! This is only available for Monday Don&#39;t forget to check out today&#39;s Deal of the Day Andy K. | View Account View: Web BEST BUY Top Deals Outlet TVs Computers Cell Phones Appliances Deal of the Day. Don&#39;t miss it. Shop now,1
191,Explore top compositing techniques Discover five ways to combine images in Photoshop. Then generate a custom background. ‌ ‌ ‌ ‌ ‌ ‌ ‌ ‌ ‌ ‌ ‌ ‌ ‌ ‌ ‌ ‌ ‌ ‌ ‌ ‌ ‌ ‌ ‌ ‌ ‌ ‌ ‌ ‌ ‌ ‌ ‌ ‌ ‌ ‌ ‌ ‌ ‌ ‌ ‌ ‌ ‌ ‌ ‌ ‌ ‌ ‌ ‌ ‌ ‌ ‌ ‌ ‌ ‌ ‌ ‌ ‌ ‌ ‌,3
193,Find the best Father's Day gift ideas Disney Store has Dad&#39;s Disney favorites ͏‌ ͏‌ ͏‌ ͏‌ ͏‌ ͏‌ ͏‌ ͏‌ ͏‌ ͏‌ ͏‌ ͏‌ ͏‌ ͏‌ ͏‌ ͏‌ ͏‌ ͏‌ ͏‌ ͏‌ ͏‌ ͏‌ ͏‌ ͏‌ ͏‌ ͏‌ ͏‌ ͏‌ ͏‌ ͏‌ ͏‌ ͏‌ ͏‌ ͏‌ ͏‌ ͏‌ ͏‌ ͏‌ ͏‌ ͏‌ ͏‌ ͏‌ ͏‌ ͏‌ ͏‌ ͏‌ ͏‌ ͏‌ ͏‌ ͏‌ ͏‌ ͏‌,3
194,"(광고) D-5! 강의 할인+지식공유자 스터디 신청이 곧 종료됩니다⏰ 워밍업 클럽에서 FE BE 데브옵스 PM 마케팅 분야 인기 강의 함께 들어요 백엔드 클린코드와 프론트엔드, CS 전공지식, PM/PO 새롭게 추가된 DevOps와 마케팅까지! 동기부여 팍팍! 인프런 워밍업 클럽에서 강의를 만든 지식공유자와 스터디하고 동료와 함께 성장해보세요. 최대 40%! 깜짝 할인 쿠폰을 찾아보세요 :) 참가 신청하기 &gt;&gt; [",1
195,"Your Khan Academy account may be deleted in 2 days Khan Academy We&#39;ve missed you! It&#39;s been a while since you&#39;ve used Khan Academy, and we&#39;ve missed you! We hope to see you return soon, so you can continue to learn from 100+ free",3
196,Updates to Nintendo Account User Agreement and Nintendo Privacy Policy Learn more. Trouble viewing email? Click here Nintendo Nintendo We&#39;re writing to let you know that we&#39;ve updated the Nintendo Account User Agreement and Nintendo Privacy Policy. If you or any,3
197,"🇰🇷K-푸드 위크, 이 가격 실화? 위클리딜 OPEN! 일주일 든든하게 쟁여둘 특가템 최대 50% ͏ ͏ ͏ ͏ ͏ ͏ ͏ ͏ ͏ ͏ ͏ ͏ ͏ ͏ ͏ ͏ ͏ ͏ ͏ ͏ ͏ ͏ ͏ ͏ ͏ ͏ ͏ ͏ ͏ ͏ ͏ ͏ ͏ ͏ ͏ ͏ ͏ ͏ ͏ ͏ ͏ ͏ ͏ ͏ ͏ ͏ ͏ ͏ ͏ ͏ ͏ ͏ ͏ ͏ ͏ ͏ ͏ ͏ ͏ ͏ ͏ ͏ ͏ ͏ ͏ ͏ ͏ ͏ ͏ ͏ ͏ ͏ ͏ ͏ ͏ ͏ ͏ ͏ ͏ ͏ ͏ ͏ ͏ ͏ ͏ ͏ ͏ ͏ ͏",1
198,"어머니의 날 선물을 주문할 마지막 기회 이에 더해, Uber One으로 배달비 $0 혜택을 누리세요. ͏ ͏ ͏ ͏ ͏ ͏ ͏ ͏ ͏ ͏ ͏ ͏ ͏ ͏ ͏ ͏ ͏ ͏ ͏ ͏ ͏ ͏ ͏ ͏ ͏ ͏ ͏ ͏ ͏ ͏ ͏ ͏ ͏ ͏ ͏ ͏ ͏ ͏ ͏ ͏ ͏ ͏ ͏ ͏ ͏ ͏ ͏ ͏ ͏ ͏ ͏ ͏ ͏ ͏ ͏ ͏ ͏ ͏ ͏ ͏ ͏ ͏ ͏ ͏ ͏ ͏ ͏ ͏ ͏ ͏ ͏ ͏ ͏ ͏ ͏ ͏ ͏ ͏ ͏ ͏ ͏ ͏ ͏",1
199,"신상스낵도, 아이스크림도 모두 배송갑니다!❄️🛒 더워질수록 생각나는 그 맛 지금 바로~ ͏ ͏ ͏ ͏ ͏ ͏ ͏ ͏ ͏ ͏ ͏ ͏ ͏ ͏ ͏ ͏ ͏ ͏ ͏ ͏ ͏ ͏ ͏ ͏ ͏ ͏ ͏ ͏ ͏ ͏ ͏ ͏ ͏ ͏ ͏ ͏ ͏ ͏ ͏ ͏ ͏ ͏ ͏ ͏ ͏ ͏ ͏ ͏ ͏ ͏ ͏ ͏ ͏ ͏ ͏ ͏ ͏ ͏ ͏ ͏ ͏ ͏ ͏ ͏ ͏ ͏ ͏ ͏ ͏ ͏ ͏ ͏ ͏ ͏ ͏ ͏ ͏ ͏ ͏ ͏ ͏ ͏ ͏ ͏ ͏ ͏ ͏ ͏ ͏ ͏",3
200,가장 중요한 파일을 체계적으로 정리 모든 파일을 위한 효과적인 관리 시스템 ‌ ‌ ‌ ‌ ‌ ‌ ‌ ‌ ‌ ‌ ‌ ‌ ‌ ‌ ‌ ‌ ‌ ‌ ‌ ‌ ‌ ‌ ‌ ‌ ‌ ‌ ‌ ‌ ‌ ‌ ‌ ‌ ‌ ‌ ‌ ‌ ‌ ‌ ‌ ‌ ‌ ‌ ‌ ‌ ‌ ‌ ‌ ‌ ‌ ‌ ‌ ‌ ‌ ‌ ‌ ‌ ‌ ‌ ‌ ‌ ‌ ‌ ‌ ‌ ‌ ‌ ‌ ‌ ‌ ‌ ‌ ‌ ‌ ‌ ‌ ‌ ‌ ‌ ‌ ‌ ‌ ‌ ‌ ‌ ‌ ‌ ‌ ‌ ‌ ‌,3
201,"Get it at Best Buy - we're always here to help... Plus, check out this Deal of the Day! Andy K. | View Account View: Web BEST BUY Top Deals Outlet TVs Computers Cell Phones Appliances Top Deals. Savings mode. On. Shop now Computing. TVs. Major",1
202,Limited time: get $70 in Quest Cash when you buy a new Meta Quest Get this exclusive offer before it&#39;s too late ‌ ‌ ‌ ‌ ‌ ‌ ‌ ‌ ‌ ‌ ‌ ‌ ‌ ‌ ‌ ‌ ‌ ‌ ‌ ‌ ‌ ‌ ‌ ‌ ‌ ‌ ‌ ‌ ‌ ‌ ‌ ‌ ‌ ‌ ‌ ‌ ‌ ‌ ‌ ‌ ‌ ‌ ‌ ‌ ‌ ‌ ‌ ‌ ‌ ‌ ‌ ‌ ‌ ‌ ‌ ‌ ‌ ‌ ‌ ‌ ‌ ‌ ‌ ‌ ‌ ‌ ‌ ‌ ‌ ‌ ‌ ‌ ‌ ‌ ‌ ‌,1
203,🏕️🔥캠핑 필수템 총집합! 바베큐부터 간편식까지 더 맛있고 편하게 만들어줄 캠핑 아이템을 한 자리에 모았어요. ͏ ͏ ͏ ͏ ͏ ͏ ͏ ͏ ͏ ͏ ͏ ͏ ͏ ͏ ͏ ͏ ͏ ͏ ͏ ͏ ͏ ͏ ͏ ͏ ͏ ͏ ͏ ͏ ͏ ͏ ͏ ͏ ͏ ͏ ͏ ͏ ͏ ͏ ͏ ͏ ͏ ͏ ͏ ͏ ͏ ͏ ͏ ͏ ͏ ͏ ͏ ͏ ͏ ͏ ͏ ͏ ͏ ͏ ͏ ͏ ͏ ͏ ͏ ͏ ͏ ͏ ͏ ͏ ͏ ͏ ͏ ͏ ͏ ͏ ͏ ͏ ͏ ͏ ͏ ͏ ͏ ͏ ͏,3
204,"Less Than 24 Hours Left in Unreal Sale New Promotional Announcement Hi AndyKang, an announcement has been made from David, instructor of Unreal Engine 5: The Complete Beginner&#39;s Course. Hello Everyone, Just a reminder that there is less",1
205,"Happy Saturday! Get TVs for as low as $69.99 Plus, check out this Deal of the Day! Andy K. | View Account View: Web BEST BUY Top Deals Outlet TVs Computers Cell Phones Appliances Explore TVs as low as $69.99 after savings. Shop now. Reference",1
206,[20% 할인중] 전라남도 먹킷리스트 총출동🔥 이 맛 놓치면 진짜 후회각😢 ͏ ͏ ͏ ͏ ͏ ͏ ͏ ͏ ͏ ͏ ͏ ͏ ͏ ͏ ͏ ͏ ͏ ͏ ͏ ͏ ͏ ͏ ͏ ͏ ͏ ͏ ͏ ͏ ͏ ͏ ͏ ͏ ͏ ͏ ͏ ͏ ͏ ͏ ͏ ͏ ͏ ͏ ͏ ͏ ͏ ͏ ͏ ͏ ͏ ͏ ͏ ͏ ͏ ͏ ͏ ͏ ͏ ͏ ͏ ͏ ͏ ͏ ͏ ͏ ͏ ͏ ͏ ͏ ͏ ͏ ͏ ͏ ͏ ͏ ͏ ͏ ͏ ͏ ͏ ͏ ͏ ͏ ͏ ͏ ͏ ͏ ͏ ͏ ͏ ͏ ͏ ͏ ͏,3
207,"""Was I too engaging?"" r/Tinder: Was I too engaging? ͏‌ ͏‌ ͏‌ ͏‌ ͏‌ ͏‌ ͏‌ ͏‌ ͏‌ ͏‌ ͏‌ ͏‌ ͏‌ ͏‌ ͏‌ ͏‌ ͏‌ ͏‌ ͏‌ ͏‌ ͏‌ ͏‌ ͏‌ ͏‌ ͏‌ ͏‌ ͏‌ ͏‌ ͏‌ ͏‌ ͏‌ ͏‌ ͏‌ ͏‌ ͏‌ ͏‌ ͏‌ ͏‌ ͏‌ ͏‌ ͏‌ ͏‌ ͏‌ ͏‌ ͏‌ ͏‌ ͏‌ ͏‌ ͏‌ ͏‌ ͏‌ ͏‌ ͏‌ ͏‌ ͏‌ ͏‌ ͏‌",3
209,"Now's your time: $0 for 3 months of Spotify Premium. Start playing all your music without hearing ad breaks. Spotify Premium Your music is limitless with Premium. Listen to what you love with endless songs to keep you going, ad-free and uninterrupted.",3
210,🇰🇷Korea Week 2🔥Crazy8 스타트! 인기제품 역대급 세일+ 무료증정품 🎁 ͏ ͏ ͏ ͏ ͏ ͏ ͏ ͏ ͏ ͏ ͏ ͏ ͏ ͏ ͏ ͏ ͏ ͏ ͏ ͏ ͏ ͏ ͏ ͏ ͏ ͏ ͏ ͏ ͏ ͏ ͏ ͏ ͏ ͏ ͏ ͏ ͏ ͏ ͏ ͏ ͏ ͏ ͏ ͏ ͏ ͏ ͏ ͏ ͏ ͏ ͏ ͏ ͏ ͏ ͏ ͏ ͏ ͏ ͏ ͏ ͏ ͏ ͏ ͏ ͏ ͏ ͏ ͏ ͏ ͏ ͏ ͏ ͏ ͏ ͏ ͏ ͏ ͏ ͏ ͏ ͏ ͏ ͏ ͏ ͏ ͏ ͏ ͏ ͏ ͏,3
211,🎉 Korea Week 2 무료 증정 이벤트! 어떤 제품이 공짜? 지금 바로 확인! 👇 ͏ ͏ ͏ ͏ ͏ ͏ ͏ ͏ ͏ ͏ ͏ ͏ ͏ ͏ ͏ ͏ ͏ ͏ ͏ ͏ ͏ ͏ ͏ ͏ ͏ ͏ ͏ ͏ ͏ ͏ ͏ ͏ ͏ ͏ ͏ ͏ ͏ ͏ ͏ ͏ ͏ ͏ ͏ ͏ ͏ ͏ ͏ ͏ ͏ ͏ ͏ ͏ ͏ ͏ ͏ ͏ ͏ ͏ ͏ ͏ ͏ ͏ ͏ ͏ ͏ ͏ ͏ ͏ ͏ ͏ ͏ ͏ ͏ ͏ ͏ ͏ ͏ ͏ ͏ ͏ ͏ ͏ ͏ ͏ ͏ ͏ ͏ ͏ ͏,1
212,"Simply. Excellent. Make Best Buy your first stop for electronics - an iPad as low as $299 is a tempting DEAL, isn't it? Don&#39;t forget to check out today&#39;s Deal of the Day Andy K. | View Account View: Web BEST BUY Top Deals Outlet TVs Computers Cell Phones Appliances iPad. Models as low as $299. Shop now iPhone",1
213,"""This is it folks - Onsite day @ Apple"" r/leetcode: This is it folks - Onsite day @ Apple Wish me all the luck you could. Keep a brother in your prayers. You all have been so helpful in this journey- I have more than half of leetcode 75 done",3
214,Girls just want to save 20% on lab tests Spotlight on Women&#39;s Health Month View in browser Quest logo Turn health insights into your superpower Woman celebrating good health Save up to 20%* at questhealth.com Shop sale Hormonal changes,1
215,단 6시간 남음⏳ Korea Week Crazy 8 종료! 풍산김치·갈비탕⚡역대급 최저가! 이 가격 다시 못 와요! ͏ ͏ ͏ ͏ ͏ ͏ ͏ ͏ ͏ ͏ ͏ ͏ ͏ ͏ ͏ ͏ ͏ ͏ ͏ ͏ ͏ ͏ ͏ ͏ ͏ ͏ ͏ ͏ ͏ ͏ ͏ ͏ ͏ ͏ ͏ ͏ ͏ ͏ ͏ ͏ ͏ ͏ ͏ ͏ ͏ ͏ ͏ ͏ ͏ ͏ ͏ ͏ ͏ ͏ ͏ ͏ ͏ ͏ ͏ ͏ ͏ ͏ ͏ ͏ ͏ ͏ ͏ ͏ ͏ ͏ ͏ ͏ ͏ ͏ ͏ ͏ ͏ ͏ ͏ ͏ ͏ ͏ ͏ ͏ ͏,3
216,"Everything you need for patio season. ✔️ From grills to projectors, elevate your outdoors this spring. Andy K. | View Account View: Web BEST BUY Top Deals Outlet TVs Computers Cell Phones Appliances Complete your backyard checklist. People",1
217,"New reply to a comment on ""피들스틱으로 22킬이 가능하다고? 네, 제가 바로 그 슈퍼캐리 장인입니다."" New reply to a comment on &quot;피들스틱으로 22킬이 가능하다고? 네, 제가 바로 그 슈퍼캐리 장인입니다.&quot; Youtube Logo @soonmo88 replied to mo Cho&#39;s comment 피들스틱으로 22킬이 가능하다고? 네, 제가 바로 그 슈퍼캐리 장인입니다. @soonmo88 갔네요는 무슨 같네요지",3
218,"Andy님, 어머니의 날 인기 상품을 쇼핑하세요 💐 이에 더해, Uber One으로 배달비 $0 혜택을 누리세요. ͏ ͏ ͏ ͏ ͏ ͏ ͏ ͏ ͏ ͏ ͏ ͏ ͏ ͏ ͏ ͏ ͏ ͏ ͏ ͏ ͏ ͏ ͏ ͏ ͏ ͏ ͏ ͏ ͏ ͏ ͏ ͏ ͏ ͏ ͏ ͏ ͏ ͏ ͏ ͏ ͏ ͏ ͏ ͏ ͏ ͏ ͏ ͏ ͏ ͏ ͏ ͏ ͏ ͏ ͏ ͏ ͏ ͏ ͏ ͏ ͏ ͏ ͏ ͏ ͏ ͏ ͏ ͏ ͏ ͏ ͏ ͏ ͏ ͏ ͏ ͏ ͏ ͏ ͏ ͏ ͏ ͏ ͏",1
220,"🇰🇷코리아위크🇰🇷 스타우브부터 만능 채칼까지, 지금 최대 60% 할인 중! 🍳 주방 필수템을 초대박 가격에 만날 기회! ͏ ͏ ͏ ͏ ͏ ͏ ͏ ͏ ͏ ͏ ͏ ͏ ͏ ͏ ͏ ͏ ͏ ͏ ͏ ͏ ͏ ͏ ͏ ͏ ͏ ͏ ͏ ͏ ͏ ͏ ͏ ͏ ͏ ͏ ͏ ͏ ͏ ͏ ͏ ͏ ͏ ͏ ͏ ͏ ͏ ͏ ͏ ͏ ͏ ͏ ͏ ͏ ͏ ͏ ͏ ͏ ͏ ͏ ͏ ͏ ͏ ͏ ͏ ͏ ͏ ͏ ͏ ͏ ͏ ͏ ͏ ͏ ͏ ͏ ͏ ͏ ͏ ͏ ͏ ͏ ͏ ͏ ͏ ͏ ͏ ͏ ͏ ͏ ͏",3
221,Who doesn’t love an extra special surprise? Big savings on great gift ideas inside! ﻿͏ ﻿͏ ﻿͏ ﻿͏ ﻿͏ ﻿͏ ﻿͏ ﻿͏ ﻿͏ ﻿͏ ﻿͏ ﻿͏ ﻿͏ ﻿͏ ﻿͏ ﻿͏ ﻿͏ ﻿͏ ﻿͏ ﻿͏ ﻿͏ ﻿͏ ﻿͏ ﻿͏ ﻿͏ ﻿͏ ﻿͏ ﻿͏ ﻿͏ ﻿͏ ﻿͏ ﻿͏ ﻿͏ ﻿͏ ﻿͏ ﻿͏ ﻿͏ ﻿͏ ﻿͏ ﻿͏ ﻿͏ ﻿͏ ﻿͏ ﻿͏ ﻿͏ ﻿͏ ﻿͏ ﻿͏ ﻿͏ ﻿͏ ﻿͏ ﻿͏ ﻿͏ ﻿͏,3
222,"🌎 A new device is saving visits in Timeline Hi mo, You previously turned on Timeline for your Google Account. You also recently signed into a new smartphone, which is now adding to your Timeline for that device. Timeline helps you go back in",3
223,"💬 김용님이 게시물에 댓글을 남겼습니다 애들 크는게 너무 신기해 막커 또 커지는 다음주가 기대되기도 지나가버린... 💬 김용님이 게시물에 댓글을 남겼습니다 5월 6일 오전 8:55 보기 김용님 외 25명이 공감했습니다. skk126skk126@gmail.com 주소로 전송된 메시지입니다. 앞으로 Meta로부터 이와 같은 이메일을 받지 않으려면 그만 받기를 누르세요. Meta Platforms,",5
224,The deals just keep coming 💰 Don&#39;t forget to check out today&#39;s Deal of the Day Andy K. | View Account View: Web BEST BUY Top Deals Outlet TVs Computers Cell Phones Appliances The coolest tech for the best mom ever.,1
225,"🐟 방어회부터 꽃갈비살까지, 최대 20% 할인중 어버이날 푸짐한 상차림 Weee!에서🎁 ͏ ͏ ͏ ͏ ͏ ͏ ͏ ͏ ͏ ͏ ͏ ͏ ͏ ͏ ͏ ͏ ͏ ͏ ͏ ͏ ͏ ͏ ͏ ͏ ͏ ͏ ͏ ͏ ͏ ͏ ͏ ͏ ͏ ͏ ͏ ͏ ͏ ͏ ͏ ͏ ͏ ͏ ͏ ͏ ͏ ͏ ͏ ͏ ͏ ͏ ͏ ͏ ͏ ͏ ͏ ͏ ͏ ͏ ͏ ͏ ͏ ͏ ͏ ͏ ͏ ͏ ͏ ͏ ͏ ͏ ͏ ͏ ͏ ͏ ͏ ͏ ͏ ͏ ͏ ͏ ͏ ͏ ͏ ͏ ͏ ͏ ͏ ͏ ͏ ͏",3
226,"POST/CON 25 is The API Event You Can't Miss Master the intersection of AI and APIs in two transformative days Hi there, If you&#39;re battling poorly optimized APIs that struggle to scale, fighting security risks from misconfigured",5
227,[mo님을 위한 메시지] 이동 중에도 Dropbox를 사용하세요 파일을 클라우드에 저장 �‌�‌�‌�‌�‌�‌�‌�‌�‌�‌�‌�‌�‌��‌�‌�‌�‌�‌�‌�‌�‌�‌�‌�‌�‌�‌��‌�‌�‌�‌�‌�‌�‌�‌�‌�‌��‌�‌�‌�‌�‌�‌�‌�‌�‌�‌��‌�‌�‌�‌�‌�‌�‌�‌�‌�‌��‌�‌�‌�‌�‌�‌�‌�‌�‌�‌��‌�‌�‌�‌�‌�‌�‌�‌�‌�‌��‌�‌�‌�‌�‌�‌�‌�‌�‌�‌��‌�‌�‌�‌,3
228,"[인프런] 지식공유자 기술노트with알렉님이 새소식을 등록했어요.📫 지식공유자 기술노트with알렉님이 새소식을 등록했어요. [출간소식] 코딩 자율학습 컴퓨터 구조와 운영체제 기술노트with알렉 2025-05-07 안녕하세요, 기술노트알렉입니다. 그동안 유투브 영상으로 다뤘던 컴퓨터 구조, 운영체제를 체계적으로 공부할 수 있는 책을 출간하게 되었습니다. 길벗 출판사와 1년여간 공들여서 작업을 하였습니다. 어려운 개념을 이해하기",3
229,"Use Your Own Domain for Link Tracking in Mailsuite Hi mo, You can now set up your own custom domain for link tracking in Mailsuite — like: links.yourcompany.com/xxxxx Why this matters: • Builds more trust with recipients • Improves email deliverability",3
230,"Last day to save on courses you need This sale is winding down, but you can still learn the skills you need for less. Take a look around. ͏ ‌ ﻿ ͏ ‌ ﻿ ͏ ‌ ﻿ ͏ ‌ ﻿ ͏ ‌ ﻿ ͏ ‌ ﻿ ͏ ‌ ﻿ ͏ ‌ ﻿ ͏ ‌ ﻿ ͏ ‌ ﻿ ͏ ‌ ﻿ ͏ ‌ ﻿ ͏ ‌ ﻿ ͏ ‌ ﻿ ͏ ‌ ﻿ ͏ ‌ ﻿ ͏ ‌",1
231,"""During coding interview, if you don't immedi..."" r/leetcode: During coding interview, if you don&#39;t immediately know the answer, it&#39;s gg As soon as the interviewer puts the question in Coderpad or anything else, you must know how to write the",3
233,"Samsung SM-S938U Instagram에서 새로운 Instagram 로그인 발생 8_8dodong님, 새로운 로그인이 감지되었습니다 평소에 사용하지 않는 기기에서 로그인이 감지되었습니다. Samsung SM-S938U · Instagram · Lees Summit, MO, United States May 6 at 2:53 PM (PDT) 회원님이 로그인한 것이 맞다면 며칠 동안 특정 보안 및 계정 설정에 액세스할 수 없습니다. 이전에",3
234,"Save up to $100 on select Apple Watch Plus, discover other Apple deals inside. Andy K. | View Account View: Web BEST BUY Top Deals Outlet TVs Computers Cell Phones Appliances Apple Watch. Save up to $100 on select models. Shop now AirPods",1
235,"Last Chance for World of Warcraft Spring Sale Savings, Adventurer! Shop now to save big on pets, character services, and game upgrades! SPRING SALE ENDS SOON SPRING SALE ENDS SOON It&#39;s raining deals, Adventurer! The World of Warcraft® Spring Sale¹ is in full bloom",1
236,"All my Unreal Engine course on sale New Promotional Announcement Hi AndyKang, an announcement has been made from David, instructor of Unreal Engine 5: The Complete Beginner&#39;s Course. Hello Everyone, This email is to announce that,",1
237,"⚡화요일 단 하루, 신선 과일·야채 최대 50% 할인🍓🍈 🔥지금 아니면 못 사요! 제철 과일·야채 총출동! ͏ ͏ ͏ ͏ ͏ ͏ ͏ ͏ ͏ ͏ ͏ ͏ ͏ ͏ ͏ ͏ ͏ ͏ ͏ ͏ ͏ ͏ ͏ ͏ ͏ ͏ ͏ ͏ ͏ ͏ ͏ ͏ ͏ ͏ ͏ ͏ ͏ ͏ ͏ ͏ ͏ ͏ ͏ ͏ ͏ ͏ ͏ ͏ ͏ ͏ ͏ ͏ ͏ ͏ ͏ ͏ ͏ ͏ ͏ ͏ ͏ ͏ ͏ ͏ ͏ ͏ ͏ ͏ ͏ ͏ ͏ ͏ ͏ ͏ ͏ ͏ ͏ ͏ ͏ ͏ ͏ ͏ ͏ ͏ ͏ ͏ ͏",3
238,How AI deep learning saves deep sea life. Dell + Citizens of the Reef | AI-powered customer stories. ﻿͏ ﻿͏ ﻿͏ ﻿͏ ﻿͏ ﻿͏ ﻿͏ ﻿͏ ﻿͏ ﻿͏ ﻿͏ ﻿͏ ﻿͏ ﻿͏ ﻿͏ ﻿͏ ﻿͏ ﻿͏ ﻿͏ ﻿͏ ﻿͏ ﻿͏ ﻿͏ ﻿͏ ﻿͏ ﻿͏ ﻿͏ ﻿͏ ﻿͏ ﻿͏ ﻿͏ ﻿͏ ﻿͏ ﻿͏ ﻿͏ ﻿͏ ﻿͏ ﻿͏ ﻿͏ ﻿͏ ﻿͏ ﻿͏ ﻿͏ ﻿͏ ﻿͏ ﻿͏ ﻿͏ ﻿,3
239,"See what’s new: Courses are on sale now The future-ready skills you need, on sale now. Save on fresh courses. ͏ ‌ ﻿ ͏ ‌ ﻿ ͏ ‌ ﻿ ͏ ‌ ﻿ ͏ ‌ ﻿ ͏ ‌ ﻿ ͏ ‌ ﻿ ͏ ‌ ﻿ ͏ ‌ ﻿ ͏ ‌ ﻿ ͏ ‌ ﻿ ͏ ‌ ﻿ ͏ ‌ ﻿ ͏ ‌ ﻿ ͏ ‌ ﻿ ͏ ‌ ﻿ ͏ ‌ ﻿ ͏ ‌ ﻿ ͏ ‌ ﻿ ͏ ‌ ﻿ ͏ ‌ ﻿ ͏ ‌ ﻿",1
240,"""Had my Google Phone Screen today."" r/leetcode: Had my Google Phone Screen today. The location is for India and I think this was for al L3 role. I have been the guy who always ran away from DSA and leetcode and the amount of DSA videos",3
241,Your writing is hitting all the right notes 🎵 Curious to see last week&#39;s progress? ‌ ‌ ‌ ‌ ‌ ‌ ‌ ‌ ‌ ‌ ‌ ‌ ‌ ‌ ‌ ‌ ‌ ‌ ‌ ‌ ‌ ‌ ‌ ‌ ‌ ‌ ‌ ‌ ‌ ‌ ‌ ‌ ‌ ‌ ‌ ‌ ‌ ‌ ‌ ‌ ‌ ‌ ‌ ‌ ‌ ‌ ‌ ‌ ‌ ‌ ‌ ‌ ‌ ‌ ‌ ‌ ‌ ‌ ‌ ‌ ‌ ‌ ‌ ‌ ‌ ‌ ‌ ‌ ‌ ‌ ‌ ‌ ‌ ‌ ‌ ‌ ‌ ‌ ‌ ‌,3
242,It feels good to save 20% Spotlight on Women&#39;s Health Month View in browser Quest logo Who runs the world? Women with health insights! Smiling woman going for a jog Save up to 20%* on lab tests at questhealth.com Shop sale,1
243,Here's our update... So many unbelievable offers inside Don&#39;t miss today&#39;s Deal of the Day. Andy K. | View Account View: Web BEST BUY Top Deals Outlet TVs Computers Cell Phones Appliances Save up to 35% on select major appliances Shop now All,1
244,"카톡 $10 쿠폰🚨오늘만! 메가 먼데이 특가 대공개🔥 역대급 특가전, 놓치면 진짜 후회합니다! ͏ ͏ ͏ ͏ ͏ ͏ ͏ ͏ ͏ ͏ ͏ ͏ ͏ ͏ ͏ ͏ ͏ ͏ ͏ ͏ ͏ ͏ ͏ ͏ ͏ ͏ ͏ ͏ ͏ ͏ ͏ ͏ ͏ ͏ ͏ ͏ ͏ ͏ ͏ ͏ ͏ ͏ ͏ ͏ ͏ ͏ ͏ ͏ ͏ ͏ ͏ ͏ ͏ ͏ ͏ ͏ ͏ ͏ ͏ ͏ ͏ ͏ ͏ ͏ ͏ ͏ ͏ ͏ ͏ ͏ ͏ ͏ ͏ ͏ ͏ ͏ ͏ ͏ ͏ ͏ ͏ ͏ ͏ ͏ ͏ ͏ ͏ ͏ ͏",1
245,"Ending Soon: Shop the Battle.net Spring Sale Shop now and save on a selection of games, bundles, and more. Sale ends May 7 Sale ends May 7 The Battle.net Spring Sale is ending soon, Adventurer! Shop and save up to 67% off a selection of Battle.",1
246,Unlock exclusive benefits to boost your creativity ﻿ Explore new fonts and fresh ways to get discovered with your Creative Cloud membership. ‌ ‌ ‌ ‌ ‌ ‌ ‌ ‌ ‌ ‌ ‌ ‌ ‌ ‌ ‌ ‌ ‌ ‌ ‌ ‌ ‌ ‌ ‌ ‌ ‌ ‌ ‌ ‌ ‌ ‌ ‌ ‌ ‌ ‌ ‌ ‌ ‌ ‌ ‌ ‌ ‌ ‌ ‌ ‌ ‌ ‌ ‌ ‌ ‌ ‌ ‌ ‌ ‌ ‌ ‌ ‌,1
247,We’ve Received Your FAFSA Form Log in to track its progress. ‌ ‌ ‌ ‌ ‌ ‌ ‌ ‌ ‌ ‌ ‌ ‌ ‌ ‌ ‌ ‌ ‌ ‌ ‌ ‌ ‌ ‌ ‌ ‌ ‌ ‌ ‌ ‌ ‌ ‌ ‌ ‌ ‌ ‌ ‌ ‌ ‌ ‌ ‌ ‌ ‌ ‌ ‌ ‌ ‌ ‌ ‌ ‌ ‌ ‌ ‌ ‌ ‌ ‌ ‌ ‌ ‌ ‌ ‌ ‌ ‌ ‌ ‌ ‌ ‌ ‌ ‌ ‌ ‌ ‌ ‌ ‌ ‌ ‌ ‌ ‌ ‌ ‌ ‌ ‌ ‌ ‌ ‌ ‌ ‌ ‌,5
248,Your Secure Code Request Please use this code to finish logging in to your account. ‌ ‌ ‌ ‌ ‌ ‌ ‌ ‌ ‌ ‌ ‌ ‌ ‌ ‌ ‌ ‌ ‌ ‌ ‌ ‌ ‌ ‌ ‌ ‌ ‌ ‌ ‌ ‌ ‌ ‌ ‌ ‌ ‌ ‌ ‌ ‌ ‌ ‌ ‌ ‌ ‌ ‌ ‌ ‌ ‌ ‌ ‌ ‌ ‌ ‌ ‌ ‌ ‌ ‌ ‌ ‌ ‌ ‌ ‌ ‌ ‌ ‌ ‌ ‌ ‌ ‌ ‌ ‌ ‌ ‌ ‌,3
250,"""Dream Gone"" r/learnpython: Dream Gone Everyone is saying python is easy to learn and there&#39;s me who has been stauck on OOP for the past 1 month. I just can&#39;t get it. I&#39;ve been stuck in tutorial hell",3
251,"이번 주만! 🇰🇷코리아위크 초특가 위클리딜! 🇰🇷K-푸드 위크, 이 가격 실화? 위클리딜 OPEN! ͏ ͏ ͏ ͏ ͏ ͏ ͏ ͏ ͏ ͏ ͏ ͏ ͏ ͏ ͏ ͏ ͏ ͏ ͏ ͏ ͏ ͏ ͏ ͏ ͏ ͏ ͏ ͏ ͏ ͏ ͏ ͏ ͏ ͏ ͏ ͏ ͏ ͏ ͏ ͏ ͏ ͏ ͏ ͏ ͏ ͏ ͏ ͏ ͏ ͏ ͏ ͏ ͏ ͏ ͏ ͏ ͏ ͏ ͏ ͏ ͏ ͏ ͏ ͏ ͏ ͏ ͏ ͏ ͏ ͏ ͏ ͏ ͏ ͏ ͏ ͏ ͏ ͏ ͏ ͏ ͏ ͏ ͏ ͏ ͏",1
252,TAEGHYUN K Accepted the Invite to Your FAFSA Form Make sure they finish their section. ‌ ‌ ‌ ‌ ‌ ‌ ‌ ‌ ‌ ‌ ‌ ‌ ‌ ‌ ‌ ‌ ‌ ‌ ‌ ‌ ‌ ‌ ‌ ‌ ‌ ‌ ‌ ‌ ‌ ‌ ‌ ‌ ‌ ‌ ‌ ‌ ‌ ‌ ‌ ‌ ‌ ‌ ‌ ‌ ‌ ‌ ‌ ‌ ‌ ‌ ‌ ‌ ‌ ‌ ‌ ‌ ‌ ‌ ‌ ‌ ‌ ‌ ‌ ‌ ‌ ‌ ‌ ‌ ‌ ‌ ‌ ‌ ‌ ‌ ‌ ‌ ‌ ‌ ‌ ‌ ‌ ‌,4
253,Your consent to request IRS information is confirmed This confirms consent for us to request tax information ‌ ‌ ‌ ‌ ‌ ‌ ‌ ‌ ‌ ‌ ‌ ‌ ‌ ‌ ‌ ‌ ‌ ‌ ‌ ‌ ‌ ‌ ‌ ‌ ‌ ‌ ‌ ‌ ‌ ‌ ‌ ‌ ‌ ‌ ‌ ‌ ‌ ‌ ‌ ‌ ‌ ‌ ‌ ‌ ‌ ‌ ‌ ‌ ‌ ‌ ‌ ‌ ‌ ‌ ‌ ‌ ‌ ‌ ‌ ‌ ‌ ‌ ‌ ‌ ‌ ‌ ‌ ‌ ‌ ‌ ‌ ‌ ‌,5
254,"Important – Your FSA ID Password Was Changed Click here to view this email as a web page. Federal Student Aid Important – Your FSA ID Password Was Changed Donghyuk, This email is to alert you that your FSA ID password was recently changed. If you",3
255,You have until the end of the day... The Outlet Event at Best Buy is worth talking about! Don&#39;t forget to check out today&#39;s Deal of the Day Andy K. | View Account View: Web BEST BUY Top Deals Outlet TVs Computers Cell Phones Appliances Outlet Event ends Sunday. Make spring your,1
256,"올해 어머니의 날을 잊을 수 없는 이벤트로 만들어 보세요 이에 더해, Uber One으로 배달비 $0 혜택을 누리세요. ͏ ͏ ͏ ͏ ͏ ͏ ͏ ͏ ͏ ͏ ͏ ͏ ͏ ͏ ͏ ͏ ͏ ͏ ͏ ͏ ͏ ͏ ͏ ͏ ͏ ͏ ͏ ͏ ͏ ͏ ͏ ͏ ͏ ͏ ͏ ͏ ͏ ͏ ͏ ͏ ͏ ͏ ͏ ͏ ͏ ͏ ͏ ͏ ͏ ͏ ͏ ͏ ͏ ͏ ͏ ͏ ͏ ͏ ͏ ͏ ͏ ͏ ͏ ͏ ͏ ͏ ͏ ͏ ͏ ͏ ͏ ͏ ͏ ͏ ͏ ͏ ͏ ͏ ͏ ͏ ͏ ͏ ͏",1
257,"✅ Mo, finish setting up your Galaxy S25 Ultra device with Google Finish set-up 📲 ‌ ‌ ‌ ‌ ‌ ‌ ‌ ‌ ‌ ‌ ‌ ‌ ‌ ‌ ‌ ‌ ‌ ‌ ‌ ‌ ‌ ‌ ‌ ‌ ‌ ‌ ‌ ‌ ‌ ‌ ‌ ‌ ‌ ‌ ‌ ‌ ‌ ‌ ‌ ‌ ‌ ‌ ‌ ‌ ‌ ‌ ‌ ‌ ‌ ‌ ‌ ‌ ‌ ‌ ‌ ‌ ‌ ‌ ‌ ‌ ‌ ‌ ‌ ‌ ‌ ‌ ‌ ‌ ‌ ‌ ‌ ‌ ‌ ‌ ‌ ‌ ‌ ‌ ‌ ‌ ‌ ‌ ‌ ‌ ‌ ‌ ‌ ‌ ‌ ‌ ‌ ‌ ‌",3
258,"New sign-in to your Samsung account New sign-in to your Samsung account Dear Customer, Your Samsung account skk126skk126@gmail.com was signed in to from a new device. Device Galaxy S25 Ultra Date and time 2025.05.04 AM 10:36 (Central",3
259,"Security alert A new sign-in on Galaxy S25 Ultra skk126skk126@gmail.com We noticed a new sign-in to your Google Account on a Galaxy S25 Ultra device. If this was you, you don&#39;t need to do anything. If not, we",3
260,"익숙해서 더 좋은, CJ 제품 20% 할인 🎁 비비고 만두부터 햇반, 김치까지 알뜰구매찬스! ͏ ͏ ͏ ͏ ͏ ͏ ͏ ͏ ͏ ͏ ͏ ͏ ͏ ͏ ͏ ͏ ͏ ͏ ͏ ͏ ͏ ͏ ͏ ͏ ͏ ͏ ͏ ͏ ͏ ͏ ͏ ͏ ͏ ͏ ͏ ͏ ͏ ͏ ͏ ͏ ͏ ͏ ͏ ͏ ͏ ͏ ͏ ͏ ͏ ͏ ͏ ͏ ͏ ͏ ͏ ͏ ͏ ͏ ͏ ͏ ͏ ͏ ͏ ͏ ͏ ͏ ͏ ͏ ͏ ͏ ͏ ͏ ͏ ͏ ͏ ͏ ͏ ͏ ͏ ͏ ͏ ͏ ͏ ͏ ͏ ͏ ͏ ͏",3
261,"""So I asked my doctor why my dad had growing ..."" r/Jokes: So I asked my doctor why my dad had growing fungus in his ears. After careful examination, the doctor said the most possible reason was because he was dead. ͏‌ ͏‌ ͏‌ ͏‌ ͏‌ ͏‌ ͏‌ ͏‌ ͏‌ ͏‌ ͏‌ ͏‌",3
262,입맛 없을 땐? 새콤매콤 열무비빔밥 한 그릇! 🥢 비빔밥용 제철 채소 20% 할인중🥗 ͏ ͏ ͏ ͏ ͏ ͏ ͏ ͏ ͏ ͏ ͏ ͏ ͏ ͏ ͏ ͏ ͏ ͏ ͏ ͏ ͏ ͏ ͏ ͏ ͏ ͏ ͏ ͏ ͏ ͏ ͏ ͏ ͏ ͏ ͏ ͏ ͏ ͏ ͏ ͏ ͏ ͏ ͏ ͏ ͏ ͏ ͏ ͏ ͏ ͏ ͏ ͏ ͏ ͏ ͏ ͏ ͏ ͏ ͏ ͏ ͏ ͏ ͏ ͏ ͏ ͏ ͏ ͏ ͏ ͏ ͏ ͏ ͏ ͏ ͏ ͏ ͏ ͏ ͏ ͏ ͏ ͏ ͏ ͏ ͏ ͏ ͏ ͏ ͏ ͏ ͏,3
263,"Hi there - TVs as low as $69.99 is an amazing DEAL... 💰 Plus, check out this Deal of the Day! Andy K. | View Account View: Web BEST BUY Top Deals Outlet TVs Computers Cell Phones Appliances Explore TVs as low as $69.99. Shop now. Reference disclaimer. Shop",1
264,금주 회원님의 검색 노출수는 1입니다. 내 프로필을 조회한 사람 보기 ͏ ͏ ͏ ͏ ͏ ͏ ͏ ͏ ͏ ͏ ͏ ͏ ͏ ͏ ͏ ͏ ͏ ͏ ͏ ͏ ͏ ͏ ͏ ͏ ͏ ͏ ͏ ͏ ͏ ͏ ͏ ͏ ͏ ͏ ͏ ͏ ͏ ͏ ͏ ͏ ͏ ͏ ͏ ͏ ͏ ͏ ͏ ͏ ͏ ͏ ͏ ͏ ͏ ͏ ͏ ͏ ͏ ͏ ͏ ͏ ͏ ͏ ͏ ͏ ͏ ͏ ͏ ͏ ͏ ͏ ͏ ͏ ͏ ͏ ͏ ͏ ͏ ͏ ͏ ͏ ͏ ͏ ͏ ͏ ͏ ͏ ͏ ͏ ͏ ͏ ͏ ͏,3
265,기간 한정 혜택 기간 한정 혜택을 놓치지 마세요. ͏ ͏ ͏ ͏ ͏ ͏ ͏ ͏ ͏ ͏ ͏ ͏ ͏ ͏ ͏ ͏ ͏ ͏ ͏ ͏ ͏ ͏ ͏ ͏ ͏ ͏ ͏ ͏ ͏ ͏ ͏ ͏ ͏ ͏ ͏ ͏ ͏ ͏ ͏ ͏ ͏ ͏ ͏ ͏ ͏ ͏ ͏ ͏ ͏ ͏ ͏ ͏ ͏ ͏ ͏ ͏ ͏ ͏ ͏ ͏ ͏ ͏ ͏ ͏ ͏ ͏ ͏ ͏ ͏ ͏ ͏ ͏ ͏ ͏ ͏ ͏ ͏ ͏ ͏ ͏ ͏ ͏ ͏ ͏ ͏ ͏ ͏ ͏ ͏ ͏ ͏,1
266,"""Is this a joke?"" r/leetcode: Is this a joke? As I was preparing for interview, so I got some sources, where I can have questions important for FAANG interviews and found this question. Firstly, I thought it might be a",3
267,"드시고 싶은 음식이 무엇이든 배달해드립니다. 🍔🌯 이에 더해, Uber One으로 배달비 $0 혜택을 누리세요. ͏ ͏ ͏ ͏ ͏ ͏ ͏ ͏ ͏ ͏ ͏ ͏ ͏ ͏ ͏ ͏ ͏ ͏ ͏ ͏ ͏ ͏ ͏ ͏ ͏ ͏ ͏ ͏ ͏ ͏ ͏ ͏ ͏ ͏ ͏ ͏ ͏ ͏ ͏ ͏ ͏ ͏ ͏ ͏ ͏ ͏ ͏ ͏ ͏ ͏ ͏ ͏ ͏ ͏ ͏ ͏ ͏ ͏ ͏ ͏ ͏ ͏ ͏ ͏ ͏ ͏ ͏ ͏ ͏ ͏ ͏ ͏ ͏ ͏ ͏ ͏ ͏ ͏ ͏ ͏ ͏ ͏ ͏",1
268,"Amazon.com order of Ambiguous Morality. Amazon Amazon Hi AndyKang, Thank you for shopping with us. You can find all your new and previous music in Your Music Library. Instantly play your music anywhere by downloading one of our free apps",1
269,🇰🇷Korea Week🔥Crazy8 스타트! 풍산김치·갈비탕 등 한국 인기제품 역대급 세일! ͏ ͏ ͏ ͏ ͏ ͏ ͏ ͏ ͏ ͏ ͏ ͏ ͏ ͏ ͏ ͏ ͏ ͏ ͏ ͏ ͏ ͏ ͏ ͏ ͏ ͏ ͏ ͏ ͏ ͏ ͏ ͏ ͏ ͏ ͏ ͏ ͏ ͏ ͏ ͏ ͏ ͏ ͏ ͏ ͏ ͏ ͏ ͏ ͏ ͏ ͏ ͏ ͏ ͏ ͏ ͏ ͏ ͏ ͏ ͏ ͏ ͏ ͏ ͏ ͏ ͏ ͏ ͏ ͏ ͏ ͏ ͏ ͏ ͏ ͏ ͏ ͏ ͏ ͏ ͏ ͏ ͏ ͏ ͏ ͏ ͏ ͏,3
270,"Andy, Just Days Left to Apply NYU's Visiting Students Summer Session I! Summer Session I applications are due May 5 at 11:59 pm Make Summer Count, Andy. Apply for Summer Session I by May 5 at 11:59 pm in your time zone! APPLY TODAY Make this summer the catalyst for the",3
271,"** TECH ON SALE ** Check out what we have in the Outlet Event... Our latest unmissable deals are live now. PS, Have you shopped our Deal of the Day? Andy K. | View Account View: Web BEST BUY Top Deals Outlet TVs Computers Cell Phones Appliances Limited-time Outlet Event. Make spring your thing. Save up to",1
272,🎉 Korea Week 무료 증정 이벤트! 어떤 제품이 공짜? 지금 바로 확인! 👇 ͏ ͏ ͏ ͏ ͏ ͏ ͏ ͏ ͏ ͏ ͏ ͏ ͏ ͏ ͏ ͏ ͏ ͏ ͏ ͏ ͏ ͏ ͏ ͏ ͏ ͏ ͏ ͏ ͏ ͏ ͏ ͏ ͏ ͏ ͏ ͏ ͏ ͏ ͏ ͏ ͏ ͏ ͏ ͏ ͏ ͏ ͏ ͏ ͏ ͏ ͏ ͏ ͏ ͏ ͏ ͏ ͏ ͏ ͏ ͏ ͏ ͏ ͏ ͏ ͏ ͏ ͏ ͏ ͏ ͏ ͏ ͏ ͏ ͏ ͏ ͏ ͏ ͏ ͏ ͏ ͏ ͏ ͏ ͏ ͏ ͏ ͏ ͏ ͏,1
273,탑스틱 topsticks loves your comment Youtube Logo 탑스틱 topsticks loves your comment 뚜벅이엔 공속 피들 | 탑스틱 topsticks @mocho5604 불쌍한 가붕이... 요즘 느끼는건 가렌 나오면 아무거나 해도되드라고요. 가렌 상대로 리안드리를 가든 탱을 가든 요즘 가렌이 너무 쓰렉... View hearted comment If you no longer,3
274,"""Dropped from ~32 LPA CTC to 6.5 LPA CTC post..."" r/developersIndia: Dropped from ~32 LPA CTC to 6.5 LPA CTC post layoff— worth it or hold out? 1.5 YOE Hey everyone, Would really appreciate some advice on my current situation. I recently got an offer",3
275,"Don’t Miss Big Savings on World of Warcraft: The War Within, Adventurer! Save up to 40% on The War Within with a bonus 30 days of Game Time and a Level 70 Character Boost. GET STARTED WITH AN EPIC WELCOME OFFER Your next adventure begins here, Adventurer! Get Game Time, a",2
276,"단 6시간 남음⏳ Crazy 8 세일 마지막 찬스! 한국 인기상품 50% 세일 마지막 타임딜, 지금 클릭하세요. ͏ ͏ ͏ ͏ ͏ ͏ ͏ ͏ ͏ ͏ ͏ ͏ ͏ ͏ ͏ ͏ ͏ ͏ ͏ ͏ ͏ ͏ ͏ ͏ ͏ ͏ ͏ ͏ ͏ ͏ ͏ ͏ ͏ ͏ ͏ ͏ ͏ ͏ ͏ ͏ ͏ ͏ ͏ ͏ ͏ ͏ ͏ ͏ ͏ ͏ ͏ ͏ ͏ ͏ ͏ ͏ ͏ ͏ ͏ ͏ ͏ ͏ ͏ ͏ ͏ ͏ ͏ ͏ ͏ ͏ ͏ ͏ ͏ ͏ ͏ ͏ ͏ ͏ ͏ ͏ ͏ ͏ ͏ ͏",3
277,This MacBook Air could be your perfect match! Save some serious $$$ when you shop with us Don&#39;t forget to check out today&#39;s Deal of the Day Andy K. | View Account View: Web BEST BUY Top Deals Outlet TVs Computers Cell Phones Appliances MacBook Air (M4). Save $150 on the latest,1
278,New Photoshop features to speed your creativity ﻿ Take your ideas further faster with creative AI in Photoshop. ‌ ‌ ‌ ‌ ‌ ‌ ‌ ‌ ‌ ‌ ‌ ‌ ‌ ‌ ‌ ‌ ‌ ‌ ‌ ‌ ‌ ‌ ‌ ‌ ‌ ‌ ‌ ‌ ‌ ‌ ‌ ‌ ‌ ‌ ‌ ‌ ‌ ‌ ‌ ‌ ‌ ‌ ‌ ‌ ‌ ‌ ‌ ‌ ‌ ‌ ‌ ‌ ‌ ‌ ‌ ‌ ‌ ‌ ‌ ‌ ‌ ‌ ‌ ‌ ‌ ‌ ‌ ‌ ‌,3
279,❤️ 새콤달콤 남도별미! 홍어회무침 면 위에? 밥 위에? 입맛대로 즐겨보세요🍽️ ͏ ͏ ͏ ͏ ͏ ͏ ͏ ͏ ͏ ͏ ͏ ͏ ͏ ͏ ͏ ͏ ͏ ͏ ͏ ͏ ͏ ͏ ͏ ͏ ͏ ͏ ͏ ͏ ͏ ͏ ͏ ͏ ͏ ͏ ͏ ͏ ͏ ͏ ͏ ͏ ͏ ͏ ͏ ͏ ͏ ͏ ͏ ͏ ͏ ͏ ͏ ͏ ͏ ͏ ͏ ͏ ͏ ͏ ͏ ͏ ͏ ͏ ͏ ͏ ͏ ͏ ͏ ͏ ͏ ͏ ͏ ͏ ͏ ͏ ͏ ͏ ͏ ͏ ͏ ͏ ͏ ͏ ͏ ͏ ͏ ͏ ͏ ͏,3
281,"Star Wars fans’ favorite time of the year Save on Star Wars titles, see new releases and more ‌ ‌ ‌ ‌ ‌ ‌ ‌ ‌ ‌ ‌ ‌ ‌ ‌ ‌ ‌ ‌ ‌ ‌ ‌ ‌ ‌ ‌ ‌ ‌ ‌ ‌ ‌ ‌ ‌ ‌ ‌ ‌ ‌ ‌ ‌ ‌ ‌ ‌ ‌ ‌ ‌ ‌ ‌ ‌ ‌ ‌ ‌ ‌ ‌ ‌ ‌ ‌ ‌ ‌ ‌ ‌ ‌ ‌ ‌ ‌ ‌ ‌ ‌ ‌ ‌ ‌ ‌ ‌ ‌ ‌ ‌ ‌ ‌ ‌ ‌",3
282,"""Amazon SDE2 rejected, offered SDE1"" r/leetcode: Amazon SDE2 rejected, offered SDE1 I have a 4.5 year experience and interviewed for SDE2 role in amazon. After the loop they said they would offer me sde 1 but not sde 2(I messed up in one",3
283,Your 3 months of Spotify Premium for $0 are waiting. Bring your playlists anywhere. Spotify Premium Where to go next? Let your mood decide. Download all the best albums and playlists to bring the vibes anywhere. Get 3 free months of Premium to start,3
284,"Kang, we've missed you! The new 2025 TV and Audio lineup is here 🎁 Get a gift with purchase 🎁 Get a gift with purchase Samsung Log in for Employee Discount Program Log in for Employee Discount Program Log in for Employee Discount Program Samsung Vision AI is here",1
285,"👀 이번 주 신상, 벌써 난리났어요…! 놓치면 후회할 신상품 공개! ͏ ͏ ͏ ͏ ͏ ͏ ͏ ͏ ͏ ͏ ͏ ͏ ͏ ͏ ͏ ͏ ͏ ͏ ͏ ͏ ͏ ͏ ͏ ͏ ͏ ͏ ͏ ͏ ͏ ͏ ͏ ͏ ͏ ͏ ͏ ͏ ͏ ͏ ͏ ͏ ͏ ͏ ͏ ͏ ͏ ͏ ͏ ͏ ͏ ͏ ͏ ͏ ͏ ͏ ͏ ͏ ͏ ͏ ͏ ͏ ͏ ͏ ͏ ͏ ͏ ͏ ͏ ͏ ͏ ͏ ͏ ͏ ͏ ͏ ͏ ͏ ͏ ͏ ͏ ͏ ͏ ͏ ͏ ͏ ͏ ͏ ͏ ͏ ͏ ͏ ͏ ͏ ͏",3
286,"** TECH ON SALE ** Always check Best Buy for great offers! Plus a new Deal of the Day today, and every day. Andy K. | View Account View: Web BEST BUY Top Deals Outlet TVs Computers Cell Phones Appliances Limited-time Outlet Event. Make spring your thing. Save",1
287,You sent money with Zelle(R) Wells Fargo home page You sent $72.00 to Evan Lee Date: 04/30/2025 From account: ...5434 Confirmation: WFCT0YRVJCZQ Send another payment Didn&#39;t send this money? Please contact us. Wells Fargo home,3
288,"You added a Zelle(R) recipient Wells Fargo home page You added Evan Lee We&#39;ll send a message to 9089027244 when you send or request money. To receive money or requests, Evan Lee must enroll this mobile number in Zelle®. Send or",3
289,"Re: 답장 👍 알아서 하고 계셔 난 AP 치고 돌아옴 On Mon, Apr 28, 2025 at 5:50 PM mo Cho &lt;skk126skk126@gmail.com&gt; wrote: 난 내일 기말시험 하나 끝나면 진짜 다 끝나서 시간여유는 있음 다른 보스랑 진보스 그쪽만 건들어보는중(아 참고로 친삭해놔가지고 친추다시할테니 받아주삼) On Mon, Apr 28,",3
290,"New in Mailsuite: Fill & Sign PDF Attachments Without Downloading Hi mo, You can now fill out and sign PDF attachments you receive in Gmail — directly from your inbox with Mailsuite. ✅ Fill and sign PDFs without downloading ✅ No third party tools needed. ✅ Available",3
291,It’s the last day of our sale. Shop now and save. Courses are on sale today. See the ones other learners are ranking the best. ͏ ‌ ﻿ ͏ ‌ ﻿ ͏ ‌ ﻿ ͏ ‌ ﻿ ͏ ‌ ﻿ ͏ ‌ ﻿ ͏ ‌ ﻿ ͏ ‌ ﻿ ͏ ‌ ﻿ ͏ ‌ ﻿ ͏ ‌ ﻿ ͏ ‌ ﻿ ͏ ‌ ﻿ ͏ ‌ ﻿ ͏ ‌ ﻿ ͏ ‌ ﻿ ͏ ‌ ﻿ ͏ ‌ ﻿ ͏ ‌ ﻿ ͏ ‌ ﻿ ͏ ‌,1
292,"""Forming a Serious FAANG Prep Group (3–6 Mont..."" r/leetcode: Forming a Serious FAANG Prep Group (3–6 Months Goal) hey everyone, i&#39;m planning to start a serious prep group for faang and similar companies, the idea is to prepare together for the",5
293,"Request #719186: How would you rate the support you received? Hello Skk126skk126, We&#39;d love to hear what you think of our customer service. Please take a moment to answer one simple question by clicking either link below: How would you rate the support you",3
294,"Mother’s Day is May 11. Shop the coolest gifts now. Discover headphones, digital calendars, AI glasses and more. Andy K. | View Account View: Web BEST BUY Top Deals Outlet TVs Computers Cell Phones Appliances It&#39;s mom&#39;s moment. Person lying down",1
296,"Mailsuite Daily Report Apr 28, 2025: 2 emails sent Mailsuite Mailsuite Daily Report Apr 28, 2025 Summary (04/28/25, 7:00 AM - 04/29/25, 7:00 AM) 2 emails sent 100% were read 0% were clicked Already read (2) 답장 Apr 28, 2025 at 1:09 PM Read once To:",3
297,"With courses on sale, your future’s looking bright Learn something new with courses on sale now. What are your goals? Save now. ͏ ‌ ﻿ ͏ ‌ ﻿ ͏ ‌ ﻿ ͏ ‌ ﻿ ͏ ‌ ﻿ ͏ ‌ ﻿ ͏ ‌ ﻿ ͏ ‌ ﻿ ͏ ‌ ﻿ ͏ ‌ ﻿ ͏ ‌ ﻿ ͏ ‌ ﻿ ͏ ‌ ﻿ ͏ ‌ ﻿ ͏ ‌ ﻿ ͏ ‌ ﻿ ͏ ‌ ﻿ ͏ ‌ ﻿ ͏ ‌ ﻿ ͏ ‌ ﻿ ͏ ‌",1
298,📈 See your writing wins + Pro for 50% off! It&#39;s time to see what you achieved last week! ‌ ‌ ‌ ‌ ‌ ‌ ‌ ‌ ‌ ‌ ‌ ‌ ‌ ‌ ‌ ‌ ‌ ‌ ‌ ‌ ‌ ‌ ‌ ‌ ‌ ‌ ‌ ‌ ‌ ‌ ‌ ‌ ‌ ‌ ‌ ‌ ‌ ‌ ‌ ‌ ‌ ‌ ‌ ‌ ‌ ‌ ‌ ‌ ‌ ‌ ‌ ‌ ‌ ‌ ‌ ‌ ‌ ‌ ‌ ‌ ‌ ‌ ‌ ‌ ‌ ‌ ‌ ‌ ‌ ‌ ‌ ‌ ‌ ‌ ‌ ‌,3
299,"Re: 답장 난 내일 기말시험 하나 끝나면 진짜 다 끝나서 시간여유는 있음 다른 보스랑 진보스 그쪽만 건들어보는중(아 참고로 친삭해놔가지고 친추다시할테니 받아주삼) On Mon, Apr 28, 2025 at 4:47 PM Gyeongwon Youn &lt;gyeongwon.youn.884@k12.friscoisd.org&gt; wrote: 그래 그냥 서로 답답한거랑",3
300,Look at all you've accomplished on Udemy Your time is really paying off! Keep up the good work and take your learning even further with these recommended courses. ͏‌ ͏‌ ͏‌ ͏‌ ͏‌ ͏‌ ͏‌ ͏‌ ͏‌ ͏‌ ͏‌ ͏‌ ͏‌ ͏‌ ͏‌ ͏‌ ͏‌ ͏‌ ͏‌ ͏‌ ͏‌ ͏‌ ͏‌ ͏‌ ͏‌ ͏‌,3
301,"Re: 답장 그래 그냥 서로 답답한거랑 스트레스랑 여러가지 섞여서 싸운거 같다... 나도 뭐 괜한걸로 싸웠나 싶네, 머리 차가워 지고 보니까... 살짝 쪽팔린 것도 같고 이 이후로 어떻게 하고 싶은지는 니가 정해서 알려줘, 아직 안풀렸으면 뭐 말할 거 더 말하시고 다시 시작해도 지금 당장 시작은 못하고, 여름 방학 시작하거나, 아니면 나 그 뭐니 AP 시험 다 보고 다시",3
303,Re: 답장 나도 이거 슬슬 계속 글쓰는거 지치니께 짧게 설명한다. 님이 나한테 여러번 했던 얘기가 그냥 채팅으로만 얘기하면 그 사람의 감정 알아 차리기 어렵다고 했지. 난 님이 싸우기 전에 얘기할때 지치고 승질내는 느낌을 받았엇고(그냥 내가 느끼기에 그랬다고) 채팅에서 &quot;니 맘대로 생각하고 나한테는 공유도 안하고 나한테 지금 왜 이거 안했냐 시전하니깐 그런거지,3
304,"답장 일단 나는 니 답장도 읽었고, 내가 쓴 것도 다시 읽었고, 우리가 나눈 대화도 3번정도 읽었어. 너의 입장도 잘 알겠어, 답장 늦어진 이유는 생각할게 많았고, 시간도 적어서- 나도 너의 말에 어느정도 인정을 하는 부분은, 내 말에 커뮤니케이션 == 공유 라고 느꼈으면 내가 잘못 전달 한 부분이고. 내 말은, 커뮤니케이션은 일단 꺼내보고, 공유를 하는 부분에서",3
305,Final days of spring sale! Don&#39;t miss out on deals up to $350 off. ﻿͏ ﻿͏ ﻿͏ ﻿͏ ﻿͏ ﻿͏ ﻿͏ ﻿͏ ﻿͏ ﻿͏ ﻿͏ ﻿͏ ﻿͏ ﻿͏ ﻿͏ ﻿͏ ﻿͏ ﻿͏ ﻿͏ ﻿͏ ﻿͏ ﻿͏ ﻿͏ ﻿͏ ﻿͏ ﻿͏ ﻿͏ ﻿͏ ﻿͏ ﻿͏ ﻿͏ ﻿͏ ﻿͏ ﻿͏ ﻿͏ ﻿͏ ﻿͏ ﻿͏ ﻿͏ ﻿͏ ﻿͏ ﻿͏ ﻿͏ ﻿͏ ﻿͏ ﻿͏ ﻿͏ ﻿͏ ﻿͏ ﻿͏ ﻿͏ ﻿͏ ﻿,1
306,"Save on everything spring during the Outlet Event Don&#39;t miss out, shop Top Deals today. Andy K. | View Account View: Web BEST BUY Top Deals Outlet TVs Computers Cell Phones Appliances Limited-time Outlet Event. Make spring your thing. Save up to",1
307,"(광고) ⏰모든 강의 30% 선물은 오늘까지! 언제 다시 올지 모르는 30% 할인, 놓치기 아쉽다면?🥹 나의 성장을 돕는 IT 실무지식 플랫폼 모든 강의 30% 할인, 오늘까지! 안녕하세요! 인프런 팀입니다. 불확실한 시대에도 mo Cho 님의 시간은 늘 따뜻한 봄이길 응원하며 인프런이 준비했던 30% 할인! 혹시 놓치신 건 아니죠? 인프런 모든 강의 30% 할인, 기초 강의 무료 선물은 딱 ! 오늘",1
308,"""Hit 100 questions!!!"" r/leetcode: Hit 100 questions!!! Got an interview at Amazon tmr and decided to take the lc grind seriously when I got the email. Did blind 75 + some high freq questions. Kinda proud of myself for doing",3
309,"이번 주 장보기, Weee!가 답이다🛒 일주일 든든하게 쟁여둘 특가템 최대 50% ͏ ͏ ͏ ͏ ͏ ͏ ͏ ͏ ͏ ͏ ͏ ͏ ͏ ͏ ͏ ͏ ͏ ͏ ͏ ͏ ͏ ͏ ͏ ͏ ͏ ͏ ͏ ͏ ͏ ͏ ͏ ͏ ͏ ͏ ͏ ͏ ͏ ͏ ͏ ͏ ͏ ͏ ͏ ͏ ͏ ͏ ͏ ͏ ͏ ͏ ͏ ͏ ͏ ͏ ͏ ͏ ͏ ͏ ͏ ͏ ͏ ͏ ͏ ͏ ͏ ͏ ͏ ͏ ͏ ͏ ͏ ͏ ͏ ͏ ͏ ͏ ͏ ͏ ͏ ͏ ͏ ͏ ͏ ͏ ͏ ͏ ͏ ͏ ͏",1
310,Stay up to date! We've got your favorite brands - come and take a look at our offers... Don&#39;t forget to check out today&#39;s Deal of the Day Andy K. | View Account View: Web BEST BUY Top Deals Outlet TVs Computers Cell Phones Appliances Top Deals. Savings mode. On. Shop now Computing,1
311,"💝 엄마 취향저격 선물 모음! 최대 50% 홍삼·화장품·핑크 스타우브까지, 마음까지 챙겨드려요🎁 ͏ ͏ ͏ ͏ ͏ ͏ ͏ ͏ ͏ ͏ ͏ ͏ ͏ ͏ ͏ ͏ ͏ ͏ ͏ ͏ ͏ ͏ ͏ ͏ ͏ ͏ ͏ ͏ ͏ ͏ ͏ ͏ ͏ ͏ ͏ ͏ ͏ ͏ ͏ ͏ ͏ ͏ ͏ ͏ ͏ ͏ ͏ ͏ ͏ ͏ ͏ ͏ ͏ ͏ ͏ ͏ ͏ ͏ ͏ ͏ ͏ ͏ ͏ ͏ ͏ ͏ ͏ ͏ ͏ ͏ ͏ ͏ ͏ ͏ ͏ ͏ ͏ ͏ ͏ ͏ ͏ ͏ ͏ ͏ ͏ ͏",3
312,참외는 이맛이지! 당도 100% 실화💛 달콤함 주의! 한 번 먹으면 멈출 수 없어요! ͏ ͏ ͏ ͏ ͏ ͏ ͏ ͏ ͏ ͏ ͏ ͏ ͏ ͏ ͏ ͏ ͏ ͏ ͏ ͏ ͏ ͏ ͏ ͏ ͏ ͏ ͏ ͏ ͏ ͏ ͏ ͏ ͏ ͏ ͏ ͏ ͏ ͏ ͏ ͏ ͏ ͏ ͏ ͏ ͏ ͏ ͏ ͏ ͏ ͏ ͏ ͏ ͏ ͏ ͏ ͏ ͏ ͏ ͏ ͏ ͏ ͏ ͏ ͏ ͏ ͏ ͏ ͏ ͏ ͏ ͏ ͏ ͏ ͏ ͏ ͏ ͏ ͏ ͏ ͏ ͏ ͏ ͏ ͏ ͏ ͏ ͏ ͏,3
313,"Limited time: Save up to 50% on clearance and open-box items Plus, take a look at this Deal of the Day! Andy K. | View Account View: Web BEST BUY Top Deals Outlet TVs Computers Cell Phones Appliances Limited-time Outlet Event. Make spring your thing. Save up to",1
314,"AndyKang, here are some tips for learning on Udemy Make the most of the time you spend learning. Start your journey off right with these tips. ͏ ‌ ﻿ ͏ ‌ ﻿ ͏ ‌ ﻿ ͏ ‌ ﻿ ͏ ‌ ﻿ ͏ ‌ ﻿ ͏ ‌ ﻿ ͏ ‌ ﻿ ͏ ‌ ﻿ ͏ ‌ ﻿ ͏ ‌ ﻿ ͏ ‌ ﻿ ͏ ‌ ﻿ ͏ ‌ ﻿ ͏ ‌ ﻿ ͏ ‌ ﻿ ͏ ‌ ﻿ ͏ ‌ ﻿ ͏",3
315,"Save up to 40% Off The War Within, Adventurer! Play The War Within now with a new offer—including a bonus 30 days of Game Time and a Level 70 Character Boost. A WELCOME OFFER JUST FOR YOU Your next adventure begins here, Adventurer! Get Game Time,",2
317,"⏰ FINAL CALL: Snag ""Java for Beginners"" for $9.99 New Promotional Announcement Hi AndyKang, an announcement has been made from Scott, instructor of Java Data Structures &amp; Algorithms + LEETCODE Exercises and C++ Data Structures &amp; Algorithms +",1
318,Your next TV is waiting Don&#39;t forget to check out today&#39;s Deal of the Day Andy K. | View Account View: Web BEST BUY Top Deals Outlet TVs Computers Cell Phones Appliances TVs as low as $69.99 after savings. Reference,1
319,"🔥 이번 주 Crazy8 시작! 최대 50% 필수템 김치부터🌶️ 간편식, 과일까지 총출동! ͏ ͏ ͏ ͏ ͏ ͏ ͏ ͏ ͏ ͏ ͏ ͏ ͏ ͏ ͏ ͏ ͏ ͏ ͏ ͏ ͏ ͏ ͏ ͏ ͏ ͏ ͏ ͏ ͏ ͏ ͏ ͏ ͏ ͏ ͏ ͏ ͏ ͏ ͏ ͏ ͏ ͏ ͏ ͏ ͏ ͏ ͏ ͏ ͏ ͏ ͏ ͏ ͏ ͏ ͏ ͏ ͏ ͏ ͏ ͏ ͏ ͏ ͏ ͏ ͏ ͏ ͏ ͏ ͏ ͏ ͏ ͏ ͏ ͏ ͏ ͏ ͏ ͏ ͏ ͏ ͏ ͏ ͏ ͏ ͏ ͏ ͏ ͏",3
320,See what’s new in Creative Cloud Go from first idea to final output fast with Firefly creative AI in your apps. ‌ ‌ ‌ ‌ ‌ ‌ ‌ ‌ ‌ ‌ ‌ ‌ ‌ ‌ ‌ ‌ ‌ ‌ ‌ ‌ ‌ ‌ ‌ ‌ ‌ ‌ ‌ ‌ ‌ ‌ ‌ ‌ ‌ ‌ ‌ ‌ ‌ ‌ ‌ ‌ ‌ ‌ ‌ ‌ ‌ ‌ ‌ ‌ ‌ ‌ ‌ ‌ ‌ ‌ ‌ ‌ ‌ ‌ ‌ ‌ ‌,3
321,"""Adobe interview"" r/leetcode: Adobe interview Interviewer joined 15 min late. Introduced ourselves and explained what I have worked. Gave a question Rotate Array https://leetcode.com/problems/rotate-array/description/",3
322,Ghost Town is now available Step into the world of a paranormal detective in London. ‌ ‌ ‌ ‌ ‌ ‌ ‌ ‌ ‌ ‌ ‌ ‌ ‌ ‌ ‌ ‌ ‌ ‌ ‌ ‌ ‌ ‌ ‌ ‌ ‌ ‌ ‌ ‌ ‌ ‌ ‌ ‌ ‌ ‌ ‌ ‌ ‌ ‌ ‌ ‌ ‌ ‌ ‌ ‌ ‌ ‌ ‌ ‌ ‌ ‌ ‌ ‌ ‌ ‌ ‌ ‌ ‌ ‌ ‌ ‌ ‌ ‌ ‌ ‌ ‌ ‌ ‌ ‌ ‌ ‌ ‌ ‌,3
324,"The Outlet Event (and awesome tech) is ONLY a click away Plus, check out today&#39;s Deal of the Day! Andy K. | View Account View: Web BEST BUY Top Deals Outlet TVs Computers Cell Phones Appliances Limited-time Outlet Event. Make spring your thing. Save up",1
325,"한 스푼의 마법✨ 만능소스 & 건강 선식 특집 바쁜 일상, 간편하게 챙기는 한 끼와 맛의 완성! ͏ ͏ ͏ ͏ ͏ ͏ ͏ ͏ ͏ ͏ ͏ ͏ ͏ ͏ ͏ ͏ ͏ ͏ ͏ ͏ ͏ ͏ ͏ ͏ ͏ ͏ ͏ ͏ ͏ ͏ ͏ ͏ ͏ ͏ ͏ ͏ ͏ ͏ ͏ ͏ ͏ ͏ ͏ ͏ ͏ ͏ ͏ ͏ ͏ ͏ ͏ ͏ ͏ ͏ ͏ ͏ ͏ ͏ ͏ ͏ ͏ ͏ ͏ ͏ ͏ ͏ ͏ ͏ ͏ ͏ ͏ ͏ ͏ ͏ ͏ ͏ ͏ ͏ ͏ ͏ ͏ ͏ ͏ ͏ ͏ ͏ ͏",3
326,"Mailsuite Daily Report Apr 23, 2025: 1 email sent, 1 unread Mailsuite Mailsuite Daily Report Apr 23, 2025 Summary (04/23/25, 7:00 AM - 04/24/25, 7:00 AM) 1 emails sent 0% were read 0% were clicked Unread (1) 이거 읽고 정리내려 아까는 나 교육 받느라 답장 못했음 Apr 24, 2025 at 12:57",3
327,Our sale ends today! Shop now to get courses on sale Ready for new possibilities? Let other learners help you pick a quality course that can help you reach your learning goals. ͏ ‌ ﻿ ͏ ‌ ﻿ ͏ ‌ ﻿ ͏ ‌ ﻿ ͏ ‌ ﻿ ͏ ‌ ﻿ ͏ ‌ ﻿ ͏ ‌ ﻿ ͏ ‌ ﻿ ͏ ‌ ﻿ ͏ ‌ ﻿ ͏ ‌ ﻿ ͏ ‌ ﻿,1
328,"Re: 이거 읽고 정리내려 아까는 나 교육 받느라 답장 못했음 바빠서 답장못하는거면 다 난 시간 여유 있으니깐 답장을 하기 싫다 그러면 그러고 뭐 바쁜거면 기달리것음 On Tue, Apr 22, 2025 at 8:50 PM mo Cho &lt;skk126skk126@gmail.com&gt; wrote: 아 더 추가할거 니가 공적이라고했는데 공적에서도 사람이 먼저 공격적으로 말을하면 그걸 당연히 기분나빠하지않을까? 싶은데",3
329,Score 3 months of Premium for $0. All the songs you want without hearing ads. Spotify Premium Be your own DJ. Curate the perfect playlist or discover new tunes. Claim your 3 free months of ad-free music listening on Premium. GET 3,3
330,"Play The War Within Now with a New Offer, Adventurer! Save up to 40% off The War Within and instantly unlock an Enhanced Level 70 Character Boost and Game Time. A WELCOME OFFER JUST FOR YOU Your next adventure begins here, Adventurer! Get Game Time, a",2
331,[⚡오늘만! 리워드데이] 라면/스낵 사면 최대 5% 적립! 놓치면 아까운 오늘! 리워드 꼭 챙기세요 💰 ͏ ͏ ͏ ͏ ͏ ͏ ͏ ͏ ͏ ͏ ͏ ͏ ͏ ͏ ͏ ͏ ͏ ͏ ͏ ͏ ͏ ͏ ͏ ͏ ͏ ͏ ͏ ͏ ͏ ͏ ͏ ͏ ͏ ͏ ͏ ͏ ͏ ͏ ͏ ͏ ͏ ͏ ͏ ͏ ͏ ͏ ͏ ͏ ͏ ͏ ͏ ͏ ͏ ͏ ͏ ͏ ͏ ͏ ͏ ͏ ͏ ͏ ͏ ͏ ͏ ͏ ͏ ͏ ͏ ͏ ͏ ͏ ͏ ͏ ͏ ͏ ͏ ͏ ͏ ͏ ͏ ͏ ͏ ͏ ͏ ͏ ͏ ͏,3
332,** Hold up ** We're offering up to 40% off select major appliances today Set your alarm! Nintendo Switch 2 pre-orders begin 4/24/25 at midnight ET Andy K. | View Account View: Web BEST BUY Top Deals Outlet TVs Computers Cell Phones Appliances Save up to 40% on select major,1
333,Just 1 day left to get this limited-time offer. Now just $2.99/month for 3 months to watch all Apple Originals with no ads. Apple TV+: Severance | Your Friends &amp; Neighbors | Fountain of Youth | Friday Night Baseball Don&#39;t miss out. This,3
334,"Measles, mumps, rubella 🦠 Are you protected? Understand your immunity status with Quest View in browser Quest logo Are you safe from getting measles? Lab tests can help you to determine your immunity. Irritation on person&#39;s arms due to",3
335,"Mailsuite Daily Report Apr 22, 2025: 2 emails sent, 1 unread Mailsuite Mailsuite Daily Report Apr 22, 2025 Summary (04/22/25, 7:00 AM - 04/23/25, 7:00 AM) 2 emails sent 50% were read 0% were clicked Unread (1) 이거 읽고 정리내려 아까는 나 교육 받느라 답장 못했음 Apr 22, 2025 at 8:50",3
336,"""What in the World is this? I will cry!"" r/leetcode: What in the World is this? I will cry! I understood the problem. Gone through input/output for two-three test cases and know what is expected here but still couldn&#39;t come up with the",3
337,"Re: 이거 읽고 정리내려 아까는 나 교육 받느라 답장 못했음 아 더 추가할거 니가 공적이라고했는데 공적에서도 사람이 먼저 공격적으로 말을하면 그걸 당연히 기분나빠하지않을까? 싶은데 이거에 대해서도 답변좀 On Tue, Apr 22, 2025 at 4:35 PM mo Cho &lt;skk126skk126@gmail.com&gt; wrote: 니가 쓴거 봤는데 일단 내 주장은 이거임 니 답답한거? 그래 답답할수있지.근데",3
338,"[SEGA Support] Re: Korean version Your request (#719186) has been updated and its status set to &quot;Pending Reply&quot;. Vincent (SEGA Support) Apr 22, 2025, 22:38 GMT+1 Hello Andy, The Asian version of the game should support Korean",3
339,"Request received Dear Customer, Thank you for contacting SEGA Customer Support. Your request (#719186) has been received! Our agents are on hand from 10AM to 7PM GMT-UK, Monday to Sunday (Bank Holidays included).",2
340,Re: 이거 읽고 정리내려 아까는 나 교육 받느라 답장 못했음 니가 쓴거 봤는데 일단 내 주장은 이거임 니 답답한거? 그래 답답할수있지.근데 내 입장에선 니가 답답한거 알겄는데 니가 쓴 채팅을 보면 내가 검은 마력에 대해서 잘 모른다고. 왜냐면 카르센스토리를 너가 바꿀때 우리가 그 검은 마력에 대해 어덯게 할건지 얘기를 안했잖아. 카르센 스토리가 새로 생기면서 당연히 원레 가지고 있던 검은마력 컨샙은 자동으로 폐기가,3
341,"🚀 Java for Beginners: $9.99 This Week! New Promotional Announcement Hi AndyKang, an announcement has been made from Scott, instructor of Java Data Structures &amp; Algorithms + LEETCODE Exercises and C++ Data Structures &amp; Algorithms +",1
342,"⚡화요일 단 하루, 신선 과일·야채 최대 50% 할인🍓🥭 🔥지금 아니면 못 사요! 제철 과일·야채 총출동! ͏ ͏ ͏ ͏ ͏ ͏ ͏ ͏ ͏ ͏ ͏ ͏ ͏ ͏ ͏ ͏ ͏ ͏ ͏ ͏ ͏ ͏ ͏ ͏ ͏ ͏ ͏ ͏ ͏ ͏ ͏ ͏ ͏ ͏ ͏ ͏ ͏ ͏ ͏ ͏ ͏ ͏ ͏ ͏ ͏ ͏ ͏ ͏ ͏ ͏ ͏ ͏ ͏ ͏ ͏ ͏ ͏ ͏ ͏ ͏ ͏ ͏ ͏ ͏ ͏ ͏ ͏ ͏ ͏ ͏ ͏ ͏ ͏ ͏ ͏ ͏ ͏ ͏ ͏ ͏ ͏ ͏ ͏ ͏ ͏ ͏ ͏",3
343,Stay up-to-date. Courses on sale now. Looking for something new? Courses are on sale now. Shop now and start learning more for less. ͏ ‌ ﻿ ͏ ‌ ﻿ ͏ ‌ ﻿ ͏ ‌ ﻿ ͏ ‌ ﻿ ͏ ‌ ﻿ ͏ ‌ ﻿ ͏ ‌ ﻿ ͏ ‌ ﻿ ͏ ‌ ﻿ ͏ ‌ ﻿ ͏ ‌ ﻿ ͏ ‌ ﻿ ͏ ‌ ﻿ ͏ ‌ ﻿ ͏ ‌ ﻿ ͏ ‌ ﻿ ͏ ‌,1
344,"닌텐도 어카운트 : 새로운 로그인 이 메일은 닌텐도에서 자동으로 발송한 것입니다. ------------------------- 닉네임: dong님 닌텐도 어카운트에 새로운 기기로부터의 로그인이 있었습니다. 기기 : Windows 브라우저 : Chrome 일시 : 2025/04/21 21:34 장소 : 미국 이 로그인 정보에 대한 기억이 없을 경우, 제삼자가 어카운트를 부정하게 사용하고 있을",3
345,"【782994】닌텐도 어카운트 : 메일 주소를 이용한 본인 확인 이 메일은 닌텐도에서 자동으로 발송한 것입니다. ------------------------- 닌텐도 어카운트를 이용해 주셔서 감사합니다. 인증 코드를 입력하시면 메일 주소를 이용한 본인 확인이 완료됩니다. ▼인증 코드 782994 ※1시간 이내에 입력이 완료되지 않는 경우, 상기「인증 코드」가 무효 처리되므로 주의해 주십시오. 이 메일을 본인 혹은 가족이",3
346,You aced it last week 🃁 You&#39;re on your way to greater impact with clear writing. ‌ ‌ ‌ ‌ ‌ ‌ ‌ ‌ ‌ ‌ ‌ ‌ ‌ ‌ ‌ ‌ ‌ ‌ ‌ ‌ ‌ ‌ ‌ ‌ ‌ ‌ ‌ ‌ ‌ ‌ ‌ ‌ ‌ ‌ ‌ ‌ ‌ ‌ ‌ ‌ ‌ ‌ ‌ ‌ ‌ ‌ ‌ ‌ ‌ ‌ ‌ ‌ ‌ ‌ ‌ ‌ ‌ ‌ ‌ ‌ ‌ ‌ ‌ ‌ ‌ ‌ ‌ ‌ ‌ ‌,3
347,It’s the final countdown: Get up to 20% off hormone testing You&#39;ve still got time to check in with your hormone health — and save View in browser Quest logo Tune in to your hormone health Save up to 20%* on hormone tests Sound waves tuning to a healthy,3
348,"You're invited to the Outlet Event - there are so many OFFERS available right now... Plus, take a look at this Deal of the Day! Andy K. | View Account View: Web BEST BUY Top Deals Outlet TVs Computers Cell Phones Appliances Limited-time Outlet Event. Make spring your thing. Save up to",1
349,Free assets to jump-start your creativity ﻿ Unlock thousands of ready-to-use assets with your Creative Cloud membership. ‌ ‌ ‌ ‌ ‌ ‌ ‌ ‌ ‌ ‌ ‌ ‌ ‌ ‌ ‌ ‌ ‌ ‌ ‌ ‌ ‌ ‌ ‌ ‌ ‌ ‌ ‌ ‌ ‌ ‌ ‌ ‌ ‌ ‌ ‌ ‌ ‌ ‌ ‌ ‌ ‌ ‌ ‌ ‌ ‌ ‌ ‌ ‌ ‌ ‌ ‌ ‌ ‌ ‌ ‌ ‌ ‌ ‌ ‌ ‌ ‌,3
350,Fresh picks just for you. Spring savings up to $300 off inside! ﻿͏ ﻿͏ ﻿͏ ﻿͏ ﻿͏ ﻿͏ ﻿͏ ﻿͏ ﻿͏ ﻿͏ ﻿͏ ﻿͏ ﻿͏ ﻿͏ ﻿͏ ﻿͏ ﻿͏ ﻿͏ ﻿͏ ﻿͏ ﻿͏ ﻿͏ ﻿͏ ﻿͏ ﻿͏ ﻿͏ ﻿͏ ﻿͏ ﻿͏ ﻿͏ ﻿͏ ﻿͏ ﻿͏ ﻿͏ ﻿͏ ﻿͏ ﻿͏ ﻿͏ ﻿͏ ﻿͏ ﻿͏ ﻿͏ ﻿͏ ﻿͏ ﻿͏ ﻿͏ ﻿͏ ﻿͏ ﻿͏ ﻿͏ ﻿͏ ﻿͏ ﻿͏ ﻿͏ ﻿,3
352,"Email forwarding changed for UW NetID akang297 ------------------- From the UW-IT Service Center --------------------- Hello, We are notifying you that the forwarding for email sent to akang297@uw.edu and akang297@u.washington.edu has been",3
353,"Mailsuite Daily Report Apr 20, 2025: 1 email sent Mailsuite Mailsuite Daily Report Apr 20, 2025 Summary (04/20/25, 7:00 AM - 04/21/25, 7:00 AM) 1 emails sent 100% were read 0% were clicked Already read (1) 이거 읽고 정리내려 아까는 나 교육 받느라 답장 못했음 Apr 20, 2025",3
354,"""Reminder: If you're in a stable software eng..."" r/leetcode: Reminder: If you&#39;re in a stable software engineering job right now, STAY PUT!!!!!!! I&#39;m honestly amazed this even needs to be said but if you&#39;re currently in a stable, low-drama",3
355,"(광고) 🥹 불확실한 시대, 확실한 성장의 기회 (feat. 모든 강의 30%) 불확실한 시대, 그래도 계속 성장하고 싶은 당신을 위해 인프런이 준비한 선물! 나의 성장을 돕는 IT 실무지식 플랫폼 mo Cho님, 안녕하세요. 인프런입니다! 긴 긴 겨울이 지나고 드디어 꽃잎 휘날리는 봄이 왔어요! 하지만... 취업/이직 등 체감되는 커리어 시장 계절은 여전히 겨울이라고 느끼시는 분이 많을 것 같아요. 그.래.서. 인프런이 준비했습니다!",1
357,"Re: 이거 읽고 정리내려 아까는 나 교육 받느라 답장 못했음 나중에 읽어봄 바빠서 On Fri, Apr 18, 2025 at 9:55 PM Gyeongwon Youn &lt;gyeongwon.youn.884@k12.friscoisd.org&gt; wrote: ※주의※ 최대한 감정을 빼고 적으려고 노력 많이 했음, 기분 나쁜 말투가 있다면 제발 제발 무시 하셈 그리고 오늘 읽지 말고 내일 읽고 내일 답장 부탁함 (오늘",3
358,"Expiring today... You have until the end of the day! PS, Time is ticking on Deal of the Day. Andy K. | View Account View: Web BEST BUY Top Deals Outlet TVs Computers Cell Phones Appliances Shop now TVs and Projectors Laptops and Computers Video Games,",1
359,Confirmation of Digital Purchase from Nintendo Thank you for your recent digital purchase from Nintendo. Details of this transaction are below: Transaction ID: 51777637078 Transaction Date: 04/20/2025 09:51:18 (24H PDT) Purchased Item: Unicorn,2
360,Nintendo Receipt: Funds Added to Your Account Thank you for adding funds to your Nintendo Account. These funds can now be used to purchase digital content from Nintendo. Details of this transaction are below: Transaction ID: 51777637044,2
361,🔥  BBQ 필수템 총출동! 소고기·삼겹살·문어·새우까지 한 번에 장보기🍤🥩 ͏ ͏ ͏ ͏ ͏ ͏ ͏ ͏ ͏ ͏ ͏ ͏ ͏ ͏ ͏ ͏ ͏ ͏ ͏ ͏ ͏ ͏ ͏ ͏ ͏ ͏ ͏ ͏ ͏ ͏ ͏ ͏ ͏ ͏ ͏ ͏ ͏ ͏ ͏ ͏ ͏ ͏ ͏ ͏ ͏ ͏ ͏ ͏ ͏ ͏ ͏ ͏ ͏ ͏ ͏ ͏ ͏ ͏ ͏ ͏ ͏ ͏ ͏ ͏ ͏ ͏ ͏ ͏ ͏ ͏ ͏ ͏ ͏ ͏ ͏ ͏ ͏ ͏ ͏ ͏ ͏ ͏ ͏ ͏ ͏ ͏ ͏,3
362,"""Meta E4 loop experience (with a surprising r..."" r/leetcode: Meta E4 loop experience (with a surprising result) Wanted to leave a quick summary of my interview loop. Won&#39;t share specific questions sorry! Leetcode tagged and Hellointerview were",3
363,💥 Weee!에서만 이 가격! 단독 특가 20종 다른 데서 사면 손해! 지금 바로 GET 👉 ͏ ͏ ͏ ͏ ͏ ͏ ͏ ͏ ͏ ͏ ͏ ͏ ͏ ͏ ͏ ͏ ͏ ͏ ͏ ͏ ͏ ͏ ͏ ͏ ͏ ͏ ͏ ͏ ͏ ͏ ͏ ͏ ͏ ͏ ͏ ͏ ͏ ͏ ͏ ͏ ͏ ͏ ͏ ͏ ͏ ͏ ͏ ͏ ͏ ͏ ͏ ͏ ͏ ͏ ͏ ͏ ͏ ͏ ͏ ͏ ͏ ͏ ͏ ͏ ͏ ͏ ͏ ͏ ͏ ͏ ͏ ͏ ͏ ͏ ͏ ͏ ͏ ͏ ͏ ͏ ͏ ͏ ͏ ͏ ͏ ͏ ͏ ͏,1
364,"*** Spring SALE alert *** Always check Best Buy for great offers! Unbeatable prices just for today, shop Deal of the Day. Andy K. | View Account View: Web BEST BUY Top Deals Outlet TVs Computers Cell Phones Appliances Spring Sale. Also, shop new deals daily with Deal",1
366,"🌱 향긋한 봄, 나물로 차리는 건강 밥상 제철 봄나물 지금 담아가세요! ͏ ͏ ͏ ͏ ͏ ͏ ͏ ͏ ͏ ͏ ͏ ͏ ͏ ͏ ͏ ͏ ͏ ͏ ͏ ͏ ͏ ͏ ͏ ͏ ͏ ͏ ͏ ͏ ͏ ͏ ͏ ͏ ͏ ͏ ͏ ͏ ͏ ͏ ͏ ͏ ͏ ͏ ͏ ͏ ͏ ͏ ͏ ͏ ͏ ͏ ͏ ͏ ͏ ͏ ͏ ͏ ͏ ͏ ͏ ͏ ͏ ͏ ͏ ͏ ͏ ͏ ͏ ͏ ͏ ͏ ͏ ͏ ͏ ͏ ͏ ͏ ͏ ͏ ͏ ͏ ͏ ͏ ͏ ͏ ͏ ͏ ͏ ͏ ͏ ͏ ͏ ͏",3
367,"Donghyuk, time is running out to submit your FAFSA form. Don&#39;t miss out on financial aid! ‌ ‌ ‌ ‌ ‌ ‌ ‌ ‌ ‌ ‌ ‌ ‌ ‌ ‌ ‌ ‌ ‌ ‌ ‌ ‌ ‌ ‌ ‌ ‌ ‌ ‌ ‌ ‌ ‌ ‌ ‌ ‌ ‌ ‌ ‌ ‌ ‌ ‌ ‌ ‌ ‌ ‌ ‌ ‌ ‌ ‌ ‌ ‌ ‌ ‌ ‌ ‌ ‌ ‌ ‌ ‌ ‌ ‌ ‌ ‌ ‌ ‌ ‌ ‌ ‌ ‌ ‌ ‌ ‌ ‌ ‌ ‌ ‌ ‌ ‌ ‌ ‌ ‌ ‌ ‌ ‌ ‌",5
368,"이거 읽고 정리내려 아까는 나 교육 받느라 답장 못했음 ※주의※ 최대한 감정을 빼고 적으려고 노력 많이 했음, 기분 나쁜 말투가 있다면 제발 제발 무시 하셈 그리고 오늘 읽지 말고 내일 읽고 내일 답장 부탁함 (오늘 이거 끝낼려고 하면 둘 다 싸움의 연속임) 내가 말하고 싶었던거 (내말투나 그런거 상관 하지 말고 내가 말하고 싶었던거) - 문제의 원인을 설정 파악 부족에서 찾음: 설정이 되어 있는데 이걸 생각을",3
369,"""Is he legit?"" r/leetcode: Is he legit? I normally see this guy on the leaderboard of study plan I think it&#39;s just can&#39;t possible 😭 or I am soo stupid ͏‌ ͏‌ ͏‌ ͏‌ ͏‌ ͏‌ ͏‌ ͏‌ ͏‌ ͏‌ ͏‌ ͏‌ ͏‌ ͏‌ ͏‌ ͏‌ ͏‌ ͏‌ ͏‌",3
370,"Faker welcomes Ryze to Wild Rift! Gaze up at the stars! We have a star-studded update with new champions, a collaboration with an allstar, new events, and gameplay updates! ͏ ‌ ﻿ ͏ ‌ ﻿ ͏ ‌ ﻿ ͏ ‌ ﻿ ͏ ‌ ﻿ ͏ ‌ ﻿ ͏ ‌ ﻿ ͏ ‌ ﻿ ͏ ‌ ﻿ ͏ ‌ ﻿ ͏",2
371,"🎉 $8 쿠폰 도착! 이번주도 Crazy8으로 알뜰장보기! 최대 50% 할인, 김치·간편식·과일 총출동! ͏ ͏ ͏ ͏ ͏ ͏ ͏ ͏ ͏ ͏ ͏ ͏ ͏ ͏ ͏ ͏ ͏ ͏ ͏ ͏ ͏ ͏ ͏ ͏ ͏ ͏ ͏ ͏ ͏ ͏ ͏ ͏ ͏ ͏ ͏ ͏ ͏ ͏ ͏ ͏ ͏ ͏ ͏ ͏ ͏ ͏ ͏ ͏ ͏ ͏ ͏ ͏ ͏ ͏ ͏ ͏ ͏ ͏ ͏ ͏ ͏ ͏ ͏ ͏ ͏ ͏ ͏ ͏ ͏ ͏ ͏ ͏ ͏ ͏ ͏ ͏ ͏ ͏ ͏ ͏ ͏ ͏ ͏ ͏ ͏ ͏ ͏ ͏",3
373,Dead Frontier 2: Creeping Corruption Has Begun! Dead Frontier 2 CREEPING CORRUPTION HAS BEGUN! Take part in our Easter event! Starting RIGHT NOW and continuing until May 11th you will be able to: Take on the fearsome Corrtuped Spiders! Find the,3
374,"⚡ Udemy Flash Sale: 24 hours to save! Save on courses during our Flash Sale. You can learn for a lifetime, but only have one day to save. ͏ ‌ ﻿ ͏ ‌ ﻿ ͏ ‌ ﻿ ͏ ‌ ﻿ ͏ ‌ ﻿ ͏ ‌ ﻿ ͏ ‌ ﻿ ͏ ‌ ﻿ ͏ ‌ ﻿ ͏ ‌ ﻿ ͏ ‌ ﻿ ͏ ‌ ﻿ ͏ ‌ ﻿ ͏ ‌ ﻿ ͏ ‌ ﻿ ͏ ‌ ﻿ ͏ ‌ ﻿",1
375,"Get your hands on a great DEAL... Take a look the Spring Sale - come this way for massive savings on amazing tech 💸 PS, Time is ticking on Deal of the Day. Andy K. | View Account View: Web BEST BUY Top Deals Outlet TVs Computers Cell Phones Appliances Spring Sale. Also, shop new deals daily with Deal of the Day.",1
376,"""After 13months, finally :)"" r/leetcode: After 13months, finally :) Still unemployed though, juat got better at writing codes ͏‌ ͏‌ ͏‌ ͏‌ ͏‌ ͏‌ ͏‌ ͏‌ ͏‌ ͏‌ ͏‌ ͏‌ ͏‌ ͏‌ ͏‌ ͏‌ ͏‌ ͏‌ ͏‌ ͏‌ ͏‌ ͏‌ ͏‌ ͏‌ ͏‌ ͏‌ ͏‌ ͏‌ ͏‌ ͏‌ ͏‌ ͏‌ ͏‌ ͏‌ ͏‌",3
377,"💬 김용님이 게시물에 댓글을 남겼습니다 승표 동생이 찾아왔어요👶🏻💙 우리 승표는 우리에게 금방 찾아와주었던... 💬 김용님이 게시물에 댓글을 남겼습니다 4월 16일 오후 6:32 보기 김용님 외 119명이 공감했습니다. skk126skk126@gmail.com 주소로 전송된 메시지입니다. 앞으로 Meta로부터 이와 같은 이메일을 받지 않으려면 그만 받기를 누르세요. Meta Platforms,",5
380,"Act now to save up to $600 on select Windows devices. Plus, check out our Deal of the Day! Andy K. | View Account View: Web BEST BUY Top Deals Outlet TVs Computers Cell Phones Appliances Save up to $600 on select Windows devices. Shop now 4K TVs under",1
381,🧡 위시리스트 1위! 스타우브 꼬꼬떼 특가 놓치지 마세요 🔥 지금 아니면 못 사요! ͏ ͏ ͏ ͏ ͏ ͏ ͏ ͏ ͏ ͏ ͏ ͏ ͏ ͏ ͏ ͏ ͏ ͏ ͏ ͏ ͏ ͏ ͏ ͏ ͏ ͏ ͏ ͏ ͏ ͏ ͏ ͏ ͏ ͏ ͏ ͏ ͏ ͏ ͏ ͏ ͏ ͏ ͏ ͏ ͏ ͏ ͏ ͏ ͏ ͏ ͏ ͏ ͏ ͏ ͏ ͏ ͏ ͏ ͏ ͏ ͏ ͏ ͏ ͏ ͏ ͏ ͏ ͏ ͏ ͏ ͏ ͏ ͏ ͏ ͏ ͏ ͏ ͏ ͏ ͏ ͏ ͏ ͏ ͏ ͏ ͏ ͏ ͏ ͏ ͏ ͏ ͏ ͏,1
383,Spring Clearance Sale | Save up to $350 now. Act fast before these deals sell out! ﻿͏ ﻿͏ ﻿͏ ﻿͏ ﻿͏ ﻿͏ ﻿͏ ﻿͏ ﻿͏ ﻿͏ ﻿͏ ﻿͏ ﻿͏ ﻿͏ ﻿͏ ﻿͏ ﻿͏ ﻿͏ ﻿͏ ﻿͏ ﻿͏ ﻿͏ ﻿͏ ﻿͏ ﻿͏ ﻿͏ ﻿͏ ﻿͏ ﻿͏ ﻿͏ ﻿͏ ﻿͏ ﻿͏ ﻿͏ ﻿͏ ﻿͏ ﻿͏ ﻿͏ ﻿͏ ﻿͏ ﻿͏ ﻿͏ ﻿͏ ﻿͏ ﻿͏ ﻿͏ ﻿͏ ﻿͏ ﻿͏ ﻿͏ ﻿͏ ﻿͏ ﻿͏ ﻿͏ ﻿,1
384,"""I had to do it guys"" r/leetcode: I had to do it guys ͏‌ ͏‌ ͏‌ ͏‌ ͏‌ ͏‌ ͏‌ ͏‌ ͏‌ ͏‌ ͏‌ ͏‌ ͏‌ ͏‌ ͏‌ ͏‌ ͏‌ ͏‌ ͏‌ ͏‌ ͏‌ ͏‌ ͏‌ ͏‌ ͏‌ ͏‌ ͏‌ ͏‌ ͏‌ ͏‌ ͏‌ ͏‌ ͏‌ ͏‌ ͏‌ ͏‌ ͏‌ ͏‌ ͏‌ ͏‌ ͏‌ ͏‌ ͏‌ ͏‌ ͏‌ ͏‌ ͏‌ ͏‌ ͏‌ ͏‌ ͏‌ ͏‌ ͏‌ ͏‌ ͏‌ ͏‌",3
385,"(광고) 🏆글로벌 자바 챔피언의 JPA 노하우, 궁금하지 않으세요? 400만 자바 개발자들이 인정하는 개발자, Vlad Mihalcea 강의 최초 오픈 나의 성장을 돕는 IT 실무지식 플랫폼 수많은 개발자들이 기다려온 자바 챔피언의 레전드 강의! Vlad Mihalcea의 퍼포먼스 최적화 노하우가 최초 한국어 번역으로 공개되었습니다! 지금 오직 인프런에서 만나보세요! 얼리버드 할인 중, 최대 40% &gt; ＊ 오픈 기념,",1
386,Best Buy Spring Sale: Save on your tech refresh Unveil today&#39;s Deal of the Day! Andy K. | View Account View: Web BEST BUY Top Deals Outlet TVs Computers Cell Phones Appliances Spring Sale. Big deals are here. Refresh your gear. Ends Sunday. Shop,1
387,"Andy, Thrive this summer with NYU's Visiting Students Program! From business to the arts—study what moves you, wherever you are. Thrive with NYU&#39;s Visiting Students Program, Andy. Experience unmatched academic and professional growth this summer! APPLY TODAY",3
389,Your body’s rhythm can change—get up to 20% off hormone tests Lab tests may help you discover where your hormone health stands View in browser Quest logo Feeling a sudden change in tempo? Get up to 20% off* hormone tests Speaker vibrating sound particles at a,3
390,"[닐잉글리쉬] 안녕하세요. 강동혁 회원님!! 닐잉글리쉬 닐잉글리쉬 안녕하세요. 강동혁 회원님!! 회원님께서 수강하신 월별평가서가 나의강의실에 등록되었습니다. 그동안 얼마나 열심히 공부하셨는지? 내 실력이 어느정도인지? 확인해 주세요. 담당선생님께서 아래와 같은 코멘트를 남겨주셨네요. Andy, I just wanted to take a moment to let you know how much I see",3
391,"The latest news from the Rensselaer Newman Foundation Check out the Spring Sun &amp; Balance Newsletter Download Document Rensselaer Newman Foundation | The Chapel + Cultural Center 2125 Burdett Ave. | Troy, NY 12180 US Unsubscribe | Update Profile |",1
392,Sale ends today! What could you do with the right course? Buy today to start learning toward your next goal for less. ͏ ‌ ﻿ ͏ ‌ ﻿ ͏ ‌ ﻿ ͏ ‌ ﻿ ͏ ‌ ﻿ ͏ ‌ ﻿ ͏ ‌ ﻿ ͏ ‌ ﻿ ͏ ‌ ﻿ ͏ ‌ ﻿ ͏ ‌ ﻿ ͏ ‌ ﻿ ͏ ‌ ﻿ ͏ ‌ ﻿ ͏ ‌ ﻿ ͏ ‌ ﻿ ͏ ‌,1
393,"Play away with 3 months of Spotify Premium for $0. Dance all day and all night with offline, ad-free music listening. Spotify Premium 3 months of Spotify Premium for $0. Don&#39;t drop the beat. Bring all the tunes to match your vibe. Download the",3
394,** WOW ** A MacBook as low as $799 means now is a great time to buy - this is just what your inbox needs... Don&#39;t miss out! Spring Sale is on now Andy K. | View Account View: Web BEST BUY Top Deals Outlet TVs Computers Cell Phones Appliances MacBook. Models as low as $699. Built for Apple Intelligence.,1
395,"⚡화요일 단 하루, 신선 과일·야채 최대 50% 할인🍓🥭 지금 아니면 못 사요! 제철 과일·야채 총출동! ͏ ͏ ͏ ͏ ͏ ͏ ͏ ͏ ͏ ͏ ͏ ͏ ͏ ͏ ͏ ͏ ͏ ͏ ͏ ͏ ͏ ͏ ͏ ͏ ͏ ͏ ͏ ͏ ͏ ͏ ͏ ͏ ͏ ͏ ͏ ͏ ͏ ͏ ͏ ͏ ͏ ͏ ͏ ͏ ͏ ͏ ͏ ͏ ͏ ͏ ͏ ͏ ͏ ͏ ͏ ͏ ͏ ͏ ͏ ͏ ͏ ͏ ͏ ͏ ͏ ͏ ͏ ͏ ͏ ͏ ͏ ͏ ͏ ͏ ͏ ͏ ͏ ͏ ͏ ͏ ͏ ͏ ͏ ͏ ͏ ͏ ͏",3
396,"🔥 뉴욕 인기 한식당 ‘솥뚜껑’의 맛, 이제 Weee!에서 바로 배달해드립니다! 레스토랑 퀄리티 한식 📦 클릭 한 번이면 집앞까지 ͏ ͏ ͏ ͏ ͏ ͏ ͏ ͏ ͏ ͏ ͏ ͏ ͏ ͏ ͏ ͏ ͏ ͏ ͏ ͏ ͏ ͏ ͏ ͏ ͏ ͏ ͏ ͏ ͏ ͏ ͏ ͏ ͏ ͏ ͏ ͏ ͏ ͏ ͏ ͏ ͏ ͏ ͏ ͏ ͏ ͏ ͏ ͏ ͏ ͏ ͏ ͏ ͏ ͏ ͏ ͏ ͏ ͏ ͏ ͏ ͏ ͏ ͏ ͏ ͏ ͏ ͏ ͏ ͏ ͏ ͏ ͏ ͏ ͏ ͏ ͏ ͏ ͏ ͏ ͏ ͏ ͏ ͏ ͏ ͏ ͏ ͏",3
397,"[공지] 프로그래머스 채용 서비스 종료 안내 안녕하세요, 프로그래머스입니다. 그동안 프로그래머스 채용 서비스를 이용해주신 모든 분들께 진심으로 감사드립니다. 개발자 채용 과정의 효율성과 다양성을 높이기 위한 시작된 프로그래머스 채용 서비스는 수많은 기업과 개발자를 연결해왔습니다. 그러나 채용 시장의 변화와 서비스 전략 조정에 따라, 프로그래머스 채용 서비스는 아쉽게도 2025년 5월 19일부로 종료될",4
398,"Your Khan Academy account may be deleted in 29 days Khan Academy We&#39;ve missed you! It&#39;s been a while since you&#39;ve used Khan Academy, and we&#39;ve missed you! We hope to see you return soon, so you can continue to learn from 100+ free",3
399,"New courses, new possibilities You already have so much potential — all you need are the right skills. Start learning and save. ͏ ‌ ﻿ ͏ ‌ ﻿ ͏ ‌ ﻿ ͏ ‌ ﻿ ͏ ‌ ﻿ ͏ ‌ ﻿ ͏ ‌ ﻿ ͏ ‌ ﻿ ͏ ‌ ﻿ ͏ ‌ ﻿ ͏ ‌ ﻿ ͏ ‌ ﻿ ͏ ‌ ﻿ ͏ ‌ ﻿ ͏ ‌ ﻿ ͏ ‌ ﻿ ͏ ‌ ﻿ ͏",3
400,"Set Sail Into Sea of Thieves on Battle.net, Adventurer Sail alone or with your friends and explore the waves at your leisure on Safer Seas, or opt to journey in the shared world of High Seas for richer rewards. Sea of Thieves is coming to Battle.net Sea of",3
401,"""passed e4 meta!!!"" r/leetcode: passed e4 meta!!! I&#39;ve been unemployed for 2 years. took one year to travel around the world, studied my ass off once I got home but couldn&#39;t get past onsites to get an offer. had",3
402,"Andy, the creativity on Behance will amaze you Chocolaterie De Schutter • branding, xiaomi SU7 in Paris, and more trending Photoshop projects on Behance. ‌ ‌ ‌ ‌ ‌ ‌ ‌ ‌ ‌ ‌ ‌ ‌ ‌ ‌ ‌ ‌ ‌ ‌ ‌ ‌ ‌ ‌ ‌ ‌ ‌ ‌ ‌ ‌ ‌ ‌ ‌ ‌ ‌ ‌ ‌ ‌ ‌ ‌ ‌ ‌ ‌ ‌ ‌ ‌ ‌ ‌ ‌",3
403,📊 See what you’ve achieved + save 50% on Pro! Ready to explore your recent wins? ‌ ‌ ‌ ‌ ‌ ‌ ‌ ‌ ‌ ‌ ‌ ‌ ‌ ‌ ‌ ‌ ‌ ‌ ‌ ‌ ‌ ‌ ‌ ‌ ‌ ‌ ‌ ‌ ‌ ‌ ‌ ‌ ‌ ‌ ‌ ‌ ‌ ‌ ‌ ‌ ‌ ‌ ‌ ‌ ‌ ‌ ‌ ‌ ‌ ‌ ‌ ‌ ‌ ‌ ‌ ‌ ‌ ‌ ‌ ‌ ‌ ‌ ‌ ‌ ‌ ‌ ‌ ‌ ‌ ‌ ‌ ‌ ‌ ‌ ‌ ‌ ‌ ‌ ‌ ‌ ‌ ‌ ‌,3
404,"The Spring SALE is EPIC! Plus, check out our Deal of the Day! Andy K. | View Account View: Web BEST BUY Top Deals Outlet TVs Computers Cell Phones Appliances Spring Sale. The deals have arrived. Ends Sunday. Shop now. Shop now",1
405,"Feeling offbeat? Get up to 20% off hormone testing Gain insights into your energy, mood, and metabolism with lab tests View in browser Quest logo Find your rhythm Save up to 20%* on hormone health tests Rhythmic musical notes indicating a good health",3
406,"👀 월요일만 이 가격?! 🔥 Mega Monday 빅세일전 한국 인기상품, 역대급 할인으로 득템 찬스! 🎉 ͏ ͏ ͏ ͏ ͏ ͏ ͏ ͏ ͏ ͏ ͏ ͏ ͏ ͏ ͏ ͏ ͏ ͏ ͏ ͏ ͏ ͏ ͏ ͏ ͏ ͏ ͏ ͏ ͏ ͏ ͏ ͏ ͏ ͏ ͏ ͏ ͏ ͏ ͏ ͏ ͏ ͏ ͏ ͏ ͏ ͏ ͏ ͏ ͏ ͏ ͏ ͏ ͏ ͏ ͏ ͏ ͏ ͏ ͏ ͏ ͏ ͏ ͏ ͏ ͏ ͏ ͏ ͏ ͏ ͏ ͏ ͏ ͏ ͏ ͏ ͏ ͏ ͏ ͏ ͏ ͏ ͏ ͏ ͏ ͏ ͏ ͏",3
407,"""One time I farted so long that I was surpris..."" r/Jokes: One time I farted so long that I was surprised my butt didn&#39;t have to stop and catch its breath. Interviewer: &quot;...and a weakness?&quot; ͏‌ ͏‌ ͏‌ ͏‌ ͏‌ ͏‌ ͏‌ ͏‌ ͏‌ ͏‌ ͏‌ ͏‌ ͏‌ ͏‌ ͏‌ ͏‌",3
408,Get into savings mode. Shop this week's Top Deals. Plus a new Deal of the Day for you! Andy K. | View Account View: Web BEST BUY Top Deals Outlet TVs Computers Cell Phones Appliances Top Deals. Savings mode. On. Shop now Computing. TVs. Major,1
409,이번주 장보기 리스트 🛒✨ Weee! 추천템 👉 알뜰하게 미리 담기 ͏ ͏ ͏ ͏ ͏ ͏ ͏ ͏ ͏ ͏ ͏ ͏ ͏ ͏ ͏ ͏ ͏ ͏ ͏ ͏ ͏ ͏ ͏ ͏ ͏ ͏ ͏ ͏ ͏ ͏ ͏ ͏ ͏ ͏ ͏ ͏ ͏ ͏ ͏ ͏ ͏ ͏ ͏ ͏ ͏ ͏ ͏ ͏ ͏ ͏ ͏ ͏ ͏ ͏ ͏ ͏ ͏ ͏ ͏ ͏ ͏ ͏ ͏ ͏ ͏ ͏ ͏ ͏ ͏ ͏ ͏ ͏ ͏ ͏ ͏ ͏ ͏ ͏ ͏ ͏ ͏ ͏ ͏ ͏ ͏ ͏ ͏ ͏ ͏ ͏ ͏ ͏ ͏ ͏,3
410,"미세먼지, 자외선 OUT! ☀️ 봄철 선크림 추천 내 피부 타입에 맞는 선크림은? ͏ ͏ ͏ ͏ ͏ ͏ ͏ ͏ ͏ ͏ ͏ ͏ ͏ ͏ ͏ ͏ ͏ ͏ ͏ ͏ ͏ ͏ ͏ ͏ ͏ ͏ ͏ ͏ ͏ ͏ ͏ ͏ ͏ ͏ ͏ ͏ ͏ ͏ ͏ ͏ ͏ ͏ ͏ ͏ ͏ ͏ ͏ ͏ ͏ ͏ ͏ ͏ ͏ ͏ ͏ ͏ ͏ ͏ ͏ ͏ ͏ ͏ ͏ ͏ ͏ ͏ ͏ ͏ ͏ ͏ ͏ ͏ ͏ ͏ ͏ ͏ ͏ ͏ ͏ ͏ ͏ ͏ ͏ ͏ ͏ ͏ ͏ ͏ ͏ ͏ ͏ ͏",3
411,💰 TVs as low as $69.99 is an amazing deal! Get INCREDIBLE entertainment setups Don&#39;t miss today&#39;s Deal of the Day. Andy K. | View Account View: Web BEST BUY Top Deals Outlet TVs Computers Cell Phones Appliances TVs as low as $69.99 after savings. Shop now. Reference,1
412,애순이의 밥상 🦑🌶️ 매콤 칼칼 오징어 무국 🥢오늘 저녁 당첨! 오징어의 쫄깃 식감과 달달한 무의 환상조합! ͏ ͏ ͏ ͏ ͏ ͏ ͏ ͏ ͏ ͏ ͏ ͏ ͏ ͏ ͏ ͏ ͏ ͏ ͏ ͏ ͏ ͏ ͏ ͏ ͏ ͏ ͏ ͏ ͏ ͏ ͏ ͏ ͏ ͏ ͏ ͏ ͏ ͏ ͏ ͏ ͏ ͏ ͏ ͏ ͏ ͏ ͏ ͏ ͏ ͏ ͏ ͏ ͏ ͏ ͏ ͏ ͏ ͏ ͏ ͏ ͏ ͏ ͏ ͏ ͏ ͏ ͏ ͏ ͏ ͏ ͏ ͏ ͏ ͏ ͏ ͏ ͏ ͏ ͏ ͏ ͏ ͏ ͏,3
413,"AndyKang, here’s the gameplan for your next goal We have courses for beginner to advanced skill levels. Pick one up and invest a few minutes a day toward your future. ͏ ‌ ﻿ ͏ ‌ ﻿ ͏ ‌ ﻿ ͏ ‌ ﻿ ͏ ‌ ﻿ ͏ ‌ ﻿ ͏ ‌ ﻿ ͏ ‌ ﻿ ͏ ‌ ﻿ ͏ ‌ ﻿ ͏ ‌ ﻿ ͏ ‌ ﻿ ͏ ‌ ﻿ ͏ ‌ ﻿",3
414,"New reply to a comment on ""[ 탑 피들스틱 vs 사이온 ] 오공의 배신 (무편집 풀버전)"" New reply to a comment on &quot;[ 탑 피들스틱 vs 사이온 ] 오공의 배신 (무편집 풀버전)&quot; Youtube Logo 🌟 @TopSticks. replied to mo Cho&#39;s comment [ 탑 피들스틱 vs 사이온 ] 오공의 배신 (무편집 풀버전) @TopSticks. 딜템올리면 궁으로 원콤 내삼 Reply",3
415,탑스틱 topsticks loves your comment Youtube Logo 탑스틱 topsticks loves your comment [ 탑 피들스틱 vs 사이온 ] 오공의 배신 (무편집 풀버전) | 탑스틱 topsticks @mocho5604 탱거 상대론 ap 블클 가는게 더 좋아보이긴함거같은데 어덯게 생각하시나요? 북미 서버 여서 그런지 모르겠지만 사이온 유저들이 보통 딜템을 꽤 올려서요. Ap 탱템이랑,3
416,"⚡[최대 50%] 새롭게 시작하는 Crazy8 핫딜 김치, 간편식, 과일 등 한국 인기제품들을 지금 만나보세요! ͏ ͏ ͏ ͏ ͏ ͏ ͏ ͏ ͏ ͏ ͏ ͏ ͏ ͏ ͏ ͏ ͏ ͏ ͏ ͏ ͏ ͏ ͏ ͏ ͏ ͏ ͏ ͏ ͏ ͏ ͏ ͏ ͏ ͏ ͏ ͏ ͏ ͏ ͏ ͏ ͏ ͏ ͏ ͏ ͏ ͏ ͏ ͏ ͏ ͏ ͏ ͏ ͏ ͏ ͏ ͏ ͏ ͏ ͏ ͏ ͏ ͏ ͏ ͏ ͏ ͏ ͏ ͏ ͏ ͏ ͏ ͏ ͏ ͏ ͏ ͏ ͏ ͏ ͏ ͏ ͏ ͏ ͏ ͏",3
417,Grab these clearance deals before they're gone for good! Plus a new Deal of the Day for you! Andy K. | View Account View: Web BEST BUY Top Deals Outlet TVs Computers Cell Phones Appliances Outlet deals. Clearance deals of the week Shop now Save up to 40% on,1
418,"Prepare for Nightfall on April 22, Adventurer! Explore new content coming to WoW, join the Mists of Pandaria Classic Beta, conquer the final Season of Discovery raid, and more. NIGHTFALL COMES WITH XP BUFF NIGHTFALL COMES WITH XP BUFF Mark your",3
419," Sent with Mailsuite · Unsubscribe 04/11/25, 12:39:28 AM",1
420,"A special login gift is waiting for you. Open now! A Delightful Graduation Gift Delivered Daily! 21 days of new special login rewards featuring Crystal Restore Count +1 Coupon, Black Spirit Emoticons, Duskwing Calling Horn Box, and more! “",3
421,"""Got an Offer, here's what I did"" r/leetcode: Got an Offer, here&#39;s what I did Signed an offer with big tech recently. Just wanted to share my overall process in hopes it&#39;s helpful to anyone out there. If it isn&#39;t then just",3
422,"The Outer Worlds 2 is coming to Battle.net, Adventurer Add the eagerly-awaited sequel to the award-winning, first-person sci-fi RPG to your Battle.net Wish List. The Outer Worlds 2 is coming to Battle.net The Outer Worlds 2 is coming to Battle.net The",3
423,"Now 70% off for 3 months—limited time only. Watch exclusive new releases weekly, all with no ads. Apple TV+ logo with promotional posters for Severance | The Gorge | The Studio | and Your Friends &amp; Neighbors Apple TV+ is now 70% off for 3",1
424,"⏰[오늘밤 종료] 최대 50% Crazy 8 빅세일전 김치, 간편식, 과일 등 한국 인기제품들을 특가찬스에 구매할 마지막 찬스! ͏ ͏ ͏ ͏ ͏ ͏ ͏ ͏ ͏ ͏ ͏ ͏ ͏ ͏ ͏ ͏ ͏ ͏ ͏ ͏ ͏ ͏ ͏ ͏ ͏ ͏ ͏ ͏ ͏ ͏ ͏ ͏ ͏ ͏ ͏ ͏ ͏ ͏ ͏ ͏ ͏ ͏ ͏ ͏ ͏ ͏ ͏ ͏ ͏ ͏ ͏ ͏ ͏ ͏ ͏ ͏ ͏ ͏ ͏ ͏ ͏ ͏ ͏ ͏ ͏ ͏ ͏ ͏ ͏ ͏ ͏ ͏ ͏ ͏ ͏ ͏ ͏ ͏ ͏ ͏",1
425,Say whaaaaaat? Nobody does offers like Best Buy. Don&#39;t miss today&#39;s Deal of the Day. Andy K. | View Account View: Web BEST BUY Top Deals Outlet TVs Computers Cell Phones Appliances Top Deals. Savings mode. On. Shop now TVs. Computing. Cell,1
426,"Announcing POST/CON 25 Keynotes: Ryan Reynolds, Abhinav Asthana, and Justine Davis! Get ready for two standout sessions on generative AI, autonomous agents, and the future of APIs. Big news: our keynote lineup is here, and you won&#39;t want to miss it! POST/CON 25 is where the future",3
427,"Sharpen your design skills with pro techniques Learn how to create eye-catching posters, make a custom brush, and more. ‌ ‌ ‌ ‌ ‌ ‌ ‌ ‌ ‌ ‌ ‌ ‌ ‌ ‌ ‌ ‌ ‌ ‌ ‌ ‌ ‌ ‌ ‌ ‌ ‌ ‌ ‌ ‌ ‌ ‌ ‌ ‌ ‌ ‌ ‌ ‌ ‌ ‌ ‌ ‌ ‌ ‌ ‌ ‌ ‌ ‌ ‌ ‌ ‌ ‌ ‌ ‌ ‌ ‌ ‌ ‌ ‌ ‌ ‌ ‌ ‌ ‌ ‌ ‌",3
428,On clearance: Must-have PCs. Your chance to save $400 inside! ﻿͏ ﻿͏ ﻿͏ ﻿͏ ﻿͏ ﻿͏ ﻿͏ ﻿͏ ﻿͏ ﻿͏ ﻿͏ ﻿͏ ﻿͏ ﻿͏ ﻿͏ ﻿͏ ﻿͏ ﻿͏ ﻿͏ ﻿͏ ﻿͏ ﻿͏ ﻿͏ ﻿͏ ﻿͏ ﻿͏ ﻿͏ ﻿͏ ﻿͏ ﻿͏ ﻿͏ ﻿͏ ﻿͏ ﻿͏ ﻿͏ ﻿͏ ﻿͏ ﻿͏ ﻿͏ ﻿͏ ﻿͏ ﻿͏ ﻿͏ ﻿͏ ﻿͏ ﻿͏ ﻿͏ ﻿͏ ﻿͏ ﻿͏ ﻿͏ ﻿͏ ﻿͏ ﻿͏ ﻿͏ ﻿͏,3
429,[최대 49%] 집에서도 맛있게 구워먹자! 🥩🔥 고기맛 살리는 불판 ✨럭셔리뷰티부터 한국 인기 화장품까지 최대할인 득템기회! ͏ ͏ ͏ ͏ ͏ ͏ ͏ ͏ ͏ ͏ ͏ ͏ ͏ ͏ ͏ ͏ ͏ ͏ ͏ ͏ ͏ ͏ ͏ ͏ ͏ ͏ ͏ ͏ ͏ ͏ ͏ ͏ ͏ ͏ ͏ ͏ ͏ ͏ ͏ ͏ ͏ ͏ ͏ ͏ ͏ ͏ ͏ ͏ ͏ ͏ ͏ ͏ ͏ ͏ ͏ ͏ ͏ ͏ ͏ ͏ ͏ ͏ ͏ ͏ ͏ ͏ ͏ ͏ ͏ ͏ ͏ ͏ ͏ ͏ ͏ ͏ ͏ ͏ ͏ ͏ ͏ ͏ ͏ ͏ ͏,3
430,Last day to save! Start learning toward your goals now. Learning can take you places. Get a course on sale and start working your way forward. ͏ ‌ ﻿ ͏ ‌ ﻿ ͏ ‌ ﻿ ͏ ‌ ﻿ ͏ ‌ ﻿ ͏ ‌ ﻿ ͏ ‌ ﻿ ͏ ‌ ﻿ ͏ ‌ ﻿ ͏ ‌ ﻿ ͏ ‌ ﻿ ͏ ‌ ﻿ ͏ ‌ ﻿ ͏ ‌ ﻿ ͏ ‌ ﻿ ͏ ‌ ﻿ ͏ ‌ ﻿ ͏ ‌ ﻿ ͏ ‌ ﻿,1
431,"Tune in to the Xbox Games Showcase, Adventurer! Join us in June for a double feature including The Outer Worlds 2 Direct! Mark your calendars Mark your calendars Join us for a double feature on June 8, 10 am PT - Xbox Games Showcase immediately",4
432,My American Express Travel Itinerary Flights Hotels Cars Cruises Donghyuk&#39;s American Express Travel Itinerary. Enjoy your trip to Kansas City! 6912-4109 Encoding Fix We recommend that you stay up to date on any requirements and,3
433,"""Wow, what a day to be alive"" r/leetcode: Wow, what a day to be alive I can write Kosaraju&#39;s algorithm for SCCs in a blaze off the top of my head but I forgot to memorize the 4 lines of code of sieve of eratosthenes primes = [",3
434,💰[리워드데이 5%적립] 가장 많이 판매된 지난주 TOP50🏆 한국 고객님들에게 많이 팔린 베스트 제품! 지금 확인해보세요. ͏ ͏ ͏ ͏ ͏ ͏ ͏ ͏ ͏ ͏ ͏ ͏ ͏ ͏ ͏ ͏ ͏ ͏ ͏ ͏ ͏ ͏ ͏ ͏ ͏ ͏ ͏ ͏ ͏ ͏ ͏ ͏ ͏ ͏ ͏ ͏ ͏ ͏ ͏ ͏ ͏ ͏ ͏ ͏ ͏ ͏ ͏ ͏ ͏ ͏ ͏ ͏ ͏ ͏ ͏ ͏ ͏ ͏ ͏ ͏ ͏ ͏ ͏ ͏ ͏ ͏ ͏ ͏ ͏ ͏ ͏ ͏ ͏ ͏ ͏ ͏ ͏ ͏ ͏ ͏ ͏ ͏ ͏,3
435,"Your Wednesday update! Select MacBook for as low as $799 is irresistible - find innovative tech right here... Plus, check out this Deal of the Day! Andy K. | View Account View: Web BEST BUY Top Deals Outlet TVs Computers Cell Phones Appliances MacBook. Models as low as $799. Built for Apple Intelligence. Shop",1
436,Now available: Udemy AI Assistant for your course Learn faster and smarter 🧠 ͏ ‌ ﻿ ͏ ‌ ﻿ ͏ ‌ ﻿ ͏ ‌ ﻿ ͏ ‌ ﻿ ͏ ‌ ﻿ ͏ ‌ ﻿ ͏ ‌ ﻿ ͏ ‌ ﻿ ͏ ‌ ﻿ ͏ ‌ ﻿ ͏ ‌ ﻿ ͏ ‌ ﻿ ͏ ‌ ﻿ ͏ ‌ ﻿ ͏ ‌ ﻿ ͏ ‌ ﻿ ͏ ‌ ﻿ ͏ ‌ ﻿ ͏ ‌ ﻿ ͏ ‌ ﻿ ͏ ‌ ﻿ ͏ ‌ ﻿ ͏ ‌ ﻿ ͏ ‌ ﻿ ͏ ‌ ﻿ ͏ ‌ ﻿ ͏ ‌ ﻿ ͏ ‌ ﻿,3
437,"Know exactly who opens your emails, even in group emails Hi mo, Still guessing who opened your group emails? Now you&#39;ll know, even when you send to multiple people via TO, CC, or BCC With Individual Tracking, you&#39;ll: ✅ Know exactly who opened your",3
438,"[명일방주] 문의 내역에 대한 답변을 발송 드립니다. 안녕하세요, Yostar입니다. 계정 시스템 변경과 관련하여 방문해 주셨으나, 많은 박사님께서 찾아 주셨기에 이에 대한 순차 안내를 도와드리는 과정에서 확인이 늦어지게 되었던 점 고개 숙여 사과 말씀을 전하고 싶습니다. 현재 리뉴얼 계정 확인에 어려움이 있어, 관련 문제로 방문해 주신 것으로 파악되는데요. 식별에 불편을 끼쳐드린 것 같아 송구한 마음이며,",3
439,"""Meta E4 offer"" r/leetcode: Meta E4 offer Hey guys figured id share my experience. I have no Faang exp and my college degree is completely unrelated/useless. I have ~8 years exp of some large companies some startups",3
440,Get every space spring-ready. Refresh your home indoors and out with the latest tech. Andy K. | View Account View: Web BEST BUY Top Deals Outlet TVs Computers Cell Phones Appliances Bring on spring. Child smiling and holding,1
441,⚡[최대 50%] 화요일만 기다렸다!🍓🫐 제철 과일 야채 할인데이→ 달콤하게 비타민 보충할 시간! ͏ ͏ ͏ ͏ ͏ ͏ ͏ ͏ ͏ ͏ ͏ ͏ ͏ ͏ ͏ ͏ ͏ ͏ ͏ ͏ ͏ ͏ ͏ ͏ ͏ ͏ ͏ ͏ ͏ ͏ ͏ ͏ ͏ ͏ ͏ ͏ ͏ ͏ ͏ ͏ ͏ ͏ ͏ ͏ ͏ ͏ ͏ ͏ ͏ ͏ ͏ ͏ ͏ ͏ ͏ ͏ ͏ ͏ ͏ ͏ ͏ ͏ ͏ ͏ ͏ ͏ ͏ ͏ ͏ ͏ ͏ ͏ ͏ ͏ ͏ ͏ ͏ ͏ ͏ ͏ ͏ ͏ ͏ ͏ ͏ ͏ ͏ ͏ ͏ ͏ ͏ ͏,3
443,Dead Frontier 2: Creeping Corruption Dead Frontier 2 CREEPING CORRUPTION (Coming soon!) Take part in our upcoming Easter event! Starting April 18th and continuing until May 11th you will be able to: Take on the fearsome Corrtuped Spiders!,3
444,"Keep up with trends with trending courses More learning, more possibilities. Discover what&#39;s popular with other learners and start expanding your potential. ͏ ‌ ﻿ ͏ ‌ ﻿ ͏ ‌ ﻿ ͏ ‌ ﻿ ͏ ‌ ﻿ ͏ ‌ ﻿ ͏ ‌ ﻿ ͏ ‌ ﻿ ͏ ‌ ﻿ ͏ ‌ ﻿ ͏ ‌ ﻿ ͏ ‌ ﻿ ͏ ‌ ﻿ ͏ ‌",3
445,"Save on new major appliances and build your dream kitchen. Unlock deals on Dacor, JennAir, Monogram and more. Andy K. | View Account View: Web BEST BUY Top Deals Outlet TVs Computers Cell Phones Appliances Life and luxury, connected. Dacor kitchen appliances.",1
446,"Your writing skills are growing 🌱 Week after week, your consistency is paying off. ‌ ‌ ‌ ‌ ‌ ‌ ‌ ‌ ‌ ‌ ‌ ‌ ‌ ‌ ‌ ‌ ‌ ‌ ‌ ‌ ‌ ‌ ‌ ‌ ‌ ‌ ‌ ‌ ‌ ‌ ‌ ‌ ‌ ‌ ‌ ‌ ‌ ‌ ‌ ‌ ‌ ‌ ‌ ‌ ‌ ‌ ‌ ‌ ‌ ‌ ‌ ‌ ‌ ‌ ‌ ‌ ‌ ‌ ‌ ‌ ‌ ‌ ‌ ‌ ‌ ‌ ‌ ‌ ‌ ‌ ‌ ‌ ‌ ‌ ‌ ‌",3
447,"Allergy triggers won’t wait. Get 20% off before time runs out ⏰ From pollen to peanuts, find out what might be affecting you with lab testing. View in browser Quest logo Wheezing &amp; sneezing &amp; coughing, oh my! Man sneezing due to allergies 20% off* allergy",3
448,We're offering up to 40% off select major appliances today! Check THIS out: Our Deal of the Day is waiting. Andy K. | View Account View: Web BEST BUY Top Deals Outlet TVs Computers Cell Phones Appliances Save up to 40% on select major appliances Shop now All,1
449,NEW Disney’s Mickey Mouse x Marc Jacobs Collection 👀 Shop this fashion-forward kids&#39; collab at DisneyStore.com ͏‌ ͏‌ ͏‌ ͏‌ ͏‌ ͏‌ ͏‌ ͏‌ ͏‌ ͏‌ ͏‌ ͏‌ ͏‌ ͏‌ ͏‌ ͏‌ ͏‌ ͏‌ ͏‌ ͏‌ ͏‌ ͏‌ ͏‌ ͏‌ ͏‌ ͏‌ ͏‌ ͏‌ ͏‌ ͏‌ ͏‌ ͏‌ ͏‌ ͏‌ ͏‌ ͏‌ ͏‌ ͏‌ ͏‌ ͏‌ ͏‌ ͏‌ ͏‌ ͏‌ ͏‌ ͏‌,3
450,"Andy, Adobe wants to hear from you! Chance to win $500 ‌ ‌ ‌ ‌ ‌ ‌ ‌ ‌ ‌ ‌ ‌ ‌ ‌ ‌ ‌ ‌ ‌ ‌ ‌ ‌ ‌ ‌ ‌ ‌ ‌ ‌ ‌ ‌ ‌ ‌ ‌ ‌ ‌ ‌ ‌ ‌ ‌ ‌ ‌ ‌ ‌ ‌ ‌ ‌ ‌ ‌ ‌ ‌ ‌ ‌ ‌ ‌ Dear Andy We would love to hear from customers like yourself about the",3
451,🎉 단 하루! 월요일만! 원데이 Super Sale 🎉 인기 한국상품을 역대 최저가에 살 절호의 기회! 놓치지 마세요! ͏ ͏ ͏ ͏ ͏ ͏ ͏ ͏ ͏ ͏ ͏ ͏ ͏ ͏ ͏ ͏ ͏ ͏ ͏ ͏ ͏ ͏ ͏ ͏ ͏ ͏ ͏ ͏ ͏ ͏ ͏ ͏ ͏ ͏ ͏ ͏ ͏ ͏ ͏ ͏ ͏ ͏ ͏ ͏ ͏ ͏ ͏ ͏ ͏ ͏ ͏ ͏ ͏ ͏ ͏ ͏ ͏ ͏ ͏ ͏ ͏ ͏ ͏ ͏ ͏ ͏ ͏ ͏ ͏ ͏ ͏ ͏ ͏ ͏ ͏ ͏ ͏ ͏ ͏ ͏ ͏ ͏ ͏,1
452,Did someone say Spring Clearance Sale? Check out these deals up to $300 off. ﻿͏ ﻿͏ ﻿͏ ﻿͏ ﻿͏ ﻿͏ ﻿͏ ﻿͏ ﻿͏ ﻿͏ ﻿͏ ﻿͏ ﻿͏ ﻿͏ ﻿͏ ﻿͏ ﻿͏ ﻿͏ ﻿͏ ﻿͏ ﻿͏ ﻿͏ ﻿͏ ﻿͏ ﻿͏ ﻿͏ ﻿͏ ﻿͏ ﻿͏ ﻿͏ ﻿͏ ﻿͏ ﻿͏ ﻿͏ ﻿͏ ﻿͏ ﻿͏ ﻿͏ ﻿͏ ﻿͏ ﻿͏ ﻿͏ ﻿͏ ﻿͏ ﻿͏ ﻿͏ ﻿͏ ﻿͏ ﻿͏ ﻿͏ ﻿͏ ﻿͏ ﻿͏ ﻿͏ ﻿,1
453,@user-lw2jn8he3k replied to you @user-lw2jn8he3k replied to you Youtube Logo @user-lw2jn8he3k replied to your reply on 진욱&#39;s comment [ 탑 피들스틱 vs 아트록스 ] 닷지하심 됩니다 (클라이언트 오류 노밴) (무편집 풀버전) @user-lw2jn8he3k @mocho5604라인전 버티는 식으로는 사용하기,3
454,"""META L4 Offer"" r/leetcode: META L4 Offer Hi, I&#39;ve been stalking this sub for sometime now. Got a lot of help from others so I also want to give back. **LeetCode:** I knew this was something I had to do since",3
455,🔥Weee! 추천 이번주 특가템 최대 50% 생활비 부담 확 ⬇️ 물가안정 세일전🛒 ͏ ͏ ͏ ͏ ͏ ͏ ͏ ͏ ͏ ͏ ͏ ͏ ͏ ͏ ͏ ͏ ͏ ͏ ͏ ͏ ͏ ͏ ͏ ͏ ͏ ͏ ͏ ͏ ͏ ͏ ͏ ͏ ͏ ͏ ͏ ͏ ͏ ͏ ͏ ͏ ͏ ͏ ͏ ͏ ͏ ͏ ͏ ͏ ͏ ͏ ͏ ͏ ͏ ͏ ͏ ͏ ͏ ͏ ͏ ͏ ͏ ͏ ͏ ͏ ͏ ͏ ͏ ͏ ͏ ͏ ͏ ͏ ͏ ͏ ͏ ͏ ͏ ͏ ͏ ͏ ͏ ͏ ͏ ͏ ͏ ͏ ͏ ͏ ͏ ͏,1
456,"Check out the DEALS everyone is buzzing about! Plus, save BIG on Bose with our Deal of the Day! Andy K. | View Account View: Web BEST BUY Top Deals Outlet TVs Computers Cell Phones Appliances Top Deals. Savings mode. On. Shop now Computing. TVs.",1
457,"달콤한 봄날의 당충전🍩🍦 인기 스낵 총집합! 신상 과자 및 음료, 아이스크림까지! ͏ ͏ ͏ ͏ ͏ ͏ ͏ ͏ ͏ ͏ ͏ ͏ ͏ ͏ ͏ ͏ ͏ ͏ ͏ ͏ ͏ ͏ ͏ ͏ ͏ ͏ ͏ ͏ ͏ ͏ ͏ ͏ ͏ ͏ ͏ ͏ ͏ ͏ ͏ ͏ ͏ ͏ ͏ ͏ ͏ ͏ ͏ ͏ ͏ ͏ ͏ ͏ ͏ ͏ ͏ ͏ ͏ ͏ ͏ ͏ ͏ ͏ ͏ ͏ ͏ ͏ ͏ ͏ ͏ ͏ ͏ ͏ ͏ ͏ ͏ ͏ ͏ ͏ ͏ ͏ ͏ ͏ ͏ ͏ ͏ ͏ ͏ ͏ ͏ ͏",3
458,탑스틱 topsticks loves your comment Youtube Logo 탑스틱 topsticks loves your comment [ 탑 피들스틱 vs 아트록스 ] 닷지하심 됩니다 (클라이언트 오류 노밴) (무편집 풀버전) | 탑스틱 topsticks @mocho5604 아트록스 상대하면서 느낀점은 아트가 Q를 쓰고 피들이 그상태의 아트에게Q를 쓸때 아트가 뒤를 보지 않는점이 가장 큰 하드카운터인것같습니다,3
460,"""I checked my mirrors and backup camera. ""All..."" r/Jokes: I checked my mirrors and backup camera. &quot;All clear&quot; And backed up over a vampire. ͏‌ ͏‌ ͏‌ ͏‌ ͏‌ ͏‌ ͏‌ ͏‌ ͏‌ ͏‌ ͏‌ ͏‌ ͏‌ ͏‌ ͏‌ ͏‌ ͏‌ ͏‌ ͏‌ ͏‌ ͏‌ ͏‌ ͏‌ ͏‌ ͏‌ ͏‌ ͏‌ ͏‌ ͏‌ ͏‌ ͏‌ ͏‌ ͏‌",3
461,바베큐 하기 좋은날🥩 ☀️ 입안에서 사르르 녹는 꽃갈비살부터 한국인 소울푸드 삼겹살까지 ͏ ͏ ͏ ͏ ͏ ͏ ͏ ͏ ͏ ͏ ͏ ͏ ͏ ͏ ͏ ͏ ͏ ͏ ͏ ͏ ͏ ͏ ͏ ͏ ͏ ͏ ͏ ͏ ͏ ͏ ͏ ͏ ͏ ͏ ͏ ͏ ͏ ͏ ͏ ͏ ͏ ͏ ͏ ͏ ͏ ͏ ͏ ͏ ͏ ͏ ͏ ͏ ͏ ͏ ͏ ͏ ͏ ͏ ͏ ͏ ͏ ͏ ͏ ͏ ͏ ͏ ͏ ͏ ͏ ͏ ͏ ͏ ͏ ͏ ͏ ͏ ͏ ͏ ͏ ͏ ͏ ͏ ͏ ͏,3
462,"Bring home a new 4K TV for as low as $139.99 Plus a new Deal of the Day today, and every day. Andy K. | View Account View: Web BEST BUY Top Deals Outlet TVs Computers Cell Phones Appliances 4K TVs as low as $139.99 after savings. Shop now.",1
463,"""Amazon Frontend Engineer II - Rejected"" r/leetcode: Amazon Frontend Engineer II - Rejected Hi, just got rejected after the final round with Amazon for a Front End position. I&#39;m hoping this post will help others that apply and help them",3
465,"O.M.G. We have select MacBook models as low as $749... Discover technology that suits you! Plus, check out our clearance deals of the week! Andy K. | View Account View: Web BEST BUY Top Deals Outlet TVs Computers Cell Phones Appliances MacBook. Select models as low as $749. Shop now.",1
466,"[Yostar] 인증코드 861741 안녕하세요， 아래의 인증코드를 정확하게 입력하여 주십시오. 861741 코드 유효기간은 30분이며, 유효기간 내에 1회만 사용 가능합니다. 본 메일은 발신전용 입니다. 서비스 관련으로 궁금하신 사항은 고객센터로 문의하여 주시기 바랍니다. ©Yostar,Inc.All rights reserved.",3
467,"""I announce my arrival"" r/leetcode: I announce my arrival Today guys im starting to chase my passion after a very long time. Coding was my dream since class 7 due to lack of time and lack of resources I was forced to leave my",3
468,"Build Secure APIs That Scale at POST/CON 25 Get Hands-on Experience Optimizing API Performance Hi there, Without scalable API design, you&#39;re stuck battling outages, slow response times, and security risks. With AI-driven automation",5
470,"Top Deals are here for you PS, Have you shopped our Deal of the Day? Andy K. | View Account View: Web BEST BUY Top Deals Outlet TVs Computers Cell Phones Appliances Top Deals. Savings mode. On. Shop now Computing. TVs. Major",1
471,"[Yostar] 인증코드 704141 안녕하세요， 아래의 인증코드를 정확하게 입력하여 주십시오. 704141 코드 유효기간은 30분이며, 유효기간 내에 1회만 사용 가능합니다. 본 메일은 발신전용 입니다. 서비스 관련으로 궁금하신 사항은 고객센터로 문의하여 주시기 바랍니다. ©Yostar,Inc.All rights reserved.",3
472,"[최대 49% ]  🍡 오호떡집 인절미 3종 #고성쌀100% #굳지않는수제떡 #개별포장떡 🌿 ⚫ 쑥, 호박, 흑임자 인절미부터 반건조 오징어까지 ͏ ͏ ͏ ͏ ͏ ͏ ͏ ͏ ͏ ͏ ͏ ͏ ͏ ͏ ͏ ͏ ͏ ͏ ͏ ͏ ͏ ͏ ͏ ͏ ͏ ͏ ͏ ͏ ͏ ͏ ͏ ͏ ͏ ͏ ͏ ͏ ͏ ͏ ͏ ͏ ͏ ͏ ͏ ͏ ͏ ͏ ͏ ͏ ͏ ͏ ͏ ͏ ͏ ͏ ͏ ͏ ͏ ͏ ͏ ͏ ͏ ͏ ͏ ͏ ͏ ͏ ͏ ͏ ͏ ͏ ͏ ͏ ͏ ͏ ͏ ͏ ͏ ͏ ͏ ͏ ͏ ͏ ͏ ͏ ͏",3
473,Last day to save: Courses now on sale If you&#39;re reading this you&#39;re just in time. Savings on select courses end tonight. ͏ ‌ ﻿ ͏ ‌ ﻿ ͏ ‌ ﻿ ͏ ‌ ﻿ ͏ ‌ ﻿ ͏ ‌ ﻿ ͏ ‌ ﻿ ͏ ‌ ﻿ ͏ ‌ ﻿ ͏ ‌ ﻿ ͏ ‌ ﻿ ͏ ‌ ﻿ ͏ ‌ ﻿ ͏ ‌ ﻿ ͏ ‌ ﻿ ͏ ‌ ﻿ ͏ ‌ ﻿ ͏ ‌ ﻿ ͏,1
474,"""A married couple has two stunningly beautifu..."" r/Jokes: A married couple has two stunningly beautiful daughters A couple has two stunningly beautiful daughters, but their third child is a very ugly son. Man to his wife: &quot;You cheated on me!",3
475,Get ready for Nintendo Switch 2 Plus another great Deal of the Day. Andy K. | View Account View: Web BEST BUY Top Deals Outlet TVs Computers Cell Phones Appliances Nintendo Switch 2. Pre-orders begin 4/9/25. Pre-order to pick up at a,1
476,"[💰리워드데이 최대 5% 적립] 오늘 하루만! 🍞 🥟🧃 냉동식품 및 베이커리, 음료 구매하고 최대 5% 적립받아가세요! ͏ ͏ ͏ ͏ ͏ ͏ ͏ ͏ ͏ ͏ ͏ ͏ ͏ ͏ ͏ ͏ ͏ ͏ ͏ ͏ ͏ ͏ ͏ ͏ ͏ ͏ ͏ ͏ ͏ ͏ ͏ ͏ ͏ ͏ ͏ ͏ ͏ ͏ ͏ ͏ ͏ ͏ ͏ ͏ ͏ ͏ ͏ ͏ ͏ ͏ ͏ ͏ ͏ ͏ ͏ ͏ ͏ ͏ ͏ ͏ ͏ ͏ ͏ ͏ ͏ ͏ ͏ ͏ ͏ ͏ ͏ ͏ ͏ ͏ ͏ ͏ ͏ ͏ ͏ ͏",3
477,"Get clarity on your allergies with 20% off lab tests Your allergy symptoms may not be from spring pollen. View in browser Quest logo Chew on this Man enjoys meal, demonstrating satisfaction Get 20% off* allergy tests Shop questhealth.com Food for thought",3
478,"Amendments to Pearl Abyss/Black Desert Terms and Policy Greetings, Adventurers. We wish to inform you in advance that amendments to the Pearl Abyss and Black Desert Terms of Service and Operational Policies are scheduled. To provide our adventurers with a",4
479,Top courses at your fingertips — now on sale Save on new skills. Use the device you&#39;re on right now to open up a world of skills and knowledge. ͏ ‌ ﻿ ͏ ‌ ﻿ ͏ ‌ ﻿ ͏ ‌ ﻿ ͏ ‌ ﻿ ͏ ‌ ﻿ ͏ ‌ ﻿ ͏ ‌ ﻿ ͏ ‌ ﻿ ͏ ‌ ﻿ ͏ ‌ ﻿ ͏ ‌ ﻿ ͏ ‌ ﻿ ͏ ‌ ﻿ ͏ ‌ ﻿ ͏ ‌ ﻿ ͏,1
480,"""What's Mr. T's girlfriend's name?"" r/Jokes: What&#39;s Mr. T&#39;s girlfriend&#39;s name? April, foo! ͏‌ ͏‌ ͏‌ ͏‌ ͏‌ ͏‌ ͏‌ ͏‌ ͏‌ ͏‌ ͏‌ ͏‌ ͏‌ ͏‌ ͏‌ ͏‌ ͏‌ ͏‌ ͏‌ ͏‌ ͏‌ ͏‌ ͏‌ ͏‌ ͏‌ ͏‌ ͏‌ ͏‌ ͏‌ ͏‌ ͏‌ ͏‌ ͏‌ ͏‌ ͏‌ ͏‌ ͏‌ ͏‌ ͏‌ ͏‌ ͏‌ ͏‌ ͏‌ ͏‌ ͏‌",3
482,[닐잉글리쉬] 안녕하세요! 오늘 Elayna 선생님께서 몸이 아프셔서 수업을 할 수 없다고 연락이 왔습니다. 닐잉글리쉬 닐잉글리쉬 안녕하세요! 오늘 Elayna 선생님께서 몸이 아프셔서 수업을 할 수 없다고 연락이 왔습니다. 수업은 휴강으로 조정해 드렸습니다. 휴강된 수업은 수업횟수에 포함되지 않기 때문에 수업종료일이 뒤로 늦추어지면서 수업횟수에는 변동이 없습니다. 궁금한 점 있으시면 고객센터 또는 카톡으로 말씀 부탁드립니다. 수업에 불편을 드려서 정말 죄송합니다.,3
483,"There’s even more to your Creative Cloud membership Explore the full potential of your plan, and bring your imagination to life. ‌ ‌ ‌ ‌ ‌ ‌ ‌ ‌ ‌ ‌ ‌ ‌ ‌ ‌ ‌ ‌ ‌ ‌ ‌ ‌ ‌ ‌ ‌ ‌ ‌ ‌ ‌ ‌ ‌ ‌ ‌ ‌ ‌ ‌ ‌ ‌ ‌ ‌ ‌ ‌ ‌ ‌ ‌ ‌ ‌ ‌ ‌ ‌ ‌ ‌ ‌ ‌ ‌ ‌ ‌ ‌ ‌ ‌ ‌ ‌ ‌ ‌",3
485,You’re a writing powerhouse! 💪 Last week&#39;s stats point to peak productivity. ‌ ‌ ‌ ‌ ‌ ‌ ‌ ‌ ‌ ‌ ‌ ‌ ‌ ‌ ‌ ‌ ‌ ‌ ‌ ‌ ‌ ‌ ‌ ‌ ‌ ‌ ‌ ‌ ‌ ‌ ‌ ‌ ‌ ‌ ‌ ‌ ‌ ‌ ‌ ‌ ‌ ‌ ‌ ‌ ‌ ‌ ‌ ‌ ‌ ‌ ‌ ‌ ‌ ‌ ‌ ‌ ‌ ‌ ‌ ‌ ‌ ‌ ‌ ‌ ‌ ‌ ‌ ‌ ‌ ‌ ‌ ‌ ‌ ‌ ‌ ‌,3
486,"Open me... Up to 35% off select major appliances has landed in your inbox! Plus, check out our Top Deals in top categories. Andy K. | View Account View: Web BEST BUY Top Deals Outlet TVs Computers Cell Phones Appliances Save up to 35% on select major appliances Shop now Top",1
487,"Silver 리워드 레벨에 도달하려면 $29 더 지출하세요. 지금이 기회! 다음 레벨에 도달하려면 $29 더 지출하세요. Silver Rewards 14일 이내에 한함 쇼핑하기 Hi mo 고객님의 장바구니를 책임질 장바구니 필수품 및 최저가 도전을 위한 특가혜택 상품들을 준비했습니다. 지금$29 더 지출하면 레벨업 할 수 있습니다! 04/15/25 전에 신상품 및 특가혜택으로 알뜰 쇼핑하고, Silver 레벨로 업그레",1
488,The moment you've been waiting for! Be unstoppable with our versatile AI PCs. ﻿͏ ﻿͏ ﻿͏ ﻿͏ ﻿͏ ﻿͏ ﻿͏ ﻿͏ ﻿͏ ﻿͏ ﻿͏ ﻿͏ ﻿͏ ﻿͏ ﻿͏ ﻿͏ ﻿͏ ﻿͏ ﻿͏ ﻿͏ ﻿͏ ﻿͏ ﻿͏ ﻿͏ ﻿͏ ﻿͏ ﻿͏ ﻿͏ ﻿͏ ﻿͏ ﻿͏ ﻿͏ ﻿͏ ﻿͏ ﻿͏ ﻿͏ ﻿͏ ﻿͏ ﻿͏ ﻿͏ ﻿͏ ﻿͏ ﻿͏ ﻿͏ ﻿͏ ﻿͏ ﻿͏ ﻿͏ ﻿͏ ﻿͏ ﻿͏ ﻿͏ ﻿͏,3
489,"""What are the ONLY 3 things you should find i..."" r/Jokes: What are the ONLY 3 things you should find in your stool? Nails, screws, or bolts. ͏‌ ͏‌ ͏‌ ͏‌ ͏‌ ͏‌ ͏‌ ͏‌ ͏‌ ͏‌ ͏‌ ͏‌ ͏‌ ͏‌ ͏‌ ͏‌ ͏‌ ͏‌ ͏‌ ͏‌ ͏‌ ͏‌ ͏‌ ͏‌ ͏‌ ͏‌ ͏‌ ͏‌ ͏‌ ͏‌ ͏‌ ͏‌ ͏‌ ͏‌ ͏‌ ͏‌",3
490,"(광고) 오늘만 천원!!💸 만우절 장난 아니고 진짜임. 담당자가 실수로 0을 빠뜨렸어요. 나의 성장을 돕는 IT 실무지식 플랫폼 &quot;이게 정말 진짜라고..?&quot; 인프런에서 &#39;최초&#39;로 시도하는 파격 이벤트 강의.. 천원에 드립니다. 만우절 장난 NO! 정말로 딱 1000원에 가져갈 수 있어요. 4월 1일, 오늘 단 하루만! 강의 1000원에 드리니 어서 어서 강의 담아가세요. (소근소근",1
491,"DOOM: The Dark Ages comes to Battle.net on May 15, Adventurer! As the DOOM Slayer, fight your way across ancient battlefields, brutal hellscapes, and worlds beyond in this action-packed epic. DOOM: The Dark Ages is coming to Battle.net DOOM: The Dark Ages is",3
492,"Sniffles and sneezes? 🤧 Get 20% off allergy testing New season, new allergens. Take control with lab testing today. View in browser Quest logo Allergies in full bloom? Woman blowing her nose because of allergies Save 20%* on allergy tests Shop",3
493,🥔 대두 진짜 감자빵 무료증정!! 품절되기 전 지금 바로 받아가세요! 한국 베스트 상품 구매하고 인기 감자빵 받기 🎁 ͏ ͏ ͏ ͏ ͏ ͏ ͏ ͏ ͏ ͏ ͏ ͏ ͏ ͏ ͏ ͏ ͏ ͏ ͏ ͏ ͏ ͏ ͏ ͏ ͏ ͏ ͏ ͏ ͏ ͏ ͏ ͏ ͏ ͏ ͏ ͏ ͏ ͏ ͏ ͏ ͏ ͏ ͏ ͏ ͏ ͏ ͏ ͏ ͏ ͏ ͏ ͏ ͏ ͏ ͏ ͏ ͏ ͏ ͏ ͏ ͏ ͏ ͏ ͏ ͏ ͏ ͏ ͏ ͏ ͏ ͏ ͏ ͏ ͏ ͏ ͏ ͏ ͏ ͏ ͏ ͏ ͏ ͏ ͏ ͏ ͏ ͏,3
494,"This isn't just any SALE... Also inside, find 4K TVs as low as $139.99! Andy K. | View Account View: Web BEST BUY Top Deals Outlet TVs Computers Cell Phones Appliances 48-Hour Flash Sale. Ends today. Hurry, the deals end soon.",1
495,🎉 단 하루! 월요일만! 원데이 Super Sale 🎉 인기상품을 역대 최저가에 살 절호의 기회! 놓치지 마세요! ͏ ͏ ͏ ͏ ͏ ͏ ͏ ͏ ͏ ͏ ͏ ͏ ͏ ͏ ͏ ͏ ͏ ͏ ͏ ͏ ͏ ͏ ͏ ͏ ͏ ͏ ͏ ͏ ͏ ͏ ͏ ͏ ͏ ͏ ͏ ͏ ͏ ͏ ͏ ͏ ͏ ͏ ͏ ͏ ͏ ͏ ͏ ͏ ͏ ͏ ͏ ͏ ͏ ͏ ͏ ͏ ͏ ͏ ͏ ͏ ͏ ͏ ͏ ͏ ͏ ͏ ͏ ͏ ͏ ͏ ͏ ͏ ͏ ͏ ͏ ͏ ͏ ͏ ͏ ͏ ͏ ͏ ͏ ͏,1
496,24-Hour Flash Sale! Courses are on sale now. Lucky you! Score new courses for less during our 24-Hour Flash Sale. ͏ ‌ ﻿ ͏ ‌ ﻿ ͏ ‌ ﻿ ͏ ‌ ﻿ ͏ ‌ ﻿ ͏ ‌ ﻿ ͏ ‌ ﻿ ͏ ‌ ﻿ ͏ ‌ ﻿ ͏ ‌ ﻿ ͏ ‌ ﻿ ͏ ‌ ﻿ ͏ ‌ ﻿ ͏ ‌ ﻿ ͏ ‌ ﻿ ͏ ‌ ﻿ ͏ ‌ ﻿ ͏ ‌ ﻿ ͏ ‌ ﻿ ͏ ‌ ﻿ ͏ ‌ ﻿ ͏ ‌ ﻿,1
497,"Big Spring Sale ends tonight! There&#39;s still time to save up to 40% on beauty, electronics &amp; more͏ ‌ ͏ ‌ ͏ ‌ ͏ ‌ ͏ ‌ ͏ ‌ ͏ ‌ ͏ ‌ ͏ ‌ ͏ ‌ ͏ ‌ ͏ ‌ ͏ ‌ ͏ ‌ ͏ ‌ ͏ ‌ ͏ ‌ ͏ ‌ ͏ ‌ ͏ ‌ ͏ ‌ ͏ ‌ ͏ ‌ ͏ ‌ ͏ ‌ ͏ ‌ ͏ ‌ ͏ ‌ ͏ ‌ ͏ ‌ ͏ ‌ ͏ ‌",1
498,"New reply to a comment on ""[ 탑 피들스틱 vs 우르곳 ] 4렙까지 사고 안나면 이김(무편집 풀버전)"" New reply to a comment on &quot;[ 탑 피들스틱 vs 우르곳 ] 4렙까지 사고 안나면 이김(무편집 풀버전)&quot; Youtube Logo @삼다수-d8d replied to 꾸엥이&#39;s comment [ 탑 피들스틱 vs 우르곳 ] 4렙까지 사고 안나면 이김(무편집 풀버전) @삼다수-d8d 16:45 Reply If you",3
499,"""Tattoo Parlor"" r/Jokes: Tattoo Parlor I recently lost my job and so have been researching new careers. I&#39;ve decided to open a tattoo parlor where women can flash me for a discount. I&#39;m going to call it &quot;",1
500,"This will disappear before you know it - time is ticking, so shop NOW! Here one day, gone the next Unveil today&#39;s Deal of the Day! Andy K. | View Account View: Web BEST BUY Top Deals Outlet TVs Computers Cell Phones Appliances 48-Hour Flash Sale. Ends Monday. Get the deals before they&#39;re",1
502,"New reply to a comment on ""[ 탑 피들스틱 vs 문도 박사 ] 극딜로 압살 (무편집 풀버전)"" New reply to a comment on &quot;[ 탑 피들스틱 vs 문도 박사 ] 극딜로 압살 (무편집 풀버전)&quot; Youtube Logo @김진성-m6m replied to 김선홍&#39;s comment [ 탑 피들스틱 vs 문도 박사 ] 극딜로 압살 (무편집 풀버전) @김진성-m6m 딸깍챔이라 딸깍소리 있어야 한답니다~ Reply If",3
504,"""I went to the toilet on the plane and when I..."" r/Jokes: I went to the toilet on the plane and when I came back I saw someone sitting in my seat. He said, &quot;Sorry, I thought you got off. ͏‌ ͏‌ ͏‌ ͏‌ ͏‌ ͏‌ ͏‌ ͏‌ ͏‌ ͏‌ ͏‌ ͏‌ ͏‌ ͏‌ ͏‌ ͏‌ ͏‌ ͏‌ ͏‌",3
505,달콤 쫀득 고당도 샴페인 망고 🥭 지금 제철인 망고의 진한향과 단맛에 빠져보세요💛 ͏ ͏ ͏ ͏ ͏ ͏ ͏ ͏ ͏ ͏ ͏ ͏ ͏ ͏ ͏ ͏ ͏ ͏ ͏ ͏ ͏ ͏ ͏ ͏ ͏ ͏ ͏ ͏ ͏ ͏ ͏ ͏ ͏ ͏ ͏ ͏ ͏ ͏ ͏ ͏ ͏ ͏ ͏ ͏ ͏ ͏ ͏ ͏ ͏ ͏ ͏ ͏ ͏ ͏ ͏ ͏ ͏ ͏ ͏ ͏ ͏ ͏ ͏ ͏ ͏ ͏ ͏ ͏ ͏ ͏ ͏ ͏ ͏ ͏ ͏ ͏ ͏ ͏ ͏ ͏ ͏ ͏ ͏ ͏ ͏ ͏ ͏,3
506,These new TVs as low as $69.99 means now is a great time to buy - just add popcorn Plus great deals on Apple Watch and more! Andy K. | View Account View: Web BEST BUY Top Deals Outlet TVs Computers Cell Phones Appliances TVs as low as $69.99 after savings. Shop now. Reference,1
507,"New reply to a comment on ""[ 탑 피들스틱 vs 문도 박사 ] 극딜로 압살 (무편집 풀버전)"" New reply to a comment on &quot;[ 탑 피들스틱 vs 문도 박사 ] 극딜로 압살 (무편집 풀버전)&quot; Youtube Logo @기욱-n3u replied to 김선홍&#39;s comment [ 탑 피들스틱 vs 문도 박사 ] 극딜로 압살 (무편집 풀버전) @기욱-n3u 무시하세요 ㅋㅋ 잘 배우고 갑니다 Reply If you",3
508,"New reply to a comment on ""[ 탑 피들스틱 vs 문도 박사 ] 극딜로 압살 (무편집 풀버전)"" New reply to a comment on &quot;[ 탑 피들스틱 vs 문도 박사 ] 극딜로 압살 (무편집 풀버전)&quot; Youtube Logo 🌟 @TopSticks. replied to mo Cho&#39;s comment [ 탑 피들스틱 vs 문도 박사 ] 극딜로 압살 (무편집 풀버전) @TopSticks. 갱플이 먼짓을 해도 라인전에서",3
509,탑스틱 topsticks loves your comment Youtube Logo 탑스틱 topsticks loves your comment [ 탑 피들스틱 vs 문도 박사 ] 극딜로 압살 (무편집 풀버전) | 탑스틱 topsticks @mocho5604 선생님 북미 유저다 보니깐 실력이 딸려서 그런데 갱플이 착취들고 q짤만하면서 하니깐 어덯게 해야할지 감이 잘 안잡힙니다. 버프먹어서 존야빌드가도 버티기 좀 빡세고요,3
510,품절임박 📦 창고대방출 Big Sale 🎁 무료증정이벤트까지 놓치지 마세요! ͏ ͏ ͏ ͏ ͏ ͏ ͏ ͏ ͏ ͏ ͏ ͏ ͏ ͏ ͏ ͏ ͏ ͏ ͏ ͏ ͏ ͏ ͏ ͏ ͏ ͏ ͏ ͏ ͏ ͏ ͏ ͏ ͏ ͏ ͏ ͏ ͏ ͏ ͏ ͏ ͏ ͏ ͏ ͏ ͏ ͏ ͏ ͏ ͏ ͏ ͏ ͏ ͏ ͏ ͏ ͏ ͏ ͏ ͏ ͏ ͏ ͏ ͏ ͏ ͏ ͏ ͏ ͏ ͏ ͏ ͏ ͏ ͏ ͏ ͏ ͏ ͏ ͏ ͏ ͏ ͏ ͏ ͏ ͏ ͏ ͏ ͏ ͏ ͏ ͏,1
511,"""F*ck this job market"" r/leetcode: F*ck this job market Rejection after another for L5 roles in the past few months. Each one feels like a gut punch. Every time it&#39;s some bullshit hard level Leetcode puzzle that I",3
512,"Please act soon to stay connected. Don&#39;t miss out on the latest products, offers and more. Andy K. | View Account View: Web BEST BUY Top Deals Outlet TVs Computers Cell Phones Appliances Blue Shirt image Shop Now Blue Shirt image",1
514,"Update your Photoshop app for powerful new tools ﻿ Download the latest version of Photoshop. Plus, get Photoshop on your iPhone. ‌ ‌ ‌ ‌ ‌ ‌ ‌ ‌ ‌ ‌ ‌ ‌ ‌ ‌ ‌ ‌ ‌ ‌ ‌ ‌ ‌ ‌ ‌ ‌ ‌ ‌ ‌ ‌ ‌ ‌ ‌ ‌ ‌ ‌ ‌ ‌ ‌ ‌ ‌ ‌ ‌ ‌ ‌ ‌ ‌ ‌ ‌ ‌ ‌ ‌ ‌ ‌ ‌ ‌ ‌ ‌ ‌ ‌ ‌ ‌ ‌",3
515,"""Yo mama so poor"" r/Jokes: Yo mama so poor Her front door and back door are on the same hinge ͏‌ ͏‌ ͏‌ ͏‌ ͏‌ ͏‌ ͏‌ ͏‌ ͏‌ ͏‌ ͏‌ ͏‌ ͏‌ ͏‌ ͏‌ ͏‌ ͏‌ ͏‌ ͏‌ ͏‌ ͏‌ ͏‌ ͏‌ ͏‌ ͏‌ ͏‌ ͏‌ ͏‌ ͏‌ ͏‌ ͏‌ ͏‌ ͏‌ ͏‌ ͏‌ ͏‌ ͏‌ ͏‌ ͏‌ ͏‌ ͏‌ ͏‌",3
517,💬 김용님이 회원님이 아직 확인하지 않은 자신의 게시물에 댓글을 남겼습니다 조선일보 2025.3.22 토요특집기사 지난월요일 연락이 와서... 💬 김용님이 회원님이 아직 확인하지 않은 자신의 게시물에 댓글을 남겼습니다 3월 22일 오전 12:43 보기 40명이 공감했습니다. skk126skk126@gmail.com 주소로 전송된 메시지입니다. 앞으로 Meta로부터 이와 같은 이메일을 받지 않으려면 그만 받기를 누르세요. Meta,3
518,이번주 초특가전 ❤️ SK II 피테라 에센스 풀라인업! 모닝루틴부터 나이트케어까지 한번에! ͏ ͏ ͏ ͏ ͏ ͏ ͏ ͏ ͏ ͏ ͏ ͏ ͏ ͏ ͏ ͏ ͏ ͏ ͏ ͏ ͏ ͏ ͏ ͏ ͏ ͏ ͏ ͏ ͏ ͏ ͏ ͏ ͏ ͏ ͏ ͏ ͏ ͏ ͏ ͏ ͏ ͏ ͏ ͏ ͏ ͏ ͏ ͏ ͏ ͏ ͏ ͏ ͏ ͏ ͏ ͏ ͏ ͏ ͏ ͏ ͏ ͏ ͏ ͏ ͏ ͏ ͏ ͏ ͏ ͏ ͏ ͏ ͏ ͏ ͏ ͏ ͏ ͏ ͏ ͏ ͏ ͏ ͏ ͏ ͏ ͏ ͏ ͏ ͏ ͏ ͏,1
519,Innovation That Wins event ends soon. Don&#39;t miss this chance to save! ﻿͏ ﻿͏ ﻿͏ ﻿͏ ﻿͏ ﻿͏ ﻿͏ ﻿͏ ﻿͏ ﻿͏ ﻿͏ ﻿͏ ﻿͏ ﻿͏ ﻿͏ ﻿͏ ﻿͏ ﻿͏ ﻿͏ ﻿͏ ﻿͏ ﻿͏ ﻿͏ ﻿͏ ﻿͏ ﻿͏ ﻿͏ ﻿͏ ﻿͏ ﻿͏ ﻿͏ ﻿͏ ﻿͏ ﻿͏ ﻿͏ ﻿͏ ﻿͏ ﻿͏ ﻿͏ ﻿͏ ﻿͏ ﻿͏ ﻿͏ ﻿͏ ﻿͏ ﻿͏ ﻿͏ ﻿͏ ﻿͏ ﻿͏ ﻿͏ ﻿͏ ﻿͏ ﻿͏ ﻿͏,3
520,Sale ends today! Go after your career goals for less. Build the skills you need to reach the next step in your career — and every step after. Shop now to save on courses. ͏ ‌ ﻿ ͏ ‌ ﻿ ͏ ‌ ﻿ ͏ ‌ ﻿ ͏ ‌ ﻿ ͏ ‌ ﻿ ͏ ‌ ﻿ ͏ ‌ ﻿ ͏ ‌ ﻿ ͏ ‌ ﻿ ͏ ‌ ﻿ ͏ ‌ ﻿ ͏ ‌ ﻿ ͏ ‌ ﻿,1
521,"(광고)🌱인프런 앱에서 나만의 식물 키우면 생기는 일.event 100% 강의쿠폰 받아가세요! 나의 성장을 돕는 IT 실무지식 플랫폼 [ 인프런 앱 내 식물 키우기 기능 오픈 ] 학습을 꾸준히 할수록 새싹에서 묘목으로, 묘목에서 나무로 점점 성장하고, 그리고 그 나무에서 귀여운 열매가 자라나요! ▼ 열매 수확 이벤트 중 ▼ EVENT 지금 앱으로 나만의 식물 키우고 선물도 받아가세요! 앱으로 강의 수강만 해도 총 50만",1
522,"""Yo mama’s so fat"" r/Jokes: Yo mama&#39;s so fat She can&#39;t even put the past behind her. ͏‌ ͏‌ ͏‌ ͏‌ ͏‌ ͏‌ ͏‌ ͏‌ ͏‌ ͏‌ ͏‌ ͏‌ ͏‌ ͏‌ ͏‌ ͏‌ ͏‌ ͏‌ ͏‌ ͏‌ ͏‌ ͏‌ ͏‌ ͏‌ ͏‌ ͏‌ ͏‌ ͏‌ ͏‌ ͏‌ ͏‌ ͏‌ ͏‌ ͏‌ ͏‌ ͏‌ ͏‌ ͏‌ ͏‌ ͏‌ ͏‌ ͏‌",3
523,"AndyKang, did 'Pejnl Headband' meet your expectations? Review it on Amazon Your opinion matters! AndyKang, do you have a moment? We&#39;d love to know how everything worked out with you. Please take a moment to review your most recent item(s). What did you think of the item?",3
524,맛보장 전라도 광주 김치 신상출시🔥 한국에서 갓 도착한 전라도 김치의 진수🌶️ ͏ ͏ ͏ ͏ ͏ ͏ ͏ ͏ ͏ ͏ ͏ ͏ ͏ ͏ ͏ ͏ ͏ ͏ ͏ ͏ ͏ ͏ ͏ ͏ ͏ ͏ ͏ ͏ ͏ ͏ ͏ ͏ ͏ ͏ ͏ ͏ ͏ ͏ ͏ ͏ ͏ ͏ ͏ ͏ ͏ ͏ ͏ ͏ ͏ ͏ ͏ ͏ ͏ ͏ ͏ ͏ ͏ ͏ ͏ ͏ ͏ ͏ ͏ ͏ ͏ ͏ ͏ ͏ ͏ ͏ ͏ ͏ ͏ ͏ ͏ ͏ ͏ ͏ ͏ ͏ ͏ ͏ ͏ ͏ ͏ ͏ ͏ ͏ ͏,3
525,❄️ 시원한 냉면 맛집 개시! 🥩고기와 찰떡궁합 물냉면 VS 매콤 비빔냉면 입맛대로 골라 드세요! ͏ ͏ ͏ ͏ ͏ ͏ ͏ ͏ ͏ ͏ ͏ ͏ ͏ ͏ ͏ ͏ ͏ ͏ ͏ ͏ ͏ ͏ ͏ ͏ ͏ ͏ ͏ ͏ ͏ ͏ ͏ ͏ ͏ ͏ ͏ ͏ ͏ ͏ ͏ ͏ ͏ ͏ ͏ ͏ ͏ ͏ ͏ ͏ ͏ ͏ ͏ ͏ ͏ ͏ ͏ ͏ ͏ ͏ ͏ ͏ ͏ ͏ ͏ ͏ ͏ ͏ ͏ ͏ ͏ ͏ ͏ ͏ ͏ ͏ ͏ ͏ ͏ ͏ ͏ ͏ ͏ ͏ ͏ ͏ ͏ ͏ ͏,3
526,"[인프런] 지식공유자 기술노트with알렉님이 새소식을 등록했어요.📫 지식공유자 기술노트with알렉님이 새소식을 등록했어요. ChatGPT로 앱 서비스 개발 강의 (오프라인) 기술노트with알렉 2025-03-26 안녕하세요. 기술노트 알렉입니다. 이번 강의는 ChatGPT를 활용하여 앱 서비스 개발을 배우는 과정으로, 앱 서비스를 만드는 과정, 꼭 알아야 하는 기술 지식 + 실습으로 진행합니다. 개발을 몰라도 바로 따라할 수",3
527,"""Im so INCONSISTENT ! :(((("" r/leetcode: Im so INCONSISTENT ! :(((( ͏‌ ͏‌ ͏‌ ͏‌ ͏‌ ͏‌ ͏‌ ͏‌ ͏‌ ͏‌ ͏‌ ͏‌ ͏‌ ͏‌ ͏‌ ͏‌ ͏‌ ͏‌ ͏‌ ͏‌ ͏‌ ͏‌ ͏‌ ͏‌ ͏‌ ͏‌ ͏‌ ͏‌ ͏‌ ͏‌ ͏‌ ͏‌ ͏‌ ͏‌ ͏‌ ͏‌ ͏‌ ͏‌ ͏‌ ͏‌ ͏‌ ͏‌ ͏‌ ͏‌ ͏‌ ͏‌ ͏‌ ͏‌ ͏‌ ͏‌ ͏‌ ͏‌ ͏‌ ͏‌",3
528,"(광고) 회사 생활이 버겁다고 느껴지는 당신께💌 지금보다 회사가 조금 더 편해질 수 있다면? 업무, 커뮤니케이션, 시간 관리.. 회사에서 잘해야할 게 한두 개가 아닌데.. 이런 회사 생활이 버겁게 느껴지진 않나요? 직장인라면 누구나 한번쯤 겪는 회사 고민들! 이젠 슬기롭게 해결하고 조금 더 편하고 즐거운 직장 생활 만들어요! 회사에서 살아남는 총모음.ZIP + 슬기로운 회사생활 + 회사에서 겪는 고민들",1
529,"💰[리워드데이 최대 5%적립] 마트 품절템 계란,유제품, 라면 및 생활용품 신선하게 배송받고 적립 혜택도 놓치지 마세요! ͏ ͏ ͏ ͏ ͏ ͏ ͏ ͏ ͏ ͏ ͏ ͏ ͏ ͏ ͏ ͏ ͏ ͏ ͏ ͏ ͏ ͏ ͏ ͏ ͏ ͏ ͏ ͏ ͏ ͏ ͏ ͏ ͏ ͏ ͏ ͏ ͏ ͏ ͏ ͏ ͏ ͏ ͏ ͏ ͏ ͏ ͏ ͏ ͏ ͏ ͏ ͏ ͏ ͏ ͏ ͏ ͏ ͏ ͏ ͏ ͏ ͏ ͏ ͏ ͏ ͏ ͏ ͏ ͏ ͏ ͏ ͏ ͏ ͏ ͏ ͏ ͏ ͏ ͏ ͏ ͏ ͏ ͏ ͏ ͏ ͏ ͏ ͏",1
531,"Big Spring Sale starts today, up to 40% off Save on home, apparel, gardening &amp; more͏ ‌ ͏ ‌ ͏ ‌ ͏ ‌ ͏ ‌ ͏ ‌ ͏ ‌ ͏ ‌ ͏ ‌ ͏ ‌ ͏ ‌ ͏ ‌ ͏ ‌ ͏ ‌ ͏ ‌ ͏ ‌ ͏ ‌ ͏ ‌ ͏ ‌ ͏ ‌ ͏ ‌ ͏ ‌ ͏ ‌ ͏ ‌ ͏ ‌ ͏ ‌ ͏ ‌ ͏ ‌ ͏ ‌ ͏ ‌ ͏ ‌ ͏ ‌ ͏ ‌ ͏ ‌ ͏ ‌ ͏ ‌ ͏ ‌ ͏ ‌ ͏ ‌ ͏",1
532,"""Is the a global count?"" r/leetcode: Is the a global count? I recently saw this online symbol and a number with it. Just curious to know is the global online count on leetcode or is it like the number of people currently",3
533,"[인프런] 지식공유자 김영한님이 새소식을 등록했어요.📫 지식공유자 김영한님이 새소식을 등록했어요. 김영한의 실전 자바 - 고급 3편, 람다, 스트림, 함수형 프로그래밍 - 강의 오픈 김영한 2025-03-25 안녕하세요. 여러분 드디어 자바 고급3편 자바 로드맵의 마지막 강의를 오픈했습니다. 자바 로드맵 완성 기념으로 저의 모든 강의를 30% 할인 합니다! 링크: https://inf.run/iZKKT 김영한의",3
534,You have a way with words Your writing is growing more polished by the day. ‌ ‌ ‌ ‌ ‌ ‌ ‌ ‌ ‌ ‌ ‌ ‌ ‌ ‌ ‌ ‌ ‌ ‌ ‌ ‌ ‌ ‌ ‌ ‌ ‌ ‌ ‌ ‌ ‌ ‌ ‌ ‌ ‌ ‌ ‌ ‌ ‌ ‌ ‌ ‌ ‌ ‌ ‌ ‌ ‌ ‌ ‌ ‌ ‌ ‌ ‌ ‌ ‌ ‌ ‌ ‌ ‌ ‌ ‌ ‌ ‌ ‌ ‌ ‌ ‌ ‌ ‌ ‌ ‌ ‌ ‌ ‌ ‌ ‌ ‌ ‌,3
535,"Drop-In for Kate Hi! Kate is now available for drop-ins. You can come whenever, up until 4pm!",3
537,Save up to 30% on select lab tests—offer ends soon! Last chance to save on your spring health check ✅ View in browser Quest logo LAST CHANCE FOR 30% OFF Health insights are in season Spring Promo Scene 3 Save up to 30%* Shop questhealth.com Spring,3
538,"Learn toward your next career milestone. Courses on sale now. Wherever you&#39;re going, you can plan your path with the guidance of real-world experts. Start learning now. ͏ ‌ ﻿ ͏ ‌ ﻿ ͏ ‌ ﻿ ͏ ‌ ﻿ ͏ ‌ ﻿ ͏ ‌ ﻿ ͏ ‌ ﻿ ͏ ‌ ﻿ ͏ ‌ ﻿ ͏ ‌ ﻿ ͏ ‌ ﻿ ͏ ‌ ﻿ ͏ ‌ ﻿ ͏ ‌ ﻿ ͏ ‌ ﻿",1
539,"""Definition of castration"" r/Jokes: Definition of castration A eunuch experience ͏‌ ͏‌ ͏‌ ͏‌ ͏‌ ͏‌ ͏‌ ͏‌ ͏‌ ͏‌ ͏‌ ͏‌ ͏‌ ͏‌ ͏‌ ͏‌ ͏‌ ͏‌ ͏‌ ͏‌ ͏‌ ͏‌ ͏‌ ͏‌ ͏‌ ͏‌ ͏‌ ͏‌ ͏‌ ͏‌ ͏‌ ͏‌ ͏‌ ͏‌ ͏‌ ͏‌ ͏‌ ͏‌ ͏‌ ͏‌ ͏‌ ͏‌ ͏‌ ͏‌ ͏‌ ͏‌ ͏‌ ͏‌ ͏‌",3
540,"(광고) 🔥 이번달 가장 HOT했던 개발 신규 강의.zip 나만 모르고 있었던 이 강의, 얼른 확인하세요! 나의 성장을 돕는 IT 실무지식 플랫폼 안녕하세요. 인프런입니다 :) 시작이라는 단어가 어울리는 3월! 지금 새롭게 학습할 수 있는 신규 개발/프로그래밍 강의를 한 번에 모아봤어요! ▼ * 메일 하단에 비밀 쿠폰코드가 숨어있어요! [ DGS: NETFLIX가 스프링 부트로 대용량 트래픽을 처리하는 방법 ] 지식",1
541,"After ** today ** this ends! Take part in Best Buy Tech Fest... Want to pay less for amazing items? Plus, check out this great Deal of the Day! Andy K. | View Account View: Web BEST BUY Top Deals Outlet TVs Computers Cell Phones Appliances Best Buy Tech Fest. Big savings on top brands. Ends today.",1
543,"일본 그로서리 축제 🌸 최저가 할인전 + 무료증정이벤트 낫또, 고형카레, 우동면, 쯔유까지 일본 필수 그로서리 최대 40% ͏ ͏ ͏ ͏ ͏ ͏ ͏ ͏ ͏ ͏ ͏ ͏ ͏ ͏ ͏ ͏ ͏ ͏ ͏ ͏ ͏ ͏ ͏ ͏ ͏ ͏ ͏ ͏ ͏ ͏ ͏ ͏ ͏ ͏ ͏ ͏ ͏ ͏ ͏ ͏ ͏ ͏ ͏ ͏ ͏ ͏ ͏ ͏ ͏ ͏ ͏ ͏ ͏ ͏ ͏ ͏ ͏ ͏ ͏ ͏ ͏ ͏ ͏ ͏ ͏ ͏ ͏ ͏ ͏ ͏ ͏ ͏ ͏ ͏ ͏ ͏ ͏ ͏ ͏ ͏ ͏ ͏",1
545,"Massive OFFERS here... Want to pay less for amazing items? Don&#39;t wait, ends tomorrow. Andy K. | View Account View: Web BEST BUY Top Deals Outlet TVs Computers Cell Phones Appliances Best Buy Tech Fest. Also, shop new deals every day with Deal of the Day.",1
546,⚡[최대 30%] 맛있는 스낵 골라담기 #달콤촉촉 #단짠단짠 🍿스낵은 이것저것 담는게 제맛! ͏ ͏ ͏ ͏ ͏ ͏ ͏ ͏ ͏ ͏ ͏ ͏ ͏ ͏ ͏ ͏ ͏ ͏ ͏ ͏ ͏ ͏ ͏ ͏ ͏ ͏ ͏ ͏ ͏ ͏ ͏ ͏ ͏ ͏ ͏ ͏ ͏ ͏ ͏ ͏ ͏ ͏ ͏ ͏ ͏ ͏ ͏ ͏ ͏ ͏ ͏ ͏ ͏ ͏ ͏ ͏ ͏ ͏ ͏ ͏ ͏ ͏ ͏ ͏ ͏ ͏ ͏ ͏ ͏ ͏ ͏ ͏ ͏ ͏ ͏ ͏ ͏ ͏ ͏ ͏ ͏ ͏ ͏ ͏ ͏ ͏ ͏ ͏ ͏ ͏ ͏ ͏,3
547,We’ve got some new course recommendations for you. Check out what&#39;s popular with students like you. Get a course today and start learning. ͏ ‌ ﻿ ͏ ‌ ﻿ ͏ ‌ ﻿ ͏ ‌ ﻿ ͏ ‌ ﻿ ͏ ‌ ﻿ ͏ ‌ ﻿ ͏ ‌ ﻿ ͏ ‌ ﻿ ͏ ‌ ﻿ ͏ ‌ ﻿ ͏ ‌ ﻿ ͏ ‌ ﻿ ͏ ‌ ﻿ ͏ ‌ ﻿ ͏ ‌ ﻿ ͏ ‌ ﻿ ͏ ‌ ﻿ ͏,3
548,"New reply to a comment on ""[ 탑 피들스틱 vs 우르곳 ] 4렙까지 사고 안나면 이김(무편집 풀버전)"" New reply to a comment on &quot;[ 탑 피들스틱 vs 우르곳 ] 4렙까지 사고 안나면 이김(무편집 풀버전)&quot; Youtube Logo 🌟 @TopSticks. replied to 꾸엥이&#39;s comment [ 탑 피들스틱 vs 우르곳 ] 4렙까지 사고 안나면 이김(무편집 풀버전) @TopSticks. 오? Reply If",3
549,📦창고대방출 Big Sale + 🎁 무료증정이벤트 ⏰물류창고 스페이스 확보를 위한 한정타임 특가전 ͏ ͏ ͏ ͏ ͏ ͏ ͏ ͏ ͏ ͏ ͏ ͏ ͏ ͏ ͏ ͏ ͏ ͏ ͏ ͏ ͏ ͏ ͏ ͏ ͏ ͏ ͏ ͏ ͏ ͏ ͏ ͏ ͏ ͏ ͏ ͏ ͏ ͏ ͏ ͏ ͏ ͏ ͏ ͏ ͏ ͏ ͏ ͏ ͏ ͏ ͏ ͏ ͏ ͏ ͏ ͏ ͏ ͏ ͏ ͏ ͏ ͏ ͏ ͏ ͏ ͏ ͏ ͏ ͏ ͏ ͏ ͏ ͏ ͏ ͏ ͏ ͏ ͏ ͏ ͏ ͏ ͏ ͏ ͏ ͏ ͏ ͏,1
550,"Real or fake? Key insights on virus alerts Plus, find out how scammers exploit social media Avast Software View in browser The Download Your monthly security news Check out the latest security news and tips from Avast How to spot fake virus",3
551,"""I Almost Gave Up… But Here’s What I Learned ..."" r/leetcode: I Almost Gave Up… But Here&#39;s What I Learned (A Message to Everyone Struggling on LeetCode) I&#39;ve been wanting to write this post for a while, and today feels like the right time to",3
552,[GitHub] Please review this sign in Hey Lol1927! Your GitHub account was successfully signed in to but we did not recognize the location of the sign in. You can review this sign in attempt by visiting https://github.com/settings/sessions,3
553,"[GitHub] Please verify your device Hey Lol1927! A sign in attempt requires further verification because we did not recognize your device. To complete the sign in, enter the verification code on the unrecognized device. Device: Chrome on",3
555,"Renew your JetBrains Educational Pack Hi Andy, We would like to just quickly remind you that your JetBrains Educational Pack will expire in 2 weeks. Please use this link to renew your license for free if you are still a student. If you",3
556,"Windows Chrome에서 새로운 Instagram 로그인 발생 8_8dodong님, 새로운 로그인이 감지되었습니다 평소에 사용하지 않는 기기에서 로그인이 감지되었습니다. Windows · Chrome · Brunswick, NY, United States March 20 at 8:12 PM (PDT) 회원님이 로그인한 것이 맞다면 며칠 동안 특정 보안 및 계정 설정에 액세스할 수 없습니다. 이전에 로그인한 기기에서 이",3
557,"""Your mama is so fat..."" r/Jokes: Your mama is so fat... That when she walked by the whale exhibit the whales started singing &#39;We Are Family&#39;. ͏‌ ͏‌ ͏‌ ͏‌ ͏‌ ͏‌ ͏‌ ͏‌ ͏‌ ͏‌ ͏‌ ͏‌ ͏‌ ͏‌ ͏‌ ͏‌ ͏‌ ͏‌ ͏‌ ͏‌ ͏‌ ͏‌ ͏‌ ͏‌ ͏‌",3
558,"Enter Blackwing Lair in WoW Classic: 20th Anniversary Edition Now, Adventurer! Face Nefarian in Phase 3 content, dominate the Trial of Style runway with the new Heavenly Regalia Pack transmog set, and more! EXPLORE PHASE 3 CONTENT EXPLORE PHASE 3 CONTENT Phase 3 of WoW® Classic:",3
559,탑스틱 topsticks loves your comment Youtube Logo 탑스틱 topsticks loves your comment [ 탑 피들스틱 vs 쉔 ] 무편집 풀버전 | 탑스틱 topsticks @mocho5604 이런 무편집 너무 좋습니다 선생님!!! View hearted comment If you no longer wish to receive emails about comments and,3
561,"mo님, 사용 가능한 저장 공간이 있습니다. 지금 바로 파일을 업로드하세요. ‌ ‌ ‌ ‌ ‌ ‌ ‌ ‌ ‌ ‌ ‌ ‌ ‌ ‌ ‌ ‌ ‌ ‌ ‌ ‌ ‌ ‌ ‌ ‌ ‌ ‌ ‌ ‌ ‌ ‌ ‌ ‌ ‌ ‌ ‌ ‌ ‌ ‌ ‌ ‌ ‌ ‌ ‌ ‌ ‌ ‌ ‌ ‌ ‌ ‌ ‌ ‌ ‌ ‌ ‌ ‌ ‌ ‌ ‌ ‌ ‌ ‌ ‌ ‌ ‌ ‌ ‌ ‌ ‌ ‌ ‌ ‌ ‌ ‌ ‌ ‌ ‌ ‌ ‌ ‌ ‌ ‌ ‌ ‌ ‌ ‌ ‌ ‌ ‌ ‌ ‌ ‌",3
562,"See what makes this tech so popular. Plus, get free shipping &amp; earn Dell Rewards! ﻿͏ ﻿͏ ﻿͏ ﻿͏ ﻿͏ ﻿͏ ﻿͏ ﻿͏ ﻿͏ ﻿͏ ﻿͏ ﻿͏ ﻿͏ ﻿͏ ﻿͏ ﻿͏ ﻿͏ ﻿͏ ﻿͏ ﻿͏ ﻿͏ ﻿͏ ﻿͏ ﻿͏ ﻿͏ ﻿͏ ﻿͏ ﻿͏ ﻿͏ ﻿͏ ﻿͏ ﻿͏ ﻿͏ ﻿͏ ﻿͏ ﻿͏ ﻿͏ ﻿͏ ﻿͏ ﻿͏ ﻿͏ ﻿͏ ﻿͏ ﻿͏ ﻿͏ ﻿͏ ﻿͏ ﻿͏ ﻿͏ ﻿͏ ﻿͏",3
563,당은 줄이고⬇️ 맛은 그대로! 저당 초장 쌈장 고추장 부담없이 가볍게! 맛있게! 드세요 ͏ ͏ ͏ ͏ ͏ ͏ ͏ ͏ ͏ ͏ ͏ ͏ ͏ ͏ ͏ ͏ ͏ ͏ ͏ ͏ ͏ ͏ ͏ ͏ ͏ ͏ ͏ ͏ ͏ ͏ ͏ ͏ ͏ ͏ ͏ ͏ ͏ ͏ ͏ ͏ ͏ ͏ ͏ ͏ ͏ ͏ ͏ ͏ ͏ ͏ ͏ ͏ ͏ ͏ ͏ ͏ ͏ ͏ ͏ ͏ ͏ ͏ ͏ ͏ ͏ ͏ ͏ ͏ ͏ ͏ ͏ ͏ ͏ ͏ ͏ ͏ ͏ ͏ ͏ ͏ ͏ ͏ ͏ ͏ ͏ ͏ ͏ ͏ ͏ ͏ ͏,3
564,Last day to save! Courses on sale now. This sale is coming to a close. Get a new course (and new perspective) with a learning marketplace that&#39;s worldwide. ͏ ‌ ﻿ ͏ ‌ ﻿ ͏ ‌ ﻿ ͏ ‌ ﻿ ͏ ‌ ﻿ ͏ ‌ ﻿ ͏ ‌ ﻿ ͏ ‌ ﻿ ͏ ‌ ﻿ ͏ ‌ ﻿ ͏ ‌ ﻿ ͏ ‌ ﻿ ͏ ‌ ﻿ ͏,1
565,"Save up to 30% on lab tests this spring 🌸 New season, new chance to check in on your health View in browser Quest logo Spring into actionable health insights Spring Promo Scene 2 Save up to 30%* Shop questhealth.com Spring brings fresh starts—",3
566,"""I just got a great job offer to collect taxe..."" r/Jokes: I just got a great job offer to collect taxes for Hell. I&#39;ll be part for the Infernal Revenue Service. ͏‌ ͏‌ ͏‌ ͏‌ ͏‌ ͏‌ ͏‌ ͏‌ ͏‌ ͏‌ ͏‌ ͏‌ ͏‌ ͏‌ ͏‌ ͏‌ ͏‌ ͏‌ ͏‌ ͏‌ ͏‌ ͏‌ ͏‌ ͏‌ ͏‌ ͏‌ ͏‌ ͏‌",3
567,"Try 3 months of Premium for $0. Explore ad-free music listening and endless skips. Get Premium. Find your next jam, uninterrupted. $0 for 3 months. The day&#39;s too short—so why not enjoy nonstop music listening? Dig into top hits",3
569,구매 확인 안내 귀여운 광대 님 구매에 감사드립니다. 구매가 완료되었습니다. 구매상품: 575 RP 결제금액: US$5.39 본 구매 내역에 대해 고객센터에 문의하실 경우 꼭 아래 정보를 함께 알려주세요. 일시: 2025년 3월 19일 오후 5시 34분 38초 GMT UTC 거래번호: LN5A46G5A6DF 결제수단: Credit/Debit card 거래 조건에 대한 상세,3
570,"Spring house hunting, Donghyuk? Try your exclusive tools. Get the latest home listings and sales trends. Get the latest home listings and sales trends. Wells Fargo home page Take a fresh look this spring with exclusive search tools Searching for a new home?",1
571,"""Boomed Netflix"" r/leetcode: Boomed Netflix Failed after 5 rounds. Overall, it was a very interesting interview experience. The initial phone screen with the recruiter was quite technical, focusing on my work",3
572,"[인프런] 지식공유자 김영한님이 새소식을 등록했어요.📫 지식공유자 김영한님이 새소식을 등록했어요. 김영한의 실전 자바 - 고급 3편, 람다, 스트림, 함수형 프로그래밍 - 오픈 일정 확정 김영한 2025-03-19 안녕하세요. 여러분 드디어 2년에 걸쳐서 자바 로드맵을 완성했습니다. 자바 로드맵의 마지막 강의인 김영한의 실전 자바 - 고급 3편, 람다, 스트림, 함수형 프로그래밍 오픈 일정이 3월 25일(화) ~",4
573,"Kang, we’ve missed you. Ready to win? Enter our $5k Bespoke AI sweepstakes Reserve now for a $100 credit. Reserve now for a $100 credit. Samsung Logo Bespoke AI - $100 next gen savings - Ready for a smart home upgrade? Reserve your credit now and get up to $1100 in total",3
575,"(광고) 🤔 데이터 분석, 진짜 지금으로 충분하신가요? 한 달만에 내게 필요한 데이터 레벨까지 점프! 나의 성장을 돕는 IT 실무지식 플랫폼 모두가 데이터로 말하고 일하는 지금, 필요한 데이터 역량을 충분히 갖추고 계신가요? 데이터가 필요한 모두가 쉽게 데이터 공부를 시작하고, 원하는 역량까지 쭉쭉 키울 수 있도록! 💥데이터 슈퍼점프 오픈💥 내게 필요한 데이터 역량까지 한 달안에 점프할 수 있도록! ▼ 지금 바로",1
576,"Andy, the creativity on Behance will amaze you Folyami Kavics - (River Pebble), Enterprise Mobility II, and more trending Photoshop projects on Behance. ‌ ‌ ‌ ‌ ‌ ‌ ‌ ‌ ‌ ‌ ‌ ‌ ‌ ‌ ‌ ‌ ‌ ‌ ‌ ‌ ‌ ‌ ‌ ‌ ‌ ‌ ‌ ‌ ‌ ‌ ‌ ‌ ‌ ‌ ‌ ‌ ‌ ‌ ‌ ‌ ‌ ‌ ‌ ‌ ‌ ‌ ‌ ‌",3
577,Time to celebrate your success 👏 Your writing was on point last week. ‌ ‌ ‌ ‌ ‌ ‌ ‌ ‌ ‌ ‌ ‌ ‌ ‌ ‌ ‌ ‌ ‌ ‌ ‌ ‌ ‌ ‌ ‌ ‌ ‌ ‌ ‌ ‌ ‌ ‌ ‌ ‌ ‌ ‌ ‌ ‌ ‌ ‌ ‌ ‌ ‌ ‌ ‌ ‌ ‌ ‌ ‌ ‌ ‌ ‌ ‌ ‌ ‌ ‌ ‌ ‌ ‌ ‌ ‌ ‌ ‌ ‌ ‌ ‌ ‌ ‌ ‌ ‌ ‌ ‌ ‌ ‌ ‌ ‌ ‌ ‌ ‌ ‌ ‌ ‌ ‌ ‌,3
578,"Get up to 30% off lab tests this St. Patrick’s Day 🍀 Make this offer your lucky charm View in browser Quest logo It&#39;s a lucky day for your health journey Spring Promo Scene 1 Save up to 30%* Shop questhealth.com This St. Patrick&#39;s Day, luck means",3
579,"You have to check out Best Buy Tech Fest! Take advantage of these amazing deals Also inside, time is ticking on our Deal of the Day! Andy K. | View Account View: Web BEST BUY Top Deals Outlet TVs Computers Cell Phones Appliances Best Buy Tech Fest. The deals have arrived. Ends",1
581,Innovative tech just for you. This is your chance to shop our most popular tech! ﻿͏ ﻿͏ ﻿͏ ﻿͏ ﻿͏ ﻿͏ ﻿͏ ﻿͏ ﻿͏ ﻿͏ ﻿͏ ﻿͏ ﻿͏ ﻿͏ ﻿͏ ﻿͏ ﻿͏ ﻿͏ ﻿͏ ﻿͏ ﻿͏ ﻿͏ ﻿͏ ﻿͏ ﻿͏ ﻿͏ ﻿͏ ﻿͏ ﻿͏ ﻿͏ ﻿͏ ﻿͏ ﻿͏ ﻿͏ ﻿͏ ﻿͏ ﻿͏ ﻿͏ ﻿͏ ﻿͏ ﻿͏ ﻿͏ ﻿͏ ﻿͏ ﻿͏ ﻿͏ ﻿͏ ﻿͏ ﻿͏ ﻿͏,3
582,"Mailsuite Daily Report Mar 16, 2025: 1 email sent Mailsuite Mailsuite Daily Report Mar 16, 2025 Summary (03/16/25, 7:00 AM - 03/17/25, 7:00 AM) 1 emails sent 100% were read 0% were clicked Already read (1) 1098-T Mar 16, 2025 at 6:53 PM Read once To:",3
583,Now on sale: Courses to keep you on top Expand your horizons with top skills from real-world experts worldwide. On sale now. ͏ ‌ ﻿ ͏ ‌ ﻿ ͏ ‌ ﻿ ͏ ‌ ﻿ ͏ ‌ ﻿ ͏ ‌ ﻿ ͏ ‌ ﻿ ͏ ‌ ﻿ ͏ ‌ ﻿ ͏ ‌ ﻿ ͏ ‌ ﻿ ͏ ‌ ﻿ ͏ ‌ ﻿ ͏ ‌ ﻿ ͏ ‌ ﻿ ͏ ‌ ﻿ ͏ ‌ ﻿ ͏ ‌ ﻿ ͏ ‌ ﻿ ͏,1
584,"1098-T Sent with Mailsuite · Unsubscribe 03/16/25, 06:53:15 PM",1
586,"Is your 401(k) enough? Boost savings, investment options, and get potential tax benefits with an IRA. Wells Fargo Advisors home page Help set yourself up for success. Consider an IRA. Adding an IRA to supplement a 401(k) can",3
587,베트남 쌀국수🍜 Phở 재료 모두 모여랏! 쌀국수 육수 베이스 분말을 이용해 집에서도 간편하게 만들어드세요! ͏ ͏ ͏ ͏ ͏ ͏ ͏ ͏ ͏ ͏ ͏ ͏ ͏ ͏ ͏ ͏ ͏ ͏ ͏ ͏ ͏ ͏ ͏ ͏ ͏ ͏ ͏ ͏ ͏ ͏ ͏ ͏ ͏ ͏ ͏ ͏ ͏ ͏ ͏ ͏ ͏ ͏ ͏ ͏ ͏ ͏ ͏ ͏ ͏ ͏ ͏ ͏ ͏ ͏ ͏ ͏ ͏ ͏ ͏ ͏ ͏ ͏ ͏ ͏ ͏ ͏ ͏ ͏ ͏ ͏ ͏ ͏ ͏ ͏ ͏ ͏ ͏ ͏ ͏ ͏ ͏ ͏,3
588,We've got TVs for as low as $69.99! Check THIS out: Our Deal of the Day is waiting. Andy K. | View Account View: Web BEST BUY Top Deals Outlet TVs Computers Cell Phones Appliances Explore TVs as low as $69.99 after savings. Shop now.,1
589,🍰 입에서 사르르 녹는 크레페케익 무료증정 일본 그로서리 축제 💮 최저가 할인전 지금 만나보세요! ͏ ͏ ͏ ͏ ͏ ͏ ͏ ͏ ͏ ͏ ͏ ͏ ͏ ͏ ͏ ͏ ͏ ͏ ͏ ͏ ͏ ͏ ͏ ͏ ͏ ͏ ͏ ͏ ͏ ͏ ͏ ͏ ͏ ͏ ͏ ͏ ͏ ͏ ͏ ͏ ͏ ͏ ͏ ͏ ͏ ͏ ͏ ͏ ͏ ͏ ͏ ͏ ͏ ͏ ͏ ͏ ͏ ͏ ͏ ͏ ͏ ͏ ͏ ͏ ͏ ͏ ͏ ͏ ͏ ͏ ͏ ͏ ͏ ͏ ͏ ͏ ͏ ͏ ͏ ͏ ͏ ͏ ͏ ͏ ͏,3
590,"[Black Desert] The Hardcore Server Pre-season has Arrived! Welcome to the Hardcore Server. Which strategy will you take to survive? Into the endless desert, you take your first step... For two hours each day, forge your own path to survival and embrace the",2
591,"3 threads we think you might like See what people are saying and join the conversation. 8_8dodong, see what people are saying on Threads that_nuna_ 18h 흐음..🤔 37 replies · 242 likes jd_math 20h 어쩜 이렇게 말도 예쁘게 할까❤️ 학원이야기 16 replies · 469",3
594,"It’s your last day to save on thousands of courses. Whether you learn in little bits or long days, choose learning that fits your lifestyle. ͏ ‌ ﻿ ͏ ‌ ﻿ ͏ ‌ ﻿ ͏ ‌ ﻿ ͏ ‌ ﻿ ͏ ‌ ﻿ ͏ ‌ ﻿ ͏ ‌ ﻿ ͏ ‌ ﻿ ͏ ‌ ﻿ ͏ ‌ ﻿ ͏ ‌ ﻿ ͏ ‌ ﻿ ͏ ‌ ﻿ ͏ ‌ ﻿ ͏ ‌ ﻿ ͏ ‌ ﻿ ͏ ‌ ﻿ ͏ ‌",3
595,"(설문) AI 활용 취업준비, 인생 이모작 안녕하세요. 커리어 플랫폼 사람인입니다. 사람인에서 구직자를 대상으로 “AI 활용 취업준비”, 직장인을 대상으로 “인생 이모작”이라는 주제로 설문을 진행합니다. 설문에 참여하신 회원님들의 의견을 소중히 모아 전달하겠습니다. 약 1분의 귀한 시간을 내주시길 부탁 드립니다. 설문 조사 참여하기 이 설문은 개인정보가 보호되며 자료분석 및 언론 보도용으로만 사용될",3
596,An epic Arcane finale awaits WHO WILL TAKE THE CROWN? ͏ ‌ ﻿ ͏ ‌ ﻿ ͏ ‌ ﻿ ͏ ‌ ﻿ ͏ ‌ ﻿ ͏ ‌ ﻿ ͏ ‌ ﻿ ͏ ‌ ﻿ ͏ ‌ ﻿ ͏ ‌ ﻿ ͏ ‌ ﻿ ͏ ‌ ﻿ ͏ ‌ ﻿ ͏ ‌ ﻿ ͏ ‌ ﻿ ͏ ‌ ﻿ ͏ ‌ ﻿ ͏ ‌ ﻿ ͏ ‌ ﻿ ͏ ‌ ﻿ ͏ ‌ ﻿ ͏ ‌ ﻿ ͏ ‌ ﻿ ͏ ‌ ﻿ ͏ ‌ ﻿ ͏ ‌ ﻿ ͏ ‌ ﻿ ͏ ‌ ﻿ ͏ ‌ ﻿ ͏,3
597,⏰[오늘밤 종료] 코리아위크 2 🌸봄날의 맛 축제🌸 🎁무료증정행사 및 꼭 필요한 장바구니 필수템 역대급 특가 반값 세일 마지막 찬스! ͏ ͏ ͏ ͏ ͏ ͏ ͏ ͏ ͏ ͏ ͏ ͏ ͏ ͏ ͏ ͏ ͏ ͏ ͏ ͏ ͏ ͏ ͏ ͏ ͏ ͏ ͏ ͏ ͏ ͏ ͏ ͏ ͏ ͏ ͏ ͏ ͏ ͏ ͏ ͏ ͏ ͏ ͏ ͏ ͏ ͏ ͏ ͏ ͏ ͏ ͏ ͏ ͏ ͏ ͏ ͏ ͏ ͏ ͏ ͏ ͏ ͏ ͏ ͏ ͏ ͏ ͏ ͏ ͏ ͏ ͏ ͏ ͏ ͏ ͏ ͏ ͏ ͏,1
598,"Get 3 months of Premium for $0. Music adventures at your own beat, anywhere. Get Premium. Tunes, vibes, repeat. Premium, $0 for 3 months. Set the tone with uninterrupted music listening. Listen to your faves and explore new libraries",3
599,"Shop the tech everyone has been eyeing... Plus, save up to $300 off! ﻿͏ ﻿͏ ﻿͏ ﻿͏ ﻿͏ ﻿͏ ﻿͏ ﻿͏ ﻿͏ ﻿͏ ﻿͏ ﻿͏ ﻿͏ ﻿͏ ﻿͏ ﻿͏ ﻿͏ ﻿͏ ﻿͏ ﻿͏ ﻿͏ ﻿͏ ﻿͏ ﻿͏ ﻿͏ ﻿͏ ﻿͏ ﻿͏ ﻿͏ ﻿͏ ﻿͏ ﻿͏ ﻿͏ ﻿͏ ﻿͏ ﻿͏ ﻿͏ ﻿͏ ﻿͏ ﻿͏ ﻿͏ ﻿͏ ﻿͏ ﻿͏ ﻿͏ ﻿͏ ﻿͏ ﻿͏ ﻿͏ ﻿͏ ﻿͏ ﻿͏ ﻿͏ ﻿͏ ﻿͏ ﻿͏ ﻿͏ ﻿͏",3
600,[최대 55%] 🍌  도쿄바나나 뉴 에디션 ✨ 미니언즈 시리즈 가성비 최고 무지 스낵부터 Nissin 라면까지 😋 ͏ ͏ ͏ ͏ ͏ ͏ ͏ ͏ ͏ ͏ ͏ ͏ ͏ ͏ ͏ ͏ ͏ ͏ ͏ ͏ ͏ ͏ ͏ ͏ ͏ ͏ ͏ ͏ ͏ ͏ ͏ ͏ ͏ ͏ ͏ ͏ ͏ ͏ ͏ ͏ ͏ ͏ ͏ ͏ ͏ ͏ ͏ ͏ ͏ ͏ ͏ ͏ ͏ ͏ ͏ ͏ ͏ ͏ ͏ ͏ ͏ ͏ ͏ ͏ ͏ ͏ ͏ ͏ ͏ ͏ ͏ ͏ ͏ ͏ ͏ ͏ ͏ ͏ ͏ ͏ ͏ ͏ ͏ ͏ ͏ ͏,3
601,⏰ Last chance! 15% off colorectal cancer screening Test with Quest this Colorectal Cancer Awareness Month View in browser Quest logo LIMITED-TIME OFFER Last chance to save on this colorectal cancer screening Promo colorectalcancer 3 Buy kit now Know,3
602,"How do you like to learn? [Courses on sale now] Learn from your sofa. Learn from the bus. On mobile, laptop or both. Pick a course and pick your way to get ahead. ͏ ‌ ﻿ ͏ ‌ ﻿ ͏ ‌ ﻿ ͏ ‌ ﻿ ͏ ‌ ﻿ ͏ ‌ ﻿ ͏ ‌ ﻿ ͏ ‌ ﻿ ͏ ‌ ﻿ ͏ ‌ ﻿ ͏ ‌ ﻿ ͏ ‌ ﻿ ͏ ‌ ﻿ ͏ ‌ ﻿ ͏",1
603,"Continue Your Unreal Journey with UE5 for Games II New Promotional Announcement Hi AndyKang, an announcement has been made from David, instructor of Unreal Engine 5 for Games I: Beginner&#39;s Course. Hello everyone, Would you like to continue your",1
604,[✨신상]경복궁 갈비탕 🍖 매장의 맛 그대로 부드러운 갈비와 깊고 진한 육수 ͏ ͏ ͏ ͏ ͏ ͏ ͏ ͏ ͏ ͏ ͏ ͏ ͏ ͏ ͏ ͏ ͏ ͏ ͏ ͏ ͏ ͏ ͏ ͏ ͏ ͏ ͏ ͏ ͏ ͏ ͏ ͏ ͏ ͏ ͏ ͏ ͏ ͏ ͏ ͏ ͏ ͏ ͏ ͏ ͏ ͏ ͏ ͏ ͏ ͏ ͏ ͏ ͏ ͏ ͏ ͏ ͏ ͏ ͏ ͏ ͏ ͏ ͏ ͏ ͏ ͏ ͏ ͏ ͏ ͏ ͏ ͏ ͏ ͏ ͏ ͏ ͏ ͏ ͏ ͏ ͏ ͏ ͏ ͏ ͏ ͏ ͏ ͏ ͏ ͏ ͏ ͏,3
605,"MacBook Air (M4) now available. Speed of lightness. Check out the new MacBook Air (M4), starting at $449 with qualifying trade-in. Andy K. | View Account View: Web BEST BUY Top Deals Outlet TVs Computers Cell Phones Appliances MacBook Air M4. Speed of",1
606,"AndyKang, check out these personalized course picks 🔎 Discover new skills to grow your career and reach your goals. ͏ ‌ ﻿ ͏ ‌ ﻿ ͏ ‌ ﻿ ͏ ‌ ﻿ ͏ ‌ ﻿ ͏ ‌ ﻿ ͏ ‌ ﻿ ͏ ‌ ﻿ ͏ ‌ ﻿ ͏ ‌ ﻿ ͏ ‌ ﻿ ͏ ‌ ﻿ ͏ ‌ ﻿ ͏ ‌ ﻿ ͏ ‌ ﻿ ͏ ‌ ﻿ ͏ ‌ ﻿ ͏ ‌ ﻿ ͏ ‌ ﻿ ͏ ‌ ﻿ ͏ ‌ ﻿ ͏ ‌ ﻿ ͏ ‌ ﻿",3
607,🌼 환절기 필수! 스킨케어 봄격할인 최대 20% 💧 건조한 피부 더욱 촉촉하고 윤기나게 하는 팁! ͏ ͏ ͏ ͏ ͏ ͏ ͏ ͏ ͏ ͏ ͏ ͏ ͏ ͏ ͏ ͏ ͏ ͏ ͏ ͏ ͏ ͏ ͏ ͏ ͏ ͏ ͏ ͏ ͏ ͏ ͏ ͏ ͏ ͏ ͏ ͏ ͏ ͏ ͏ ͏ ͏ ͏ ͏ ͏ ͏ ͏ ͏ ͏ ͏ ͏ ͏ ͏ ͏ ͏ ͏ ͏ ͏ ͏ ͏ ͏ ͏ ͏ ͏ ͏ ͏ ͏ ͏ ͏ ͏ ͏ ͏ ͏ ͏ ͏ ͏ ͏ ͏ ͏ ͏ ͏ ͏ ͏ ͏ ͏ ͏ ͏ ͏,3
608,"We're updating the Wells Fargo Online Access Agreement Wells Fargo home page We&#39;re updating the Online Access Agreement An updated version of the Online Access Agreement (OAA) will go into effect on May 22, 2025. When you enrolled in Wells Fargo Online",3
609,🟡 사조 브랜드대전 최대 40% 스테디셀러 오양맛살부터 인기 참치캔까지 ͏ ͏ ͏ ͏ ͏ ͏ ͏ ͏ ͏ ͏ ͏ ͏ ͏ ͏ ͏ ͏ ͏ ͏ ͏ ͏ ͏ ͏ ͏ ͏ ͏ ͏ ͏ ͏ ͏ ͏ ͏ ͏ ͏ ͏ ͏ ͏ ͏ ͏ ͏ ͏ ͏ ͏ ͏ ͏ ͏ ͏ ͏ ͏ ͏ ͏ ͏ ͏ ͏ ͏ ͏ ͏ ͏ ͏ ͏ ͏ ͏ ͏ ͏ ͏ ͏ ͏ ͏ ͏ ͏ ͏ ͏ ͏ ͏ ͏ ͏ ͏ ͏ ͏ ͏ ͏ ͏ ͏ ͏ ͏ ͏ ͏ ͏ ͏ ͏ ͏,3
610,⚡[최대 50%] 화요일만 기다렸다!🍊🍠 제철 과일 야채 할인데이→ 달콤하게 비타민 보충할 시간! ͏ ͏ ͏ ͏ ͏ ͏ ͏ ͏ ͏ ͏ ͏ ͏ ͏ ͏ ͏ ͏ ͏ ͏ ͏ ͏ ͏ ͏ ͏ ͏ ͏ ͏ ͏ ͏ ͏ ͏ ͏ ͏ ͏ ͏ ͏ ͏ ͏ ͏ ͏ ͏ ͏ ͏ ͏ ͏ ͏ ͏ ͏ ͏ ͏ ͏ ͏ ͏ ͏ ͏ ͏ ͏ ͏ ͏ ͏ ͏ ͏ ͏ ͏ ͏ ͏ ͏ ͏ ͏ ͏ ͏ ͏ ͏ ͏ ͏ ͏ ͏ ͏ ͏ ͏ ͏ ͏ ͏ ͏ ͏ ͏ ͏ ͏ ͏ ͏ ͏ ͏ ͏,3
611,Sale ends today. Pick up new skills for less. Not sure what to learn next? We can help you get started with some suggestions. ͏ ‌ ﻿ ͏ ‌ ﻿ ͏ ‌ ﻿ ͏ ‌ ﻿ ͏ ‌ ﻿ ͏ ‌ ﻿ ͏ ‌ ﻿ ͏ ‌ ﻿ ͏ ‌ ﻿ ͏ ‌ ﻿ ͏ ‌ ﻿ ͏ ‌ ﻿ ͏ ‌ ﻿ ͏ ‌ ﻿ ͏ ‌ ﻿ ͏ ‌ ﻿ ͏ ‌ ﻿ ͏ ‌ ﻿ ͏ ‌ ﻿ ͏ ‌ ﻿ ͏,1
612,"Re: Andy Kang https://www.youtube.com/watch?v=tiLwW8StyBc https://github.com/jidongxiao/CSCI1200-DataStructures/tree/master/lectures/13_advanced_recursion_II 여기에 있는 13.2 이것도 니가 직접 해보면 좋을것 같아. On Tue, Mar 11, 2025 at",3
613,"Re: Andy Kang https://www.youtube.com/watch?v=atTzqxbt4DM&amp;t=1180s 백트레킹 영상 On Sun, Jan 26, 2025 at 4:29 PM mo Cho &lt;skk126skk126@gmail.com&gt; wrote: https://github.com/jidongxiao/CSCI1200-DataStructures/tree/",3
614,⏰ Last chance! 20% off autoimmune lab tests Test with Quest this Autoimmune Awareness Month View in browser Quest logo Lingering health questions on your mind? Promo autoimmune 3 Take 20% off* autoimmune tests at questhealth.com Shop sale,1
616,Make designs that get noticed ﻿ See how to create captivating composites and discover other pro design tips. ‌ ‌ ‌ ‌ ‌ ‌ ‌ ‌ ‌ ‌ ‌ ‌ ‌ ‌ ‌ ‌ ‌ ‌ ‌ ‌ ‌ ‌ ‌ ‌ ‌ ‌ ‌ ‌ ‌ ‌ ‌ ‌ ‌ ‌ ‌ ‌ ‌ ‌ ‌ ‌ ‌ ‌ ‌ ‌ ‌ ‌ ‌ ‌ ‌ ‌ ‌ ‌ ‌ ‌ ‌ ‌ ‌ ‌ ‌ ‌ ‌,3
617,"Subscribe to success with Personal Plan. Try it free today. Ready to take the next step in your career? Access over 11000 of our top-rated courses in tech, business, design, and more with a Personal Plan subscription. ͏ ‌ ﻿ ͏ ‌ ﻿ ͏ ‌ ﻿ ͏ ‌ ﻿ ͏ ‌ ﻿ ͏ ‌ ﻿ ͏ ‌ ﻿ ͏",3
619,Explore something new — courses on sale now We&#39;ve got courses on almost everything. Explore the newest of the new today. ͏ ‌ ﻿ ͏ ‌ ﻿ ͏ ‌ ﻿ ͏ ‌ ﻿ ͏ ‌ ﻿ ͏ ‌ ﻿ ͏ ‌ ﻿ ͏ ‌ ﻿ ͏ ‌ ﻿ ͏ ‌ ﻿ ͏ ‌ ﻿ ͏ ‌ ﻿ ͏ ‌ ﻿ ͏ ‌ ﻿ ͏ ‌ ﻿ ͏ ‌ ﻿ ͏ ‌ ﻿ ͏ ‌ ﻿ ͏ ‌ ﻿ ͏ ‌ ﻿,1
620,"""Message From Current Student to Prospective ..."" r/RPI: Message From Current Student to Prospective Students Hey, this is my first time using this platform/making a post on reddit, so if I misunderstand its purpose, my apologies, I&#39;m not too",5
622,🌿 봄에 즐기는 영양만점 나물반찬 #봄밥상차림 간편 비빔밥 건나물부터 제철나물까지 ͏ ͏ ͏ ͏ ͏ ͏ ͏ ͏ ͏ ͏ ͏ ͏ ͏ ͏ ͏ ͏ ͏ ͏ ͏ ͏ ͏ ͏ ͏ ͏ ͏ ͏ ͏ ͏ ͏ ͏ ͏ ͏ ͏ ͏ ͏ ͏ ͏ ͏ ͏ ͏ ͏ ͏ ͏ ͏ ͏ ͏ ͏ ͏ ͏ ͏ ͏ ͏ ͏ ͏ ͏ ͏ ͏ ͏ ͏ ͏ ͏ ͏ ͏ ͏ ͏ ͏ ͏ ͏ ͏ ͏ ͏ ͏ ͏ ͏ ͏ ͏ ͏ ͏ ͏ ͏ ͏ ͏ ͏ ͏ ͏ ͏ ͏ ͏ ͏ ͏ ͏,3
623,"For you! There are so many OFFERS going on right now Plus, you&#39;ll love this Deal of the Day! Andy K. | View Account View: Web BEST BUY Top Deals Outlet TVs Computers Cell Phones Appliances Apple Sales Event. Save on amazing Apple tech. Ends today.",1
624,"""Caught"" r/UNCCharlotte: Caught Seriously how does one go about this ?? r/UNCCharlotte · Posted by u/bigbook2090 3d ago Caught Seriously how does one go about this ?? Read More 81 Votes 2 Comments Hide r/",3
625,"If you need Apple items, go to Best Buy right NOW New Apple products just dropped. Discover the innovations. Andy K. | View Account View: Web BEST BUY Top Deals Outlet TVs Computers Cell Phones Appliances Apple Sales Event. Save on amazing Apple tech.",1
626,⚡[최대 20%]휘리릭 완성하는 간편 양념육 #소불고기 #양념갈비 👩🏻‍🍳 언제 먹어도 맛있는 우리집 메인요리 ͏ ͏ ͏ ͏ ͏ ͏ ͏ ͏ ͏ ͏ ͏ ͏ ͏ ͏ ͏ ͏ ͏ ͏ ͏ ͏ ͏ ͏ ͏ ͏ ͏ ͏ ͏ ͏ ͏ ͏ ͏ ͏ ͏ ͏ ͏ ͏ ͏ ͏ ͏ ͏ ͏ ͏ ͏ ͏ ͏ ͏ ͏ ͏ ͏ ͏ ͏ ͏ ͏ ͏ ͏ ͏ ͏ ͏ ͏ ͏ ͏ ͏ ͏ ͏ ͏ ͏ ͏ ͏ ͏ ͏ ͏ ͏ ͏ ͏ ͏ ͏ ͏ ͏ ͏ ͏ ͏ ͏ ͏ ͏ ͏ ͏ ͏ ͏,3
627,A new course for you based on Game Design Build on your skills with this new course. ͏‌ ͏‌ ͏‌ ͏‌ ͏‌ ͏‌ ͏‌ ͏‌ ͏‌ ͏‌ ͏‌ ͏‌ ͏‌ ͏‌ ͏‌ ͏‌ ͏‌ ͏‌ ͏‌ ͏‌ ͏‌ ͏‌ ͏‌ ͏‌ ͏‌ ͏‌ ͏‌ ͏‌ ͏‌ ͏‌ ͏‌ ͏‌ ͏‌ ͏‌ ͏‌ ͏‌ ͏‌ ͏‌ ͏‌ ͏‌ ͏‌ ͏‌ ͏‌ ͏‌ ͏‌ ͏‌ ͏‌ ͏‌ ͏‌ ͏‌ ͏‌ ͏‌ ͏‌,3
629,🧞‍♀️ REMINDER: Wish granted! Save 60% on 2 years of Avast Premium Security. Get huge savings on our best online protection Avast Software View in browser Want a big deal? Your wish is our command! Save 60% Avast Premium Security $199.99 $79.99 / first 2 yrs. It&#39;s like,1
631,"""RPI’s “job search”.. service"" r/RPI: RPI&#39;s “job search”.. service I recently graduated RPI this past December, and have been searching for jobs since I didn&#39;t have anything lined up. On RPI&#39;s website, the CCPD claims",3
632,코리아위크 2주차 🌸봄날의 맛 축제🌸 역대급 특가 반값 세일 🎁무료증정행사 및 꼭 필요한 장바구니 필수템 유례없는 특가전!✨ ͏ ͏ ͏ ͏ ͏ ͏ ͏ ͏ ͏ ͏ ͏ ͏ ͏ ͏ ͏ ͏ ͏ ͏ ͏ ͏ ͏ ͏ ͏ ͏ ͏ ͏ ͏ ͏ ͏ ͏ ͏ ͏ ͏ ͏ ͏ ͏ ͏ ͏ ͏ ͏ ͏ ͏ ͏ ͏ ͏ ͏ ͏ ͏ ͏ ͏ ͏ ͏ ͏ ͏ ͏ ͏ ͏ ͏ ͏ ͏ ͏ ͏ ͏ ͏ ͏ ͏ ͏ ͏ ͏ ͏ ͏ ͏ ͏ ͏ ͏ ͏ ͏ ͏ ͏ ͏ ͏ ͏ ͏,1
633,The Apple Sales Event is waiting for you Time is ticking on Deal of the Day! Andy K. | View Account View: Web BEST BUY Top Deals Outlet TVs Computers Cell Phones Appliances Apple Sales Event. Save on amazing Apple tech. Ends Sunday. Shop now.,1
634,"내 Steam 계정: 새로운 웹 브라우저 혹은 모바일 기기로 접속 Steam skk750 님, 새로운 기기로 로그인하시려는 것 같습니다. 계정에 접근하려면 Steam Guard 코드가 필요합니다. 로그인 요청 지역 New York, 미국 4WWW7 본인이 아닌 경우 누군가가 귀하의 Steam 계정에 로그인을 시도했기 때문에 보내드리는 이메일입니다. 로그인 시도 당시 정확한 계정 이름과 비밀번호가 사용되었습니다. 귀하가",3
635,"Ending Soon: Shop Battle.net Game Deals Shop now and save on a selection of games, bundles, and more. Savings from Sanctuary to Azeroth Sale ends March 10 The Battle.net Sale is ending soon, Adventurer! Shop and save up to 67% off a",1
636,"Ends Soon—Save 40% Off The War Within, Adventurer! Shop the Game Deals sale before it ends on March 11 and level up to play new Undermine(d) content! TRAVEL TO KHAZ ALGAR FOR 40% OFF TRAVEL TO KHAZ ALGAR FOR 40% OFF Adventurer, get any edition of World",1
637,🫐블루베리 건강즙 박스 무료증정 한정수량이니 지금 바로 담아가세요! ͏ ͏ ͏ ͏ ͏ ͏ ͏ ͏ ͏ ͏ ͏ ͏ ͏ ͏ ͏ ͏ ͏ ͏ ͏ ͏ ͏ ͏ ͏ ͏ ͏ ͏ ͏ ͏ ͏ ͏ ͏ ͏ ͏ ͏ ͏ ͏ ͏ ͏ ͏ ͏ ͏ ͏ ͏ ͏ ͏ ͏ ͏ ͏ ͏ ͏ ͏ ͏ ͏ ͏ ͏ ͏ ͏ ͏ ͏ ͏ ͏ ͏ ͏ ͏ ͏ ͏ ͏ ͏ ͏ ͏ ͏ ͏ ͏ ͏ ͏ ͏ ͏ ͏ ͏ ͏ ͏ ͏ ͏ ͏ ͏ ͏ ͏ ͏ ͏ ͏ ͏,3
638,[닐잉글리쉬] 다음주부터 미국 Daylight saving time이 시작되는 관계로 현재 수업을 듣고 계시는 한국시간 오전... 닐잉글리쉬 닐잉글리쉬 다음주부터 미국 Daylight saving time이 시작되는 관계로 현재 수업을 듣고 계시는 한국시간 오전 7시 20분이 미국CST 시간으로 오후 5시 20분이 됩니다. 수업에 차질 없으시길 바라겠습니다 더 알아보기 및 답변 https://chta.lk/dBiPUBnl symbol 이 메일은 채널톡에서 발송되었습니다.,3
639,"Happy 9 years! Exciting events, a special dance, coupons, and more — Come celebrate our anniversary!  Cherishing 9 Years of Unforgettable Adventures! It&#39;s time to celebrate NA/EU&#39;s 9th Birthday! A variety of special events and presents have been prepared for this exciting celebration! Don&#39;t",3
640,"""i need help finding the website"" r/cs50: i need help finding the website so for cs50t web development, i needed to make a website. now, i cant find the website so can someone please help? r/cs50 · Posted by u/KyloRen1234567981052 19h",3
641,⏰[오늘밤 종료] 코리아위크 1 🌸 봄날의 맛 축제🌸 최대 60% 무료증정행사 및 장바구니 필수템 역대급 특가 반값 세일 마지막 찬스! ͏ ͏ ͏ ͏ ͏ ͏ ͏ ͏ ͏ ͏ ͏ ͏ ͏ ͏ ͏ ͏ ͏ ͏ ͏ ͏ ͏ ͏ ͏ ͏ ͏ ͏ ͏ ͏ ͏ ͏ ͏ ͏ ͏ ͏ ͏ ͏ ͏ ͏ ͏ ͏ ͏ ͏ ͏ ͏ ͏ ͏ ͏ ͏ ͏ ͏ ͏ ͏ ͏ ͏ ͏ ͏ ͏ ͏ ͏ ͏ ͏ ͏ ͏ ͏ ͏ ͏ ͏ ͏ ͏ ͏ ͏ ͏ ͏ ͏ ͏ ͏ ͏ ͏ ͏ ͏ ͏,1
642,Get 20% off autoimmune lab tests while the offer lasts Know more about your health—for less! View in browser Quest logo Focus on your autoimmune health Promo autoimmune 2 Save on select lab tests at questhealth.com Shop sale Your immune system plays a,1
643,Shop the tech everyone is talking about. Save up to $300 on award-winning PCs. ﻿͏ ﻿͏ ﻿͏ ﻿͏ ﻿͏ ﻿͏ ﻿͏ ﻿͏ ﻿͏ ﻿͏ ﻿͏ ﻿͏ ﻿͏ ﻿͏ ﻿͏ ﻿͏ ﻿͏ ﻿͏ ﻿͏ ﻿͏ ﻿͏ ﻿͏ ﻿͏ ﻿͏ ﻿͏ ﻿͏ ﻿͏ ﻿͏ ﻿͏ ﻿͏ ﻿͏ ﻿͏ ﻿͏ ﻿͏ ﻿͏ ﻿͏ ﻿͏ ﻿͏ ﻿͏ ﻿͏ ﻿͏ ﻿͏ ﻿͏ ﻿͏ ﻿͏ ﻿͏ ﻿͏ ﻿͏ ﻿͏ ﻿͏ ﻿͏ ﻿͏ ﻿͏ ﻿͏ ﻿,3
644,⚡[최대 50%할인] 횡성 더덕구이 ❤️ 프리미엄반찬 더덕구이 비빔밥 및 고기 구울때 같이 곁들여 드셔보세요 ͏ ͏ ͏ ͏ ͏ ͏ ͏ ͏ ͏ ͏ ͏ ͏ ͏ ͏ ͏ ͏ ͏ ͏ ͏ ͏ ͏ ͏ ͏ ͏ ͏ ͏ ͏ ͏ ͏ ͏ ͏ ͏ ͏ ͏ ͏ ͏ ͏ ͏ ͏ ͏ ͏ ͏ ͏ ͏ ͏ ͏ ͏ ͏ ͏ ͏ ͏ ͏ ͏ ͏ ͏ ͏ ͏ ͏ ͏ ͏ ͏ ͏ ͏ ͏ ͏ ͏ ͏ ͏ ͏ ͏ ͏ ͏ ͏ ͏ ͏ ͏ ͏ ͏ ͏ ͏ ͏ ͏ ͏ ͏ ͏,3
645,"Order the latest from Apple: MacBook Air (M4), iPad Air (M3), iPad (A16), Mac Studio (M4) Check out the new MacBook Air (M4), starting at $449 with qualifying trade-in. Andy K. | View Account View: Web BEST BUY Top Deals Outlet TVs Computers Cell Phones Appliances MacBook Air M4. Speed of",1
646,Sale ends today — learn from real-world experts Learn new skills in the style that suits you best. We have a wide selection of instructors from around the world. ͏ ‌ ﻿ ͏ ‌ ﻿ ͏ ‌ ﻿ ͏ ‌ ﻿ ͏ ‌ ﻿ ͏ ‌ ﻿ ͏ ‌ ﻿ ͏ ‌ ﻿ ͏ ‌ ﻿ ͏ ‌ ﻿ ͏ ‌ ﻿ ͏ ‌ ﻿ ͏ ‌ ﻿ ͏ ‌ ﻿ ͏ ‌,1
648,🧞‍♀️ Wish granted! Save 60% on 2 years of Avast Premium Security. Get huge savings on our best online protection Avast Software View in browser Want a big deal? Your wish is our command! Save 60% Avast Premium Security $199.99 $79.99 / first 2 yrs. It&#39;s like,1
650,"""Can someone explain what line two does"" r/cs50: Can someone explain what line two does Can someone explain what does line two do? Not sure what the whole line means, what does the .split(&#39;.&#39;) and [-1] does overall to the program? r/",3
651,"With 15% off, your health journey starts here Colorectal cancer screening is easier than ever View in browser Quest logo LIMITED-TIME OFFER Save on this crucial screening Purchase a Colorectal Screening (FIT) Home Collection Kit Promo",3
652,봄🌸 봄 🌸봄 피크닉 떠나요! #간편도시락 #신상스낵 인기 삼각김밥부터 샌드위치 및 스낵까지 한번에 준비해보세요! ͏ ͏ ͏ ͏ ͏ ͏ ͏ ͏ ͏ ͏ ͏ ͏ ͏ ͏ ͏ ͏ ͏ ͏ ͏ ͏ ͏ ͏ ͏ ͏ ͏ ͏ ͏ ͏ ͏ ͏ ͏ ͏ ͏ ͏ ͏ ͏ ͏ ͏ ͏ ͏ ͏ ͏ ͏ ͏ ͏ ͏ ͏ ͏ ͏ ͏ ͏ ͏ ͏ ͏ ͏ ͏ ͏ ͏ ͏ ͏ ͏ ͏ ͏ ͏ ͏ ͏ ͏ ͏ ͏ ͏ ͏ ͏ ͏ ͏ ͏ ͏ ͏ ͏ ͏ ͏ ͏ ͏ ͏ ͏,3
653,"Get access to your Wells Fargo tax documents Find your tax planning guides, documents, and more. Find your tax planning guides, documents, and more. Wells Fargo logo It&#39;s time to tackle tax season Get your tax documents Screen images",3
654,"""WHY ITS NOT WORKING?"" r/cs50: WHY ITS NOT WORKING? r/cs50 · Posted by u/Sensitive-Meat-5537 4d ago WHY ITS NOT WORKING? Read More 5 Votes 2 Comments Hide r/cs50 r/leetcode · Posted by u/Flaky_Literature8414 11h ago I Built",3
655,🌱 Jayone 인기 브랜드 특별 할인전 #홍어회 #풍산김치 춘천 밭 감자빵부터 오트밀크 커피까지 ͏ ͏ ͏ ͏ ͏ ͏ ͏ ͏ ͏ ͏ ͏ ͏ ͏ ͏ ͏ ͏ ͏ ͏ ͏ ͏ ͏ ͏ ͏ ͏ ͏ ͏ ͏ ͏ ͏ ͏ ͏ ͏ ͏ ͏ ͏ ͏ ͏ ͏ ͏ ͏ ͏ ͏ ͏ ͏ ͏ ͏ ͏ ͏ ͏ ͏ ͏ ͏ ͏ ͏ ͏ ͏ ͏ ͏ ͏ ͏ ͏ ͏ ͏ ͏ ͏ ͏ ͏ ͏ ͏ ͏ ͏ ͏ ͏ ͏ ͏ ͏ ͏ ͏ ͏ ͏ ͏ ͏ ͏ ͏ ͏ ͏ ͏ ͏ ͏ ͏,3
656,"Rise and Grind for Tony Hawk’s Pro Skater 3 + 4, Adventurer! Pre-purchase some of the most iconic skateboarding games ever, now revamped. Drop back in Drop back in Get hyped for the legendary franchise to return with Tony Hawk&#39;s™ Pro Skater™ 3 + 4.",3
657,"Last chance to save up to $75 on workspace essentials! Plus, you can now use Amazon Pay for express checkout Logitech Logo Workspace Essentials Hurry offer end March 9th Save on workspace essentials $75 off $350 $50 off $250 $25 off $120 SHOP NOW Discount",1
659,"Introducing Mailsuite’s New Logo & Design Dear mo, Over the next few days, Mailsuite will roll out a new design: A new logo that better represents our evolution An updated look for a better experience. Here&#39;s a preview of the new design:",3
660,FW: Your new Card is on its way -----Original Message----- From: &quot;American Express&quot;&lt;AmericanExpress@welcome.americanexpress.com&gt; To: &lt;imagining@naver.com&gt;; Cc: Sent: 2025-03-04 (화) 07:27:05 (GMT+09:00) Subject:,2
661,"""Still worth it?"" r/cs50: Still worth it? Does it still make sense to do cs50 given how well AI can code now? I am already halfway through the course and confused if I should still be doing it? I enjoy doing the course",3
662,"✨🌼 Kang, we've missed you. Save up to $1,240 on Galaxy S25 Ultra. Only today! Save up to 40% and save on fresh new tech. Find the right deal for you during the Discover Samsung Spring Sale. - Discover Samsung Spring Sale Save up to 40% and save on fresh new tech. Find the right",1
663,"A new perk was just added to your membership ﻿ Plus, last chance to redeem 12 free months of Headspace. Explore all the perks included in your plan. ‌ ‌ ‌ ‌ ‌ ‌ ‌ ‌ ‌ ‌ ‌ ‌ ‌ ‌ ‌ ‌ ‌ ‌ ‌ ‌ ‌ ‌ ‌ ‌ ‌ ‌ ‌ ‌ ‌ ‌ ‌ ‌ ‌ ‌ ‌ ‌ ‌ ‌ ‌ ‌ ‌ ‌ ‌ ‌ ‌ ‌ ‌ ‌ ‌",3
664,Congratulations are in order 🎉 Last week&#39;s numbers were especially newsworthy. ‌ ‌ ‌ ‌ ‌ ‌ ‌ ‌ ‌ ‌ ‌ ‌ ‌ ‌ ‌ ‌ ‌ ‌ ‌ ‌ ‌ ‌ ‌ ‌ ‌ ‌ ‌ ‌ ‌ ‌ ‌ ‌ ‌ ‌ ‌ ‌ ‌ ‌ ‌ ‌ ‌ ‌ ‌ ‌ ‌ ‌ ‌ ‌ ‌ ‌ ‌ ‌ ‌ ‌ ‌ ‌ ‌ ‌ ‌ ‌ ‌ ‌ ‌ ‌ ‌ ‌ ‌ ‌ ‌ ‌ ‌ ‌ ‌ ‌ ‌,3
665,20% off autoimmune lab tests Uncover health insights with this special offer View in browser Quest logo Focus on what matters most—your health Promo autoimmune 1 Save on autoimmune lab tests at questhealth.com Shop sale Autoimmune,1
666,"Don’t miss out on Battle.net Game Deals, Adventurer! Shop now and save on a selection of games, bundles, and more. Savings from Sanctuary to Azeroth Score savings before they&#39;re gone Get limited-time game deals on Battle.net, Adventurer! Shop and",1
667,Innovation That Wins event is here! Shop our most popular tech inside. ﻿͏ ﻿͏ ﻿͏ ﻿͏ ﻿͏ ﻿͏ ﻿͏ ﻿͏ ﻿͏ ﻿͏ ﻿͏ ﻿͏ ﻿͏ ﻿͏ ﻿͏ ﻿͏ ﻿͏ ﻿͏ ﻿͏ ﻿͏ ﻿͏ ﻿͏ ﻿͏ ﻿͏ ﻿͏ ﻿͏ ﻿͏ ﻿͏ ﻿͏ ﻿͏ ﻿͏ ﻿͏ ﻿͏ ﻿͏ ﻿͏ ﻿͏ ﻿͏ ﻿͏ ﻿͏ ﻿͏ ﻿͏ ﻿͏ ﻿͏ ﻿͏ ﻿͏ ﻿͏ ﻿͏ ﻿͏ ﻿͏ ﻿͏ ﻿͏ ﻿͏ ﻿͏ ﻿͏ ﻿͏ ﻿,3
669,Courses are on sale now! Connect with real-world experts around the world. Choose from a variety of teaching styles to fit your preferences. ͏ ‌ ﻿ ͏ ‌ ﻿ ͏ ‌ ﻿ ͏ ‌ ﻿ ͏ ‌ ﻿ ͏ ‌ ﻿ ͏ ‌ ﻿ ͏ ‌ ﻿ ͏ ‌ ﻿ ͏ ‌ ﻿ ͏ ‌ ﻿ ͏ ‌ ﻿ ͏ ‌ ﻿ ͏ ‌ ﻿ ͏,1
670,Your monthly email productivity report is ready February 2025 Your monthly email productivity report is ready Check out your report Want to receive this report weekly? Switch to weekly report Turn off email productivity report alerts,3
671,"""CS50p can someone explain me this"" r/cs50: CS50p can someone explain me this I got it to work this way, which it&#39;s fine, but first I tried to use ( d = d.removeprefix(&#39;$&#39;).float(d) ) instead of those 2 lines, and same with p",3
673,"Less than 24hrs left in the Unreal Physics launch sale New Promotional Announcement Hi AndyKang, an announcement has been made from David, instructor of Unreal Engine 5 for Games: Beginner&#39;s Course. A launch sale only happens once in the life of a",1
674,"식단관리의 동반자 💪🏼 바로 먹는 닭가슴살 달걀 및 유제품, 프로틴바 등 다이어트도 하고 건강까지 챙기세요! ͏ ͏ ͏ ͏ ͏ ͏ ͏ ͏ ͏ ͏ ͏ ͏ ͏ ͏ ͏ ͏ ͏ ͏ ͏ ͏ ͏ ͏ ͏ ͏ ͏ ͏ ͏ ͏ ͏ ͏ ͏ ͏ ͏ ͏ ͏ ͏ ͏ ͏ ͏ ͏ ͏ ͏ ͏ ͏ ͏ ͏ ͏ ͏ ͏ ͏ ͏ ͏ ͏ ͏ ͏ ͏ ͏ ͏ ͏ ͏ ͏ ͏ ͏ ͏ ͏ ͏ ͏ ͏ ͏ ͏ ͏ ͏ ͏ ͏ ͏ ͏ ͏ ͏ ͏ ͏ ͏ ͏",3
675,"""this should work"" r/cs50: this should work SELECT id FROM packages WHERE contents = &quot;letter&quot; AND from_address_id = 432; i know what the address id is and the contents of the package. why am i getting nothing",3
676,⚡[최대 20%] 집에서 즐기는 홈마카세 🍣 방어 연어 아마에비 SNS 화제 방어맛집 🐟 ͏ ͏ ͏ ͏ ͏ ͏ ͏ ͏ ͏ ͏ ͏ ͏ ͏ ͏ ͏ ͏ ͏ ͏ ͏ ͏ ͏ ͏ ͏ ͏ ͏ ͏ ͏ ͏ ͏ ͏ ͏ ͏ ͏ ͏ ͏ ͏ ͏ ͏ ͏ ͏ ͏ ͏ ͏ ͏ ͏ ͏ ͏ ͏ ͏ ͏ ͏ ͏ ͏ ͏ ͏ ͏ ͏ ͏ ͏ ͏ ͏ ͏ ͏ ͏ ͏ ͏ ͏ ͏ ͏ ͏ ͏ ͏ ͏ ͏ ͏ ͏ ͏ ͏ ͏ ͏ ͏ ͏ ͏ ͏ ͏ ͏ ͏ ͏ ͏ ͏ ͏ ͏ ͏ ͏,3
677,"50"" class or smaller TVs as low as $69.99 means NOW is a great time to buy - just add popcorn... ⌛ Plus a new Deal of the Day for you! Andy K. | View Account View: Web BEST BUY Top Deals Outlet TVs Computers Cell Phones Appliances 50-inch class or smaller TVs as low as $69.99 after savings. Shop now",1
679,"Get 1 month of  all of the Premium perks for $0 Listen to nonstop tracks and much more. Get Spotify Premium. Try 1 month of Spotify Premium for $0. Enjoy offline and ad-free music listening anytime, anywhere, with unlimited skips on Spotify Premium.",3
680,Google Play 주문 영수증(2025. 2. 28.) Google Play 감사합니다. Google Play의 (유)네이버웹툰에서 구매하셨습니다. 주문 번호: GPA.3355-6671-4732-39783 주문 날짜: 2025. 2. 28. 오후 10시 40분 7초 GMT-5 상품 가격 쿠키 1개 (네이버 웹툰 - Naver Webtoon) $0.10 세금: $0.00 합계: $0.10 결제 방법: Visa-,3
682,"""Can someone tell me what is wrong exactly?"" r/cs50: Can someone tell me what is wrong exactly? r/cs50 · Posted by u/Calm-Water-4739 1d ago Can someone tell me what is wrong exactly? Read More 4 Votes 8 Comments Hide r/cs50 r/leetcode · Posted by",3
683,코리아위크 🌸봄날의 맛 축제🌸 역대급 특가 반값 세일 무료증정행사 및 꼭 필요한 장바구니 필수템 유례없는 특가전! ͏ ͏ ͏ ͏ ͏ ͏ ͏ ͏ ͏ ͏ ͏ ͏ ͏ ͏ ͏ ͏ ͏ ͏ ͏ ͏ ͏ ͏ ͏ ͏ ͏ ͏ ͏ ͏ ͏ ͏ ͏ ͏ ͏ ͏ ͏ ͏ ͏ ͏ ͏ ͏ ͏ ͏ ͏ ͏ ͏ ͏ ͏ ͏ ͏ ͏ ͏ ͏ ͏ ͏ ͏ ͏ ͏ ͏ ͏ ͏ ͏ ͏ ͏ ͏ ͏ ͏ ͏ ͏ ͏ ͏ ͏ ͏ ͏ ͏ ͏ ͏ ͏ ͏ ͏ ͏ ͏ ͏ ͏ ͏,1
684,"Kang, capture 📸 and create 🎨 with ease on the new Galaxy S25 Ultra ✨ Get up to $1200+ in total savings and unleash the full power of Galaxy AI. Get up to $1200+ in total savings and unleash the full power of Galaxy AI. Samsung Logo Display images to show real-time",3
685,🌸봄날의 맛 축제 🌸 사조선물세트 무료증정 한정수량이니 지금 바로 담아가세요! ͏ ͏ ͏ ͏ ͏ ͏ ͏ ͏ ͏ ͏ ͏ ͏ ͏ ͏ ͏ ͏ ͏ ͏ ͏ ͏ ͏ ͏ ͏ ͏ ͏ ͏ ͏ ͏ ͏ ͏ ͏ ͏ ͏ ͏ ͏ ͏ ͏ ͏ ͏ ͏ ͏ ͏ ͏ ͏ ͏ ͏ ͏ ͏ ͏ ͏ ͏ ͏ ͏ ͏ ͏ ͏ ͏ ͏ ͏ ͏ ͏ ͏ ͏ ͏ ͏ ͏ ͏ ͏ ͏ ͏ ͏ ͏ ͏ ͏ ͏ ͏ ͏ ͏ ͏ ͏ ͏ ͏ ͏ ͏ ͏ ͏ ͏ ͏ ͏ ͏ ͏,3
686,Google Play 주문 영수증(2025. 2. 28.) Google Play 감사합니다. Google Play의 (유)네이버웹툰에서 구매하셨습니다. 주문 번호: GPA.3373-1756-0684-08889 주문 날짜: 2025. 2. 28. 오전 6시 50분 44초 GMT-5 상품 가격 쿠키 10개 (네이버 웹툰 - Naver Webtoon) $0.99 세금: $0.00 합계: $0.99 결제 방법: Visa-,3
687,"It’s that time of the year…NA/EU’s anniversary! Don’t miss these special events! Celebrating the 9th Chapter of Our Journey! March 3, 2025, officially marks our 9 years together for the NA/EU region! Ready for some anniversary fun? Check out these events you don&#39;t want to miss!",3
688,"""I cannot make hello"" r/cs50: I cannot make hello Currently trying to run first program but running into hurdle. I copy the code line for line. Then code hello.c but when I type make hello in the terminal this error pops up",3
689,💬 김용님이 게시물에 댓글을 남겼습니다 Celebrating Robin&#39;s birthday tonight in... 💬 김용님이 게시물에 댓글을 남겼습니다 2월 26일 오전 5:31 보기 김용님 외 86명이 공감했습니다. skk126skk126@gmail.com 주소로 전송된 메시지입니다. 앞으로 Meta로부터 이와 같은 이메일을 받지 않으려면 그만 받기를 누르세요. Meta,3
691,Photoshop on iPhone is here ​ ﻿ Now you can do precision edits anywhere. ‌ ‌ ‌ ‌ ‌ ‌ ‌ ‌ ‌ ‌ ‌ ‌ ‌ ‌ ‌ ‌ ‌ ‌ ‌ ‌ ‌ ‌ ‌ ‌ ‌ ‌ ‌ ‌ ‌ ‌ ‌ ‌ ‌ ‌ ‌ ‌ ‌ ‌ ‌ ‌ ‌ ‌ ‌ ‌ ‌ ‌ ‌ ‌ ‌ ‌ ‌ ‌ Built for mobile. Made for creativity. Explore new,3
692,⚡[최대 50%할인] 오호떡집 시그니처 서리태 손쑥개떡 #개별포장 🌿자연 해풍 쑥의 향긋함과 쫄깃한 식감 ͏ ͏ ͏ ͏ ͏ ͏ ͏ ͏ ͏ ͏ ͏ ͏ ͏ ͏ ͏ ͏ ͏ ͏ ͏ ͏ ͏ ͏ ͏ ͏ ͏ ͏ ͏ ͏ ͏ ͏ ͏ ͏ ͏ ͏ ͏ ͏ ͏ ͏ ͏ ͏ ͏ ͏ ͏ ͏ ͏ ͏ ͏ ͏ ͏ ͏ ͏ ͏ ͏ ͏ ͏ ͏ ͏ ͏ ͏ ͏ ͏ ͏ ͏ ͏ ͏ ͏ ͏ ͏ ͏ ͏ ͏ ͏ ͏ ͏ ͏ ͏ ͏ ͏ ͏ ͏ ͏ ͏ ͏ ͏ ͏ ͏ ͏ ͏ ͏ ͏,3
693,TIME IS RUNNING OUT. Customer appreciation savings end soon! ﻿͏ ﻿͏ ﻿͏ ﻿͏ ﻿͏ ﻿͏ ﻿͏ ﻿͏ ﻿͏ ﻿͏ ﻿͏ ﻿͏ ﻿͏ ﻿͏ ﻿͏ ﻿͏ ﻿͏ ﻿͏ ﻿͏ ﻿͏ ﻿͏ ﻿͏ ﻿͏ ﻿͏ ﻿͏ ﻿͏ ﻿͏ ﻿͏ ﻿͏ ﻿͏ ﻿͏ ﻿͏ ﻿͏ ﻿͏ ﻿͏ ﻿͏ ﻿͏ ﻿͏ ﻿͏ ﻿͏ ﻿͏ ﻿͏ ﻿͏ ﻿͏ ﻿͏ ﻿͏ ﻿͏ ﻿͏ ﻿͏ ﻿͏ ﻿͏ ﻿͏ ﻿͏ ﻿͏,3
694,"24-Hour Flash Sale — get our newest courses for less Today only. Get started learning the latest skills for less. Take your pick from tech, business, personal development and much more. ͏ ‌ ﻿ ͏ ‌ ﻿ ͏ ‌ ﻿ ͏ ‌ ﻿ ͏ ‌ ﻿ ͏ ‌ ﻿ ͏ ‌ ﻿ ͏ ‌ ﻿ ͏ ‌ ﻿ ͏ ‌ ﻿ ͏ ‌ ﻿ ͏",1
695,(광고) 웰컴 포스티니~1만원 할인 쿠폰 받고 운세 상담 GO (+에어팟 맥스 증정) 2025. 02. 27. 목 포스니티 웰컴 쿠폰 받기 새롭게 태어난 포스티니 런칭 소문내고 행운의 선물 받아가세요! 후불 결제로 상담하면 당첨 확률 UP! 이벤트 기간 2.27(목)-3.27(목) 이벤트 참여하기 사람인 인스타그램 페이스북 블로그 회원님은 2025/02/27 현재 메일수신에 동의하셨기에 본 메일을 발송합니다. 추후 메일 수신을 원하지 않으시면,1
696,"""Finally, did it guys!"" r/leetcode: Finally, did it guys! ![img](d3u9lj5zdfle1) I had done like 1 year prep for this ![img](0p7fr0r7efle1) Will share a detailed post soon :) r/leetcode · Posted by u/Parathaa 20h ago Finally,",3
697,"Save 40% Off The War Within Now, Adventurer! Get a Level 70 Character Boost with your The War Within purchase and start your adventure in Khaz Algar! GET BACK IN THE FIGHT TODAY! GET BACK IN THE FIGHT TODAY! A quest beneath the surface waiting",3
698,"Enrich Your Academic Experience Study Abroad, Graduate School &amp; More Syracuse University Admissions email logo Hi Andy, We hope you&#39;re doing well! As a student who was previously interested in Syracuse University, we want to",3
700,How can variety make you a better learner? Our February Newsletter has the tips and tools to make it happen. ͏ ‌ ﻿ ͏ ‌ ﻿ ͏ ‌ ﻿ ͏ ‌ ﻿ ͏ ‌ ﻿ ͏ ‌ ﻿ ͏ ‌ ﻿ ͏ ‌ ﻿ ͏ ‌ ﻿ ͏ ‌ ﻿ ͏ ‌ ﻿ ͏ ‌ ﻿ ͏ ‌ ﻿ ͏ ‌ ﻿ ͏ ‌ ﻿ ͏ ‌ ﻿ ͏ ‌ ﻿ ͏ ‌ ﻿ ͏ ‌ ﻿ ͏ ‌ ﻿ ͏ ‌ ﻿ ͏ ‌ ﻿ ͏ ‌,3
701,"pixiv에서 최신 트렌드를 확인해 보세요!👀 크리에이터에게 안성맞춤인 pixiv 제공 콘텐츠를 확인해보세요. pixivision은 우수한 일러스트, 만화, 소설 등을 돋보이게 해 주는 크리에이티브 미디어 플랫폼입니다! 편집팀이 매일 인기 주제 등을 엄선하며, 기사를 통해 재미와 새로운 그림 기법을 배울 수 있으니 pixivision에서 매일 새로운 작품을 보며 즐겨보세요! 지금 바로 트렌드를 확인하기",3
702,"""just started"" r/cs50: just started just started what should i expect ,how to approach and what were the major blunders done by you guys please guide me i want to learn r/cs50 · Posted by u/Haunting-Baby6996 11h ago",3
703,"Want up to $1,200+ in savings, Kang? 😍 Upgrade to Galaxy S25 Ultra now. See what&#39;s new with the amazing, AI-powered Galaxy S25 Ultra. See what&#39;s new with the amazing, AI-powered Galaxy S25 Ultra. Samsung Logo Display images to show real-time content Display images",3
704,"Save Up to 67% with Battle.net Game Deals, Adventurer! Shop now and save on a selection of games, bundles, and more. Savings from Sanctuary to Azeroth Savings from Sanctuary to Azeroth Limited-time deals are here, Adventurer! Shop and save up to 67% off a",1
706,Google Play 주문 영수증(2025. 2. 25.) Google Play 감사합니다. Google Play의 (유)네이버웹툰에서 구매하셨습니다. 주문 번호: GPA.3387-0330-5497-44740 주문 날짜: 2025. 2. 25. 오전 7시 24분 38초 GMT-5 상품 가격 쿠키 1개 (네이버 웹툰 - Naver Webtoon) $0.10 세금: $0.00 합계: $0.10 결제 방법: Visa-,3
707,"Last day to save on these courses Put a new course in your pocket (or on your laptop). Either way, it&#39;s a very good day to save. ͏ ‌ ﻿ ͏ ‌ ﻿ ͏ ‌ ﻿ ͏ ‌ ﻿ ͏ ‌ ﻿ ͏ ‌ ﻿ ͏ ‌ ﻿ ͏ ‌ ﻿ ͏ ‌ ﻿ ͏ ‌ ﻿ ͏ ‌ ﻿ ͏ ‌ ﻿ ͏ ‌ ﻿ ͏ ‌ ﻿ ͏ ‌ ﻿ ͏ ‌ ﻿ ͏ ‌ ﻿",3
708,"""nvidia eye contact or bust"" r/leetcode: nvidia eye contact or bust r/leetcode · Posted by u/iusa219 1d ago nvidia eye contact or bust Read More 666 Votes 38 Comments Hide r/leetcode r/cs50 · Posted by u/No-Goal-8055 2d ago I don",3
709,Cheers to you! You&#39;re on your way to greater impact with clear writing. ‌ ‌ ‌ ‌ ‌ ‌ ‌ ‌ ‌ ‌ ‌ ‌ ‌ ‌ ‌ ‌ ‌ ‌ ‌ ‌ ‌ ‌ ‌ ‌ ‌ ‌ ‌ ‌ ‌ ‌ ‌ ‌ ‌ ‌ ‌ ‌ ‌ ‌ ‌ ‌ ‌ ‌ ‌ ‌ ‌ ‌ ‌ ‌ ‌ ‌ ‌ ‌ ‌ ‌ ‌ ‌ ‌ ‌ ‌ ‌ ‌ ‌ ‌ ‌ ‌ ‌ ‌ ‌ ‌ ‌,3
710,Save 15% on screening for colorectal cancer & diseases Better understand your health with Quest View in browser Quest logo LIMITED-TIME OFFER There&#39;s safety in knowing Purchase a Colorectal Screening (FIT) Home Collection Kit Promo colorectalcancer 1,3
712,Make and edit image selections with ease Adjust elements and enhance your images with selection tools in Photoshop on the web. ‌ ‌ ‌ ‌ ‌ ‌ ‌ ‌ ‌ ‌ ‌ ‌ ‌ ‌ ‌ ‌ ‌ ‌ ‌ ‌ ‌ ‌ ‌ ‌ ‌ ‌ ‌ ‌ ‌ ‌ ‌ ‌ ‌ ‌ ‌ ‌ ‌ ‌ ‌ ‌ ‌ ‌ ‌ ‌ ‌ ‌ ‌ ‌ ‌ ‌ ‌ ‌ Select it.,3
713,Popular courses now on sale now At home. On your commute. Even lying in bed. Learn when and where you want. ͏ ‌ ﻿ ͏ ‌ ﻿ ͏ ‌ ﻿ ͏ ‌ ﻿ ͏ ‌ ﻿ ͏ ‌ ﻿ ͏ ‌ ﻿ ͏ ‌ ﻿ ͏ ‌ ﻿ ͏ ‌ ﻿ ͏ ‌ ﻿ ͏ ‌ ﻿ ͏ ‌ ﻿ ͏ ‌ ﻿ ͏ ‌ ﻿ ͏ ‌ ﻿ ͏ ‌ ﻿ ͏ ‌ ﻿ ͏ ‌ ﻿ ͏ ‌ ﻿ ͏ ‌ ﻿,1
714,Google Play 주문 영수증(2025. 2. 24.) Google Play 감사합니다. Google Play의 (유)네이버웹툰에서 구매하셨습니다. 주문 번호: GPA.3384-7918-5432-03753 주문 날짜: 2025. 2. 24. 오전 2시 52분 52초 GMT-5 상품 가격 쿠키 10개 (네이버 웹툰 - Naver Webtoon) $0.99 세금: $0.00 합계: $0.99 결제 방법: Visa-,3
715,"""Quick Question"" r/cs50: Quick Question Hi all, My name is Nisarg Thakkar. I just started CS50P; I was wondering, if we create a GitHub account or if one has been created for us for this class &amp; if so, where can I",3
716,🔥 놓치면 후회할 이번주 장보기 특가템🔥 생활비 부담 확 ⬇️ 물가안정 세일전🛒 ͏ ͏ ͏ ͏ ͏ ͏ ͏ ͏ ͏ ͏ ͏ ͏ ͏ ͏ ͏ ͏ ͏ ͏ ͏ ͏ ͏ ͏ ͏ ͏ ͏ ͏ ͏ ͏ ͏ ͏ ͏ ͏ ͏ ͏ ͏ ͏ ͏ ͏ ͏ ͏ ͏ ͏ ͏ ͏ ͏ ͏ ͏ ͏ ͏ ͏ ͏ ͏ ͏ ͏ ͏ ͏ ͏ ͏ ͏ ͏ ͏ ͏ ͏ ͏ ͏ ͏ ͏ ͏ ͏ ͏ ͏ ͏ ͏ ͏ ͏ ͏ ͏ ͏ ͏ ͏ ͏ ͏ ͏ ͏ ͏ ͏ ͏ ͏ ͏ ͏,1
717,Still interested in “Python Data Structures & Algorithms + LEETCODE Exercises”? Get the course you viewed and start learning. ͏‌ ͏‌ ͏‌ ͏‌ ͏‌ ͏‌ ͏‌ ͏‌ ͏‌ ͏‌ ͏‌ ͏‌ ͏‌ ͏‌ ͏‌ ͏‌ ͏‌ ͏‌ ͏‌ ͏‌ ͏‌ ͏‌ ͏‌ ͏‌ ͏‌ ͏‌ ͏‌ ͏‌ ͏‌ ͏‌ ͏‌ ͏‌ ͏‌ ͏‌ ͏‌ ͏‌ ͏‌ ͏‌ ͏‌ ͏‌ ͏‌ ͏‌ ͏‌ ͏‌ ͏‌ ͏‌ ͏‌ ͏‌ ͏‌ ͏‌ ͏‌ ͏‌,3
718,"pixiv 사용에 도움이 되는 팁을 지금 바로 확인해 보세요!🙌 크리에이터로서의 여정에 나서기 위한 준비를 완료하셨나요? pixiv 크리에이티브 커뮤니티에 참여해 보세요!🎨 pixiv에서 좋아하는 크리에이터를 통해 영감을 받은 적이 있나요? 다른 크리에이터들의 작품에 좋아요, 북마크 혹은 댓글로 감상을 남기거나, 여러분이 제작한 자신만의 소중한 작품을 전 세계의 크리에이터에게 공유해 보시는 건 어떤가요? 지금 바로 공유해",3
719,"""why isnt this working"" r/cs50: why isnt this working r/cs50 · Posted by u/meguminuzamaki 23h ago why isnt this working Read More 5 Votes 10 Comments Hide r/cs50 r/leetcode · Posted by u/Bobbaca 2d ago Leetcoding on the bus",3
720,춘천 까페 감자밭 원조 감자빵 🥔 NO 밀가루 한국산 감자를 아낌없이 넣어 속이 꽉~찼어요 ͏ ͏ ͏ ͏ ͏ ͏ ͏ ͏ ͏ ͏ ͏ ͏ ͏ ͏ ͏ ͏ ͏ ͏ ͏ ͏ ͏ ͏ ͏ ͏ ͏ ͏ ͏ ͏ ͏ ͏ ͏ ͏ ͏ ͏ ͏ ͏ ͏ ͏ ͏ ͏ ͏ ͏ ͏ ͏ ͏ ͏ ͏ ͏ ͏ ͏ ͏ ͏ ͏ ͏ ͏ ͏ ͏ ͏ ͏ ͏ ͏ ͏ ͏ ͏ ͏ ͏ ͏ ͏ ͏ ͏ ͏ ͏ ͏ ͏ ͏ ͏ ͏ ͏ ͏ ͏ ͏ ͏ ͏ ͏ ͏ ͏ ͏ ͏,3
721,"*** Apple Trade-Up Event alert *** Take advantage of these amazing OFFERS! PS, Have you shopped our Deal of the Day? Andy K. | View Account View: Web BEST BUY Top Deals Outlet TVs Computers Cell Phones Appliances Apple Trade-Up Event. Turn your old device into savings on the",1
722,"Weee! Customer Service Dear Customer, Thanks for calling us back. We are deeply sorry for the mistake in today&#39;s delivery, however, it is getting late and we are afraid our logistic team can not make any corrections",3
723,"Weee! Customer Service Dear Customer, Thanks for your feedback. We are deeply sorry for the unpleasant shopping experience today and have forwarded the situation to our relevant department to improve our service. Based on",1
724,"""CS50 Web Programing"" r/cs50: CS50 Web Programing I&#39;m interested in learning web development and found **CS50&#39;s Web Programming.** However, the course is from around 2020. Is it still relevant in 2025, or is it",3
726,"AndyKang, will you rate your transaction at Amazon.com? Hi AndyKang, Rate your experience with the seller, Adamwsy: 1 (Awful) 2 (Poor) 3 (Neutral) 4 (Good) 5 (Excellent) Adamwsy (Fulfilled by Amazon) Order details Product Image Pejnl Sweatbands Sports",3
727,"Pre-order the new iPhone 16e Plus, check out this Deal of the Day! Andy K. | View Account View: Web BEST BUY Top Deals Outlet TVs Computers Cell Phones Appliances iPhone 16e, latest phone, greatest price, built with Apple",1
729,"Unlock New Sha-Infused Collectibles in World of Warcraft Now, Adventurer! Tap into new mounts, pet and toy to use in WoW today, and play Plunderstorm before it&#39;s gone. GET SHA-THEMED COLLECTIBLES IN WOW GET SHA-THEMED COLLECTIBLES IN WOW Mists of Pandaria Classic™¹ will",3
730,Last day to save on courses! We have a course library big enough for (almost) anything. Fill up on the skills you need to reach your goals. ͏ ‌ ﻿ ͏ ‌ ﻿ ͏ ‌ ﻿ ͏ ‌ ﻿ ͏ ‌ ﻿ ͏ ‌ ﻿ ͏ ‌ ﻿ ͏ ‌ ﻿ ͏ ‌ ﻿ ͏ ‌ ﻿ ͏ ‌ ﻿ ͏ ‌ ﻿ ͏ ‌ ﻿ ͏ ‌ ﻿ ͏ ‌ ﻿,3
731,"Work-from-home scams exposed 👀 Plus, the top signs your phone may be tapped Avast Software View in browser The Download Your monthly security news Check out the latest security news and tips from Avast Work-from-home scams exposed",3
732,"""Finally 🏆"" r/cs50: Finally 🏆 Challenging and rewarding r/cs50 · Posted by u/SachinKaxhyap 5d ago Finally 🏆 Challenging and rewarding Read More 302 Votes 55 Comments Hide r/cs50 r/Jokes · Posted by u/SplitEights",3
733,My Nintendo Gold Points are being discontinued Learn more. ͏ ͏ ͏ ͏ ͏ ͏ ͏ ͏ ͏ ͏ ͏ ͏ ͏ ͏ ͏ ͏ ͏ ͏ ͏ ͏ ͏ ͏ ͏ ͏ ͏ ͏ ͏ ͏ ͏ ͏ ͏ ͏ ͏ ͏ ͏ ͏ ͏ ͏ ͏ ͏ ͏ ͏ ͏ ͏ ͏ ͏ ͏ ͏ ͏ ͏ ͏ ͏ ͏ ͏ ͏ ͏ ͏ ͏ ͏ ͏ ͏ ͏ ͏ ͏ ͏ ͏ ͏ ͏ ͏ ͏ ͏ ͏ ͏ ͏ ͏ ͏ ͏ ͏ ͏ ͏ ͏ ͏ ͏ ͏ ͏ ͏ ͏ ͏ ͏ ͏ ͏ ͏ ͏ ͏ ͏,3
734,"사람인 개인정보 이용내역 안내 2025. 02. 20. 목 사람인 개인정보 이용내역 안내 안녕하세요. 사람인입니다. 개인정보보호법 제20조의2(개인정보 이용·제공 내역의 통지)에 따라 연 1회 회원님의 개인정보 이용내역을 안내하고 있습니다. 사람인 통합 서비스 가입 및 이용 시 제공하여 주신 개인정보는 안전하게 보호되고 있으며, 앞으로도 안전하게 관리하기 위해 최선을 다하겠습니다. 개인",2
737,Delivered: Your Amazon.com order #112-8984261-5900251 Delivered: Your Amazon.com order #112-8984261-5900251͏ ‌ ͏ ‌ ͏ ‌ ͏ ‌ ͏ ‌ ͏ ‌ ͏ ‌ ͏ ‌ ͏ ‌ ͏ ‌ ͏ ‌ ͏ ‌ ͏ ‌ ͏ ‌ ͏ ‌ ͏ ‌ ͏ ‌ ͏ ‌ ͏ ‌ ͏ ‌ ͏ ‌ ͏ ‌ ͏ ‌ ͏ ‌ ͏ ‌ ͏ ‌ ͏ ‌ ͏ ‌ ͏ ‌ ͏ ‌ ͏ ‌ ͏ ‌ ͏ ‌ ͏ ‌ ͏ ‌ ͏ ‌ ͏ ‌,3
738,"Take the Next Step in Your Education at Mizzou Andy, Your journey doesn&#39;t end here—it&#39;s just beginning. At Mizzou, we offer world-class academic programs, unparalleled research opportunities, and a campus that thrives with energy and",3
739,"추가 주문이 필요하시나요? 내일까지의 제품 배송을 위한 주문 기한이 4시간 남았습니다. 내일까지의 제품 배송을 위한 주문 기한이 4시간 남았습니다. 추가 배송비가 없으며 모든 제품들이 내일 함께 배송됩니다. 추가 주문하기 app 다운로드 개인 정보 보호 정책 서비스 약관 구독 해지 47467 Fremont Blvd · Fremont, CA 94538 · © 2023 Weee!, Inc. 계정을 등록하거나 이메일 정보를 변경하여 이 이메일을 받게",3
740,Your last chance! Limited time deals end soon. ﻿͏ ﻿͏ ﻿͏ ﻿͏ ﻿͏ ﻿͏ ﻿͏ ﻿͏ ﻿͏ ﻿͏ ﻿͏ ﻿͏ ﻿͏ ﻿͏ ﻿͏ ﻿͏ ﻿͏ ﻿͏ ﻿͏ ﻿͏ ﻿͏ ﻿͏ ﻿͏ ﻿͏ ﻿͏ ﻿͏ ﻿͏ ﻿͏ ﻿͏ ﻿͏ ﻿͏ ﻿͏ ﻿͏ ﻿͏ ﻿͏ ﻿͏ ﻿͏ ﻿͏ ﻿͏ ﻿͏ ﻿͏ ﻿͏ ﻿͏ ﻿͏ ﻿͏ ﻿͏ ﻿͏ ﻿͏ ﻿͏ ﻿͏ ﻿͏ ﻿͏ ﻿͏ ﻿͏ ﻿͏ ﻿͏ ﻿͏ ﻿,1
741,이 날의 추억 이 날짜에 2월 20 이날의 추억을 되돌아보세요. folder.png drive.png application_xp_terminal.png page_white_go.png box.png 모든 추억 보기 개인 정보 보호 문제 이 사진을 본 사람이 없으며 이 컬렉션이 만들어졌을 때 추가 저장소가 사용되지 않았습니다. 구독 취소 | 도움말 페이지 개인정보처리방침 이,3
742,⚡[50%할인] 과자 덕후가 추천하는 대만 홍콩 디저트 🍪 #펑리수 #홍콩제니쿠키 #수제디저트 ͏ ͏ ͏ ͏ ͏ ͏ ͏ ͏ ͏ ͏ ͏ ͏ ͏ ͏ ͏ ͏ ͏ ͏ ͏ ͏ ͏ ͏ ͏ ͏ ͏ ͏ ͏ ͏ ͏ ͏ ͏ ͏ ͏ ͏ ͏ ͏ ͏ ͏ ͏ ͏ ͏ ͏ ͏ ͏ ͏ ͏ ͏ ͏ ͏ ͏ ͏ ͏ ͏ ͏ ͏ ͏ ͏ ͏ ͏ ͏ ͏ ͏ ͏ ͏ ͏ ͏ ͏ ͏ ͏ ͏ ͏ ͏ ͏ ͏ ͏ ͏ ͏ ͏ ͏ ͏ ͏ ͏ ͏ ͏ ͏ ͏ ͏ ͏ ͏ ͏ ͏,3
743,"안녕하세요, mo님.<br><br>Dropbox를 사용하면 파일 요청이 쉽고 안전해집니다. 파일 및 폴더를 안전하게 공유 ‌ ‌ ‌ ‌ ‌ ‌ ‌ ‌ ‌ ‌ ‌ ‌ ‌ ‌ ‌ ‌ ‌ ‌ ‌ ‌ ‌ ‌ ‌ ‌ ‌ ‌ ‌ ‌ ‌ ‌ ‌ ‌ ‌ ‌ ‌ ‌ ‌ ‌ ‌ ‌ ‌ ‌ ‌ ‌ ‌ ‌ ‌ ‌ ‌ ‌ ‌ ‌ ‌ ‌ ‌ ‌ ‌ ‌ ‌ ‌ ‌ ‌ ‌ ‌ ‌ ‌ ‌ ‌ ‌ ‌ ‌ ‌ ‌ ‌ ‌ ‌ ‌ ‌ ‌ ‌ ‌ ‌ ‌ ‌ ‌ ‌ ‌ ‌ ‌ ‌ ‌ ‌",3
744,"pixiv에 오신 걸 환영합니다!🎉 가이드를 통해 pixiv 계정을 최대한 활용해 보세요! 만나게 되어 반가워요! 함께 픽시브를 시작해 볼까요?😆 pixiv는 일러스트, 만화, 우고이라(움직이는 일러스트), 소설 등의 작품을 공유하는 SNS(소셜 네트워크 서비스)입니다. pixiv에서는 작품을 업로드 하는 것은 물론, 좋아하는 작품에 좋아요, 북마크와 댓글도 남길 수 있습니다! 또한 pixiv",3
745,"어서오세요, pixiv입니다! pixiv 어서오세요, pixiv입니다! mo Cho 님, 안녕하세요. pixiv 계정을 등록해 주셔서 감사합니다. pixiv 보기 스마트폰·태블릿을 사용하시는 분은 쾌적한 공식 앱으로도 이용하실 수 있습니다. Android 버전 pixiv 앱 iOS 버전 pixiv 앱 pixiv에서 작품을 즐기자! 인기 작품을 살펴보자! pixiv에서는 매일 업데이트 되는",3
746,"[pixiv] 확인 코드 알림 pixiv 확인 코드 알림 pixiv를 이용해주셔서 대단히 감사드립니다. 아래의 확인 코드를 입력해 메일 주소 확인을 완료해 주세요. 확인코드 936887 이 메일은 발신 전용입니다. 답장은 보내실 수 없으니 양해 부탁드립니다. 이 메일을 왜 받았는지 짐작가는 것이 없으시다면, 메일을 삭제해 주세요. pixiv 픽시브주식회사 우151-0051 도쿄도 시부야구",3
747,주문 확인 알림 - 63798412 - Weee! 필요한 건 모두 찾았나요? 목요일 6PM까지 추가 배송비 없이 상품을 더 담아보세요. 주문해주셔서 감사합니다 아래는 주문 세부 정보입니다 구체적인 정보 보기 필요한 건 모두 찾았나요? 목요일 6PM까지 추가 배송비 없이 상품을 더 담아보세요. 21% 할인 $14.88 $18.99 19% 할인 $10.88 $13.49 35% 할인 $8.98 $13.99 31%,3
748,See what’s up: Trending courses are on sale now. Need help choosing a course? See what other learners are getting into. ͏ ‌ ﻿ ͏ ‌ ﻿ ͏ ‌ ﻿ ͏ ‌ ﻿ ͏ ‌ ﻿ ͏ ‌ ﻿ ͏ ‌ ﻿ ͏ ‌ ﻿ ͏ ‌ ﻿ ͏ ‌ ﻿ ͏ ‌ ﻿ ͏ ‌ ﻿ ͏ ‌ ﻿ ͏ ‌ ﻿ ͏ ‌ ﻿ ͏ ‌ ﻿ ͏ ‌ ﻿ ͏ ‌ ﻿ ͏ ‌ ﻿ ͏ ‌ ﻿ ͏ ‌ ﻿ ͏ ‌,1
749,(광고) [D-5] 신청 안하면 손해인 스터디가 있다? 🫢 (강의 할인 + 비밀 커뮤니티까지!) 인프런 워밍업 클럽 3기 참가신청이 딱 5일 남았어요. 지식공유자가 직접 운영하는 스터디에 참여하고 다양한 혜택 받아가세요. [ D-5 ] 한 달만에 성장하고 싶은 사람 모여라! &quot;워밍업 클럽은 내가 주체적으로 열심히 한다면 너무나 얻을 게 많아요.&quot; &quot;안다고 생각했지만 모르고 있던 지점을 발견해서 공부하고 발전할 수 있었어요.,1
750,"""Am I doing it right"" r/cs50: Am I doing it right Hey yall Edit : my main goal is to learn python but taking this course as introduction So I&#39;m on week 3( or 4 counting from 0) but what I usually do to solve each week",3
751,"Re: c++ 환경 설치 방법 링크 Taeghyun Kang is inviting you to a scheduled Zoom meeting. Join Zoom Meeting https://ucmo.zoom.us/j/96512758054?pwd=Sjd0UGpOcjh2NUVxT3pPemdGMjlvQT09 Meeting ID: 965 1275 8054 Passcode: 600465 On Tue,",4
752,"Time to evolve ✨ Kang — get up to $1,200+ savings on Galaxy S25 Ultra. Your personal AI companion awaits. Your personal AI companion awaits. Samsung Logo Display images to show real-time content Display images to show real-time content Display images to show real-time",3
753,[✨신상] 간편한 한국산 데친 냉이🌱  #봄나물 향긋한 냉이 나물 무침에 밥한그릇 뚝딱! 🍚 ͏ ͏ ͏ ͏ ͏ ͏ ͏ ͏ ͏ ͏ ͏ ͏ ͏ ͏ ͏ ͏ ͏ ͏ ͏ ͏ ͏ ͏ ͏ ͏ ͏ ͏ ͏ ͏ ͏ ͏ ͏ ͏ ͏ ͏ ͏ ͏ ͏ ͏ ͏ ͏ ͏ ͏ ͏ ͏ ͏ ͏ ͏ ͏ ͏ ͏ ͏ ͏ ͏ ͏ ͏ ͏ ͏ ͏ ͏ ͏ ͏ ͏ ͏ ͏ ͏ ͏ ͏ ͏ ͏ ͏ ͏ ͏ ͏ ͏ ͏ ͏ ͏ ͏ ͏ ͏ ͏ ͏ ͏ ͏ ͏ ͏ ͏ ͏,3
754,Fine-tune colors in just a few clicks Play with adjustment layers directly from your browser with Photoshop on the web. ‌ ‌ ‌ ‌ ‌ ‌ ‌ ‌ ‌ ‌ ‌ ‌ ‌ ‌ ‌ ‌ ‌ ‌ ‌ ‌ ‌ ‌ ‌ ‌ ‌ ‌ ‌ ‌ ‌ ‌ ‌ ‌ ‌ ‌ ‌ ‌ ‌ ‌ ‌ ‌ ‌ ‌ ‌ ‌ ‌ ‌ ‌ ‌ ‌ ‌ ‌ ‌ Color your,3
755,"Shipped: ""Pejnl Sweatbands Sports..."" Shipped: &quot;Pejnl Sweatbands Sports...&quot;͏ ‌ ͏ ‌ ͏ ‌ ͏ ‌ ͏ ‌ ͏ ‌ ͏ ‌ ͏ ‌ ͏ ‌ ͏ ‌ ͏ ‌ ͏ ‌ ͏ ‌ ͏ ‌ ͏ ‌ ͏ ‌ ͏ ‌ ͏ ‌ ͏ ‌ ͏ ‌ ͏ ‌ ͏ ‌ ͏ ‌ ͏ ‌ ͏ ‌ ͏ ‌ ͏ ‌ ͏ ‌ ͏ ‌ ͏ ‌ ͏ ‌ ͏ ‌ ͏ ‌ ͏ ‌ ͏ ‌ ͏ ‌ ͏ ‌ ͏ ‌ ͏",3
756,Love yourself enough to act now—25% off lab tests 💚 Seize the moment and put yourself first—offer ends tomorrow! View in browser Quest logo Last call for the ultimate act of self-love Save 25%* on select lab tests at questhealth.com Self Love,3
757,"""Advice"" r/cs50: Advice Any advice for a beginner in cs50? r/cs50 · Posted by u/taghreed66 2d ago Advice Any advice for a beginner in cs50? Read More 1 Votes 2 Comments Hide r/cs50 r/ProgrammerHumor · Posted by",3
758,Find out what makes you tick—get 25% off lab tests Start a journey of self-love with a health check View in browser Quest logo Love yourself enough to check in Save 25%* on select lab tests at questhealth.com Self Love Promo_Scene 2 Shop sale This,1
759,"Available Now on Battle.net from Obsidian Entertainment—Avowed! Adventurer, experience the mystery, adventure, and danger in a first-person fantasy RPG crafted by an award-winning team. From Obsidian Entertainment From Obsidian Entertainment Welcome to the Living",2
761,"Powerful new tools in Firefly and Creative Cloud Generate videos and images, translate audio, and refine in your favorite Adobe apps. ‌ ‌ ‌ ‌ ‌ ‌ ‌ ‌ ‌ ‌ ‌ ‌ ‌ ‌ ‌ ‌ ‌ ‌ ‌ ‌ ‌ ‌ ‌ ‌ ‌ ‌ ‌ ‌ ‌ ‌ ‌ ‌ ‌ ‌ ‌ ‌ ‌ ‌ ‌ ‌ ‌ ‌ ‌ ‌ ‌ ‌ ‌ ‌ ‌ ‌ ‌ ‌ ‌ ‌ ‌ ‌ ‌ ‌",3
762,"Andy: MCC enrollment services remain open during college closure Metropolitan Community College Enrollment services available during college closure Andy, You can contact 816.604.1000 for assistance or connect with our teams through the Virtual Enrollment Center via",3
763,24-Hour Sale starts now. Get courses on sale. Start learning a new skill this week. Explore some of our highest-rated courses taught by real-world experts. ͏ ‌ ﻿ ͏ ‌ ﻿ ͏ ‌ ﻿ ͏ ‌ ﻿ ͏ ‌ ﻿ ͏ ‌ ﻿ ͏ ‌ ﻿ ͏ ‌ ﻿ ͏ ‌ ﻿ ͏ ‌ ﻿ ͏ ‌ ﻿ ͏ ‌ ﻿ ͏ ‌ ﻿ ͏ ‌ ﻿ ͏ ‌ ﻿ ͏,1
764,"Ordered: ""Pejnl Sweatbands Sports..."" Ordered: &quot;Pejnl Sweatbands Sports...&quot;͏ ‌ ͏ ‌ ͏ ‌ ͏ ‌ ͏ ‌ ͏ ‌ ͏ ‌ ͏ ‌ ͏ ‌ ͏ ‌ ͏ ‌ ͏ ‌ ͏ ‌ ͏ ‌ ͏ ‌ ͏ ‌ ͏ ‌ ͏ ‌ ͏ ‌ ͏ ‌ ͏ ‌ ͏ ‌ ͏ ‌ ͏ ‌ ͏ ‌ ͏ ‌ ͏ ‌ ͏ ‌ ͏ ‌ ͏ ‌ ͏ ‌ ͏ ‌ ͏ ‌ ͏ ‌ ͏ ‌ ͏ ‌ ͏ ‌ ͏ ‌ ͏",3
765,Google Play 주문 영수증(2025. 2. 17.) Google Play 감사합니다. Google Play의 YOSTAR (HONG KONG) LIMITED에서 구매하셨습니다. 주문 번호: GPA.3332-5152-7373-36230 주문 날짜: 2025. 2. 17. 오후 5시 22분 13초 GMT-5 상품 가격 희망의 드리머 팩 (명일방주) $3.99 세금: $0.00 합계: $3.99 결제 방법:,3
766,Google Play 주문 영수증(2025. 2. 17.) Google Play 감사합니다. Google Play의 YOSTAR (HONG KONG) LIMITED에서 구매하셨습니다. 주문 번호: GPA.3313-1142-3253-93008 주문 날짜: 2025. 2. 17. 오후 5시 21분 54초 GMT-5 상품 가격 거울 빛의 환혹 팩 (명일방주) $23.99 세금: $0.00 합계: $23.99 결제 방법:,3
767,🔍 Discover your progress + Pro for just $72/year. Discover what you accomplished last week. ‌ ‌ ‌ ‌ ‌ ‌ ‌ ‌ ‌ ‌ ‌ ‌ ‌ ‌ ‌ ‌ ‌ ‌ ‌ ‌ ‌ ‌ ‌ ‌ ‌ ‌ ‌ ‌ ‌ ‌ ‌ ‌ ‌ ‌ ‌ ‌ ‌ ‌ ‌ ‌ ‌ ‌ ‌ ‌ ‌ ‌ ‌ ‌ ‌ ‌ ‌ ‌ ‌ ‌ ‌ ‌ ‌ ‌ ‌ ‌ ‌ ‌ ‌ ‌ ‌ ‌ ‌ ‌ ‌ ‌ ‌ ‌ ‌ ‌ ‌ ‌ ‌ ‌ ‌ ‌,3
768,"After today, this will disappear! Must-have tech in the Presidents' Day Sale... Don&#39;t forget to check out today&#39;s Deal of the Day Andy K. | View Account View: Web BEST BUY Top Deals Outlet TVs Computers Cell Phones Appliances Presidents&#39; Day Sale. Find great deals on",1
769,"Up to 40% off: Presidents' Day Sale ends tonight Final hours to save on fashion, appliances &amp; more͏ ‌ ͏ ‌ ͏ ‌ ͏ ‌ ͏ ‌ ͏ ‌ ͏ ‌ ͏ ‌ ͏ ‌ ͏ ‌ ͏ ‌ ͏ ‌ ͏ ‌ ͏ ‌ ͏ ‌ ͏ ‌ ͏ ‌ ͏ ‌ ͏ ‌ ͏ ‌ ͏ ‌ ͏ ‌ ͏ ‌ ͏ ‌ ͏ ‌ ͏ ‌ ͏ ‌ ͏ ‌ ͏ ‌ ͏ ‌ ͏ ‌ ͏ ‌ ͏ ‌ ͏ ‌ ͏ ‌ ͏ ‌ ͏ ‌",1
771,"보내신 Steam 선물이 수락되었습니다 Steam 안녕하세요, skk750 님. heedo 님이 귀하의 선물을 수락했습니다 PICO PARK 2 친구에게 보낸 선물 중 아직 수락되지 않은 선물은 모두 선물 보관함 페이지에서 확인할 수 있습니다. 감사합니다. Steam 팀 일동 이 알림은 Steam 계정에 등록된 이메일 주소로 전송되었습니다. 본 이메일은 발신 전용이므로 답장하지 마세요. 추가적인",3
772,"선물로 구매해주셔서 감사합니다! Steam 안녕하세요, skk750 님. 최근 Steam에서 게임을 구매해 주셔서 감사합니다. 아래 항목이 Steam 라이브러리에 추가되었습니다. Steam이 처음이시라면 여기서 Steam 앱을 무료로 다운로드할 수 있습니다. 내 Steam 포인트 Steam 포인트를 획득했습니다 포인트 상점 방문하기 1798 PICO PARK 2 $8.99 선물 구매 받는",3
773,Google Play 주문 영수증(2025. 2. 16.) Google Play 감사합니다. Google Play의 (유)네이버웹툰에서 구매하셨습니다. 주문 번호: GPA.3380-9133-5334-28661 주문 날짜: 2025. 2. 16. 오후 11시 5분 37초 GMT-5 상품 가격 쿠키 10개 (네이버 웹툰 - Naver Webtoon) $0.99 세금: $0.00 합계: $0.99 결제 방법: Visa-,3
774,Google Play 주문 영수증(2025. 2. 16.) Google Play 감사합니다. Google Play의 (유)네이버웹툰에서 구매하셨습니다. 주문 번호: GPA.3307-0089-1685-87028 주문 날짜: 2025. 2. 16. 오후 10시 55분 49초 GMT-5 상품 가격 쿠키 10개 (네이버 웹툰 - Naver Webtoon) $0.99 세금: $0.00 합계: $0.99 결제 방법: Visa-,3
775,"""Can someone explain this to me?"" r/cs50: Can someone explain this to me? How come the mario pyramid that they walk you through need to have a int print_row (int brick) but not the right side pyramid that just use the int main? Sorry",3
777,[설정 요망] 아직 폴더를 설정하지 않으셨네요... Dropbox 폴더로 모든 장치에서 파일을 체계적으로 정리할 수 있습니다. �‌�‌�‌�‌�‌�‌�‌�‌�‌�‌�‌�‌�‌��‌�‌�‌�‌�‌�‌�‌�‌�‌�‌�‌�‌�‌��‌�‌�‌�‌�‌�‌�‌�‌�‌�‌��‌�‌�‌�‌�‌�‌�‌�‌�‌�‌��‌�‌�‌�‌�‌�‌�‌�‌�‌�‌��‌�‌�‌�‌�‌�‌�‌�‌�‌�‌��‌�‌�‌�‌�‌�‌�‌�‌�‌�‌�,3
778,"TECH ON SALE - don't wait! Plus, check out our Deal of the Day! Andy K. | View Account View: Web BEST BUY Top Deals Outlet TVs Computers Cell Phones Appliances Presidents&#39; Day Sale. Find great deals on major appliances,",1
779,"""Finished CS50P"" r/cs50: Finished CS50P It was a great experience! Gonna go back to CS50x week 6.5😊 r/cs50 · Posted by u/Fabulous-Finding9938 4d ago Finished CS50P It was a great experience! Gonna go back to CS50x week",3
780,SNS 화제 방어맛집 🐟 지금 최대 20% 할인 입안에서 사르르~ 겨울에 찐맛 대방어 🍣 ͏ ͏ ͏ ͏ ͏ ͏ ͏ ͏ ͏ ͏ ͏ ͏ ͏ ͏ ͏ ͏ ͏ ͏ ͏ ͏ ͏ ͏ ͏ ͏ ͏ ͏ ͏ ͏ ͏ ͏ ͏ ͏ ͏ ͏ ͏ ͏ ͏ ͏ ͏ ͏ ͏ ͏ ͏ ͏ ͏ ͏ ͏ ͏ ͏ ͏ ͏ ͏ ͏ ͏ ͏ ͏ ͏ ͏ ͏ ͏ ͏ ͏ ͏ ͏ ͏ ͏ ͏ ͏ ͏ ͏ ͏ ͏ ͏ ͏ ͏ ͏ ͏ ͏ ͏ ͏ ͏ ͏ ͏ ͏ ͏ ͏ ͏ ͏ ͏,3
781,You received money with Zelle(R) Wells Fargo home page TAEG KANG sent you $500.00 Date: 02/15/2025 Confirmation: WFCT0YJLS66F Memo: Have a great day!! We deposited the money in your Wells Fargo account. Go to accounts Have any,3
782,"Don’t miss great deals on tech and appliances. Shop the Presidents’ Day Sale. PS, Time is ticking on Deal of the Day. Andy K. | View Account View: Web BEST BUY Top Deals Outlet TVs Computers Cell Phones Appliances Presidents&#39; Day Sale. Find great deals on major appliances,",1
783,"Edit image imperfections from your browser Retouch photos, delete distractions, and enhance images with Photoshop on the web. ‌ ‌ ‌ ‌ ‌ ‌ ‌ ‌ ‌ ‌ ‌ ‌ ‌ ‌ ‌ ‌ ‌ ‌ ‌ ‌ ‌ ‌ ‌ ‌ ‌ ‌ ‌ ‌ ‌ ‌ ‌ ‌ ‌ ‌ ‌ ‌ ‌ ‌ ‌ ‌ ‌ ‌ ‌ ‌ ‌ ‌ ‌ ‌ ‌ ‌ ‌ ‌ Make photo",3
784,"💬 김용님이 게시물에 댓글을 남겼습니다 2025년 신작 발표합니다. 많이 많이 불리우고 사랑받기를... 💬 김용님이 게시물에 댓글을 남겼습니다 2월 14일 오전 8:19 보기 김용님 외 32명이 공감했습니다. skk126skk126@gmail.com 주소로 전송된 메시지입니다. 앞으로 Meta로부터 이와 같은 이메일을 받지 않으려면 그만 받기를 누르세요. Meta Platforms, Inc.,",5
786,"🤸 Wish your days felt more effortless, Kang? Upgrade to Galaxy AI ✨ 💸 Trade in your old device to save big. 💸 Trade in your old device to save big. Samsung Logo Display images to show real-time content Display images to show real-time content Display images to show",3
788,Google Play 주문 영수증(2025. 2. 14.) Google Play 감사합니다. Google Play의 (유)네이버웹툰에서 구매하셨습니다. 주문 번호: GPA.3376-9259-9377-05556 주문 날짜: 2025. 2. 14. 오후 4시 7분 14초 GMT-5 상품 가격 쿠키 1개 (네이버 웹툰 - Naver Webtoon) $0.10 세금: $0.00 합계: $0.10 결제 방법: Visa-,3
789,Google Play 주문 영수증(2025. 2. 14.) Google Play 감사합니다. Google Play의 (유)네이버웹툰에서 구매하셨습니다. 주문 번호: GPA.3352-4485-1163-16753 주문 날짜: 2025. 2. 14. 오후 4시 6분 36초 GMT-5 상품 가격 쿠키 1개 (네이버 웹툰 - Naver Webtoon) $0.10 세금: $0.00 합계: $0.10 결제 방법: Visa-,3
790,Google Play 주문 영수증(2025. 2. 14.) Google Play 감사합니다. Google Play의 (유)네이버웹툰에서 구매하셨습니다. 주문 번호: GPA.3336-3260-0889-07724 주문 날짜: 2025. 2. 14. 오후 4시 6분 26초 GMT-5 상품 가격 쿠키 10개 (네이버 웹툰 - Naver Webtoon) $0.99 세금: $0.00 합계: $0.99 결제 방법: Visa-,3
791,"Sit courtside for NBA All-Star, only on Meta Quest &#39;Fan out&#39; and immerse yourself in front-row NBA action! ‌ ‌ ‌ ‌ ‌ ‌ ‌ ‌ ‌ ‌ ‌ ‌ ‌ ‌ ‌ ‌ ‌ ‌ ‌ ‌ ‌ ‌ ‌ ‌ ‌ ‌ ‌ ‌ ‌ ‌ ‌ ‌ ‌ ‌ ‌ ‌ ‌ ‌ ‌ ‌ ‌ ‌ ‌ ‌ ‌ ‌ ‌ ‌ ‌ ‌ ‌ ‌ ‌ ‌ ‌ ‌ ‌ ‌ ‌ ‌ ‌ ‌ ‌ ‌ ‌ ‌ ‌ ‌ ‌",3
792,Make every message you send more impactful Strengthen your reputation with Grammarly Pro. ‌ ‌ ‌ ‌ ‌ ‌ ‌ ‌ ‌ ‌ ‌ ‌ ‌ ‌ ‌ ‌ ‌ ‌ ‌ ‌ ‌ ‌ ‌ ‌ ‌ ‌ ‌ ‌ ‌ ‌ ‌ ‌ ‌ ‌ ‌ ‌ ‌ ‌ ‌ ‌ ‌ ‌ ‌ ‌ ‌ ‌ ‌ ‌ ‌ ‌ ‌ ‌ ‌ ‌ ‌ ‌ ‌ ‌ ‌ ‌ ‌ ‌ ‌ ‌ ‌ ‌ ‌ ‌ ‌ ‌ ‌ ‌ ‌ ‌ ‌ ‌ ‌,3
793,"Andy, Apply to be a Visiting Student! Take courses at NYU with our Summer term offerings Thrive with NYU&#39;s Visiting Students Program, Andy Summer 2025 applications are open! APPLY TODAY This summer at NYU is your chance to elevate your",3
795,"""What am i doing wrong"" r/cs50: What am i doing wrong r/cs50 · Posted by u/Admirable-Injury5056 13h ago What am i doing wrong Read More 12 Votes 7 Comments Hide r/cs50 r/EPFL · Posted by u/viktorooo 2d ago EDIC selection",3
796,"New reply to a comment on ""오토케오!
드디어 오늘 살카즈 로그라이크가 한섭에 들어오는 날이다!
..."" New reply to a comment on &quot;오토케오! 드디어 오늘 살카즈 로그라이크가 한섭에 들어오는 날이다! ...&quot; Youtube Logo 🌟 @Team_Keo replied to mo Cho&#39;s comment 오토케오! 드디어 오늘 살카즈 로그라이크가 한섭에 들어오는 날이다! ... @Team_Keo 강습전술 스타팅은 가능",3
797,Team Keo loves your comment Youtube Logo Team Keo loves your comment 오토케오! 드디어 오늘 살카즈 로그라이크가 한섭에 들어오는 날이다! ... | Team Keo @mocho5604 데겐 스타팅은 어떤가요? View hearted comment If you no longer wish to receive emails about comments and,3
799,⚡[50%할인] 한정판 K-뷰티 발렌타인 박스💄💝 오늘이 마지막! 인기품절템 K-뷰티만 고스란히 모았어요! 지금 바로 겟하세요! ͏ ͏ ͏ ͏ ͏ ͏ ͏ ͏ ͏ ͏ ͏ ͏ ͏ ͏ ͏ ͏ ͏ ͏ ͏ ͏ ͏ ͏ ͏ ͏ ͏ ͏ ͏ ͏ ͏ ͏ ͏ ͏ ͏ ͏ ͏ ͏ ͏ ͏ ͏ ͏ ͏ ͏ ͏ ͏ ͏ ͏ ͏ ͏ ͏ ͏ ͏ ͏ ͏ ͏ ͏ ͏ ͏ ͏ ͏ ͏ ͏ ͏ ͏ ͏ ͏ ͏ ͏ ͏ ͏ ͏ ͏ ͏ ͏ ͏ ͏ ͏ ͏ ͏ ͏ ͏ ͏ ͏ ͏,3
800,Celebrate with limited time deals! Savings up to $600 off just for you. ﻿͏ ﻿͏ ﻿͏ ﻿͏ ﻿͏ ﻿͏ ﻿͏ ﻿͏ ﻿͏ ﻿͏ ﻿͏ ﻿͏ ﻿͏ ﻿͏ ﻿͏ ﻿͏ ﻿͏ ﻿͏ ﻿͏ ﻿͏ ﻿͏ ﻿͏ ﻿͏ ﻿͏ ﻿͏ ﻿͏ ﻿͏ ﻿͏ ﻿͏ ﻿͏ ﻿͏ ﻿͏ ﻿͏ ﻿͏ ﻿͏ ﻿͏ ﻿͏ ﻿͏ ﻿͏ ﻿͏ ﻿͏ ﻿͏ ﻿͏ ﻿͏ ﻿͏ ﻿͏ ﻿͏ ﻿͏ ﻿͏ ﻿͏ ﻿͏ ﻿͏ ﻿͏ ﻿͏ ﻿͏,1
801,"Your Khan Academy account may be deleted in 90 days Khan Academy We&#39;ve missed you! It&#39;s been a while since you&#39;ve used Khan Academy, and we&#39;ve missed you! We hope to see you return soon, so you can continue to learn from 100+ free",3
802,Sale ends today! Shop now to get courses for less. The savings are almost over. Buy now to start learning toward your goals for less. ͏ ‌ ﻿ ͏ ‌ ﻿ ͏ ‌ ﻿ ͏ ‌ ﻿ ͏ ‌ ﻿ ͏ ‌ ﻿ ͏ ‌ ﻿ ͏ ‌ ﻿ ͏ ‌ ﻿ ͏ ‌ ﻿ ͏ ‌ ﻿ ͏ ‌ ﻿ ͏ ‌ ﻿ ͏ ‌ ﻿ ͏ ‌ ﻿ ͏ ‌ ﻿ ͏ ‌ ﻿ ͏ ‌ ﻿ ͏ ‌ ﻿ ͏ ‌,1
803,"""Admission office Contact"" r/EPFL: Admission office Contact Hi, I applied for the Master in Computational Sciences and Engineering. I have some administrative questions but I could not find anywhere in the website an email of",3
804,[20%할인] 매콤 달달 황태 양념구이 #밥도둑 # 밥반찬 외식없이 집에서 즐겨요! 🍱 인기 밀키트 간편식 모음 ͏ ͏ ͏ ͏ ͏ ͏ ͏ ͏ ͏ ͏ ͏ ͏ ͏ ͏ ͏ ͏ ͏ ͏ ͏ ͏ ͏ ͏ ͏ ͏ ͏ ͏ ͏ ͏ ͏ ͏ ͏ ͏ ͏ ͏ ͏ ͏ ͏ ͏ ͏ ͏ ͏ ͏ ͏ ͏ ͏ ͏ ͏ ͏ ͏ ͏ ͏ ͏ ͏ ͏ ͏ ͏ ͏ ͏ ͏ ͏ ͏ ͏ ͏ ͏ ͏ ͏ ͏ ͏ ͏ ͏ ͏ ͏ ͏ ͏ ͏ ͏ ͏ ͏ ͏ ͏ ͏ ͏ ͏ ͏ ͏ ͏,3
805,"** For you ** Your inbox just got some more DEALS - drumroll please, the Presidents' Day Sale is upon us! Don&#39;t forget to check out today&#39;s Deal of the Day Andy K. | View Account View: Web BEST BUY Top Deals Outlet TVs Computers Cell Phones Appliances Presidents&#39; Day Sale. Find great deals on",1
806,"Ready to Take the Next Step? Mizzou is Waiting for You! Andy, Your future is waiting at Mizzou, where top-tier education meets unmatched opportunity. From groundbreaking research to a diverse and vibrant campus, we&#39;re ready to help you thrive both in",3
807,"Your love story starts with you—get 25% off lab tests 💚 This Valentine&#39;s Day, put your health first View in browser Quest logo Start living healthily ever after Save 25%* on select lab tests at questhealth.com Self Love Promo_Scene 1 Shop sale Show",1
808,"Activate and redeem your deals this winter season Earn cash back by activating and redeeming your winter deals. Earn cash back by activating and redeeming your winter deals. Wells Fargo home page Hero Image Donghyuk, activate your deals today to earn",1
809,[필독] Dropbox 계정을 활용하지 않고 계시네요. 내 계정 보기 ‌ ‌ ‌ ‌ ‌ ‌ ‌ ‌ ‌ ‌ ‌ ‌ ‌ ‌ ‌ ‌ ‌ ‌ ‌ ‌ ‌ ‌ ‌ ‌ ‌ ‌ ‌ ‌ ‌ ‌ ‌ ‌ ‌ ‌ ‌ ‌ ‌ ‌ ‌ ‌ ‌ ‌ ‌ ‌ ‌ ‌ ‌ ‌ ‌ ‌ ‌ ‌ ‌ ‌ ‌ ‌ ‌ ‌ ‌ ‌ ‌ ‌ ‌ ‌ ‌ ‌ ‌ ‌ ‌ ‌ ‌ ‌ ‌ ‌ ‌ ‌ ‌ ‌ ‌ ‌ ‌ ‌ ‌ ‌ ‌ ‌ ‌ ‌ ‌ ‌ ‌ ‌ ‌ ‌ ‌ ‌,3
810,Edit images in a flash with generative AI Try new generative AI tools in your browser with Photoshop on the web. ‌ ‌ ‌ ‌ ‌ ‌ ‌ ‌ ‌ ‌ ‌ ‌ ‌ ‌ ‌ ‌ ‌ ‌ ‌ ‌ ‌ ‌ ‌ ‌ ‌ ‌ ‌ ‌ ‌ ‌ ‌ ‌ ‌ ‌ ‌ ‌ ‌ ‌ ‌ ‌ ‌ ‌ ‌ ‌ ‌ ‌ ‌ ‌ ‌ ‌ ‌ ‌ Create without limits. Add,3
811,Reach where you want to be with top courses on sale. Thousands of courses to help you succeed in your goals — at work and in life. Start learning now while courses are on sale. ͏ ‌ ﻿ ͏ ‌ ﻿ ͏ ‌ ﻿ ͏ ‌ ﻿ ͏ ‌ ﻿ ͏ ‌ ﻿ ͏ ‌ ﻿ ͏ ‌ ﻿ ͏ ‌ ﻿ ͏ ‌ ﻿ ͏ ‌ ﻿ ͏ ‌ ﻿ ͏ ‌ ﻿,1
812,"(광고) 개발자, 디자이너, PM이라면 클릭! 우리 스터디해요 🏃 (feat. 깜짝 쿠폰) 인프런 워밍업 클럽 3기 참가신청이 시작되었어요. 지식공유자가 직접 운영하는 스터디에 참여하고 다양한 혜택 받아가세요. 학습과 커리어 조언을 구할 선배가 없어서, 함께 고민을 나누고 공부할 동료가 없어서 힘들었던 경험 있으신가요? 백엔드, 프론트엔드, CS 전공지식, 프로덕트 디자인은 물론, 풀스택과 PM/PO까지! 인프런 워밍업 클럽을 통해 지식공유자가",1
813,"""I made one post for buddies originally but i..."" r/cs50: I made one post for buddies originally but it evolved into a discord server. There&#39;s 20 other people doing the cs50 course starting today. It&#39;s just an hour or work then an hour",3
815,"Get The War Within and Prepare for Goblins Galore, Adventurer! Purchase The War Within now and get ready to explore Undermine on February 25. FAST WHEELS&lt;br&gt;&amp; DARK DEALS FAST WHEELS &amp; DARK DEALS Get The War Within™ now and prepare for the upcoming",1
816,"🤯 Kang, you haven’t seen our Galaxy S25 Series lineup?! New 50MP Ultra-Wide lens ✔ Precision shots ✔ Wow factor ✔✔ New 50MP Ultra-Wide lens ✔ Precision shots ✔ Wow factor ✔✔ Samsung Logo Display images to show real-time content Display images to show real-",3
818,"Unlimited song skips and ad-free music listening. What's not to love? Get 2 months of Premium for $0. Almost gone: Get 2 months of Premium for $0 How sweet it is... To listen to your favorite music, ad-free. Listen offline, enjoy unlimited song skips, and download your",3
819,"A lot of people are seeing your photos on Google Maps! Hi mo, 5000 total views of your photos! Thanks for adding photos to Google Maps. Contributions like yours help others make decisions about the things worth doing and places worth seeing, keep it up!‍ ‍",3
820,Last chance to seal the deal with 20% off heart health tests! Check in with your heart and get ahead of your health. View in browser Quest logo Go all in for your heart health Save 20%* on select cardiovascular tests at questhealth.com Health Promo_Scene_3 Shop,1
821,"""Changing Referees"" r/EPFL: Changing Referees Hello guys So I submitted my application back in December but 2 of my professors havent submitted their LORs yet, I emailed them to confirm that they received EPFL email and",5
822,"Up to 40% off: Presidents' Day Sale starts now Save on home, fashion, mattresses, &amp; more͏ ‌ ͏ ‌ ͏ ‌ ͏ ‌ ͏ ‌ ͏ ‌ ͏ ‌ ͏ ‌ ͏ ‌ ͏ ‌ ͏ ‌ ͏ ‌ ͏ ‌ ͏ ‌ ͏ ‌ ͏ ‌ ͏ ‌ ͏ ‌ ͏ ‌ ͏ ‌ ͏ ‌ ͏ ‌ ͏ ‌ ͏ ‌ ͏ ‌ ͏ ‌ ͏ ‌ ͏ ‌ ͏ ‌ ͏ ‌ ͏ ‌ ͏ ‌ ͏ ‌ ͏ ‌ ͏ ‌ ͏ ‌ ͏ ‌ ͏ ‌ ͏ ‌",1
823,Are you signed in? There wasn&#39;t any writing activity last week. ‌ ‌ ‌ ‌ ‌ ‌ ‌ ‌ ‌ ‌ ‌ ‌ ‌ ‌ ‌ ‌ ‌ ‌ ‌ ‌ ‌ ‌ ‌ ‌ ‌ ‌ ‌ ‌ ‌ ‌ ‌ ‌ ‌ ‌ ‌ ‌ ‌ ‌ ‌ ‌ ‌ ‌ ‌ ‌ ‌ ‌ ‌ ‌ ‌ ‌ ‌ ‌ ‌ ‌ ‌ ‌ ‌ ‌ ‌ ‌ ‌ ‌ ‌ ‌ ‌ ‌ ‌ ‌ ‌ ‌ ‌ ‌ ‌ ‌ ‌ ‌,3
824,"Good news - catch the Presidents' Day SALE before it's gone 👍 PS, Have you shopped Deal of the Day? Andy K. | View Account View: Web BEST BUY Top Deals Outlet TVs Computers Cell Phones Appliances Presidents&#39; Day Sale. The deals have arrived. Ends 2/17. Shop",1
825,Have you tried these Grammarly features? See ways to speed up your work. ‌ ‌ ‌ ‌ ‌ ‌ ‌ ‌ ‌ ‌ ‌ ‌ ‌ ‌ ‌ ‌ ‌ ‌ ‌ ‌ ‌ ‌ ‌ ‌ ‌ ‌ ‌ ‌ ‌ ‌ ‌ ‌ ‌ ‌ ‌ ‌ ‌ ‌ ‌ ‌ ‌ ‌ ‌ ‌ ‌ ‌ ‌ ‌ ‌ ‌ ‌ ‌ ‌ ‌ ‌ ‌ ‌ ‌ ‌ ‌ ‌ ‌ ‌ ‌ ‌ ‌ ‌ ‌ ‌ ‌ ‌ ‌ ‌ ‌ ‌ ‌ ‌ ‌ ‌ ‌ ‌ ‌ ‌ ‌ ‌,3
827,"Now's the time. Save big during our 24-Hour Sale. Open this email to discover some of our top courses, now on sale during our 24-Hour Flash Sale. ͏ ‌ ﻿ ͏ ‌ ﻿ ͏ ‌ ﻿ ͏ ‌ ﻿ ͏ ‌ ﻿ ͏ ‌ ﻿ ͏ ‌ ﻿ ͏ ‌ ﻿ ͏ ‌ ﻿ ͏ ‌ ﻿ ͏ ‌ ﻿ ͏ ‌ ﻿ ͏ ‌ ﻿ ͏ ‌ ﻿ ͏ ‌ ﻿ ͏ ‌ ﻿ ͏ ‌ ﻿ ͏ ‌",1
828,Have you completed your 2025–26 FAFSA form? Don&#39;t miss out on student aid for 2025–26. ‌ ‌ ‌ ‌ ‌ ‌ ‌ ‌ ‌ ‌ ‌ ‌ ‌ ‌ ‌ ‌ ‌ ‌ ‌ ‌ ‌ ‌ ‌ ‌ ‌ ‌ ‌ ‌ ‌ ‌ ‌ ‌ ‌ ‌ ‌ ‌ ‌ ‌ ‌ ‌ ‌ ‌ ‌ ‌ ‌ ‌ ‌ ‌ ‌ ‌ ‌ ‌ ‌ ‌ ‌ ‌ ‌ ‌ ‌ ‌ ‌ ‌ ‌ ‌ ‌ ‌ ‌ ‌ ‌ ‌ ‌ ‌ ‌ ‌ ‌ ‌ ‌,5
829,Get started in Photoshop on the web Learn more about the common editing workflows and start creating just about anything in Photoshop on the web. ‌ ‌ ‌ ‌ ‌ ‌ ‌ ‌ ‌ ‌ ‌ ‌ ‌ ‌ ‌ ‌ ‌ ‌ ‌ ‌ ‌ ‌ ‌ ‌ ‌ ‌ ‌ ‌ ‌ ‌ ‌ ‌ ‌ ‌ ‌ ‌ ‌ ‌ ‌ ‌ ‌ ‌ ‌ ‌ ‌ ‌,3
830,"A gift of love: 2 free months of Premium Enjoy unlimited song skips, ad-free music listening, and more of what you love. Keep the rhythm of love alive with 2 months of Premium for $0 It&#39;s time to listen to non-stop music. Get your first",3
831,💥 놓치면 후회할 이번주 장보기 특가템 생활비 부담 확 ⬇️ 물가안정 세일전🛒 ͏ ͏ ͏ ͏ ͏ ͏ ͏ ͏ ͏ ͏ ͏ ͏ ͏ ͏ ͏ ͏ ͏ ͏ ͏ ͏ ͏ ͏ ͏ ͏ ͏ ͏ ͏ ͏ ͏ ͏ ͏ ͏ ͏ ͏ ͏ ͏ ͏ ͏ ͏ ͏ ͏ ͏ ͏ ͏ ͏ ͏ ͏ ͏ ͏ ͏ ͏ ͏ ͏ ͏ ͏ ͏ ͏ ͏ ͏ ͏ ͏ ͏ ͏ ͏ ͏ ͏ ͏ ͏ ͏ ͏ ͏ ͏ ͏ ͏ ͏ ͏ ͏ ͏ ͏ ͏ ͏ ͏ ͏ ͏ ͏ ͏ ͏ ͏ ͏ ͏,1
832,"""I am stuck on this and do not know what I sh..."" r/cs50: I am stuck on this and do not know what I should do. r/cs50 · Posted by u/Radiant-Rise7977 1h ago I am stuck on this and do not know what I should do. Read More 2 Votes 13 Comments Hide r/cs50",3
833,🍫두바이 초콜릿 3종 #피스타치오 #바삭식감 한국 편의점 인기간식 총출동 🍿🥨 ͏ ͏ ͏ ͏ ͏ ͏ ͏ ͏ ͏ ͏ ͏ ͏ ͏ ͏ ͏ ͏ ͏ ͏ ͏ ͏ ͏ ͏ ͏ ͏ ͏ ͏ ͏ ͏ ͏ ͏ ͏ ͏ ͏ ͏ ͏ ͏ ͏ ͏ ͏ ͏ ͏ ͏ ͏ ͏ ͏ ͏ ͏ ͏ ͏ ͏ ͏ ͏ ͏ ͏ ͏ ͏ ͏ ͏ ͏ ͏ ͏ ͏ ͏ ͏ ͏ ͏ ͏ ͏ ͏ ͏ ͏ ͏ ͏ ͏ ͏ ͏ ͏ ͏ ͏ ͏ ͏ ͏ ͏ ͏ ͏ ͏ ͏ ͏ ͏ ͏ ͏,3
834,WOW! Check out big-screen TVs Don&#39;t forget to check out today&#39;s Deal of the Day Andy K. | View Account View: Web BEST BUY Top Deals Outlet TVs Computers Cell Phones Appliances Super Bowl 59 savings. Big-screen TVs as low as,1
835,Google Play 주문 영수증(2025. 2. 8.) Google Play 감사합니다. Google Play의 (유)네이버웹툰에서 구매하셨습니다. 주문 번호: GPA.3306-7992-2802-51359 주문 날짜: 2025. 2. 8. 오전 10시 43분 51초 GMT-5 상품 가격 쿠키 10개 (네이버 웹툰 - Naver Webtoon) $0.99 세금: $0.00 합계: $0.99 결제 방법: Visa-,3
837,"""How does this even happen 😭"" r/cs50: How does this even happen 😭 ![img](rfieuv0bg5he1) ![img](whrnwv0bg5he1) How do I even copy images in a way that would make them look like that?! r/cs50 · Posted by u/CuriousGeorge0_0 3d ago How",3
838,"Discover the Future of Azeroth, Adventurer! Explore new insights, delve into Housing updates, get the new mount pack, visit the Love is in the Air event, and more! THE FUTURE OF AZEROTH THE FUTURE OF AZEROTH Great things are on the horizon,",3
839,"⚡[최대 50%] 새롭게 시작하는 Crazy8 핫딜 김치, 간편식, 제철 과일 등 한국 인기제품들을 지금 만나보세요! ͏ ͏ ͏ ͏ ͏ ͏ ͏ ͏ ͏ ͏ ͏ ͏ ͏ ͏ ͏ ͏ ͏ ͏ ͏ ͏ ͏ ͏ ͏ ͏ ͏ ͏ ͏ ͏ ͏ ͏ ͏ ͏ ͏ ͏ ͏ ͏ ͏ ͏ ͏ ͏ ͏ ͏ ͏ ͏ ͏ ͏ ͏ ͏ ͏ ͏ ͏ ͏ ͏ ͏ ͏ ͏ ͏ ͏ ͏ ͏ ͏ ͏ ͏ ͏ ͏ ͏ ͏ ͏ ͏ ͏ ͏ ͏ ͏ ͏ ͏ ͏ ͏ ͏ ͏ ͏ ͏ ͏",3
840,"Kang, ready for the new Galaxy S25 Series? Upgrade and see what AI can do for you 🤯 Upgrade to a true AI companion today and get up to $1200+ in savings. Upgrade to a true AI companion today and get up to $1200+ in savings. Samsung Logo Display images to show real-time content Display",3
841,Now available: New Samsung Galaxy S25 Series Plus another great Deal of the Day. Andy K. | View Account View: Web BEST BUY Top Deals Outlet TVs Computers Cell Phones Appliances Samsung Galaxy S25 Series starting at $299.99 with qualifying trade-,1
842,🎉 8인분 점보사이즈 컵라면 무료 증정🎉 한정수량! 눈깜짝 품절주의💥 ͏ ͏ ͏ ͏ ͏ ͏ ͏ ͏ ͏ ͏ ͏ ͏ ͏ ͏ ͏ ͏ ͏ ͏ ͏ ͏ ͏ ͏ ͏ ͏ ͏ ͏ ͏ ͏ ͏ ͏ ͏ ͏ ͏ ͏ ͏ ͏ ͏ ͏ ͏ ͏ ͏ ͏ ͏ ͏ ͏ ͏ ͏ ͏ ͏ ͏ ͏ ͏ ͏ ͏ ͏ ͏ ͏ ͏ ͏ ͏ ͏ ͏ ͏ ͏ ͏ ͏ ͏ ͏ ͏ ͏ ͏ ͏ ͏ ͏ ͏ ͏ ͏ ͏ ͏ ͏ ͏ ͏ ͏ ͏ ͏ ͏ ͏ ͏ ͏ ͏ ͏ ͏ ͏,3
843,24-Hour Flash Sale — save on skills Great timing. Take advantage of these savings during our 24-Hour Flash Sale. ͏ ‌ ﻿ ͏ ‌ ﻿ ͏ ‌ ﻿ ͏ ‌ ﻿ ͏ ‌ ﻿ ͏ ‌ ﻿ ͏ ‌ ﻿ ͏ ‌ ﻿ ͏ ‌ ﻿ ͏ ‌ ﻿ ͏ ‌ ﻿ ͏ ‌ ﻿ ͏ ‌ ﻿ ͏ ‌ ﻿ ͏ ‌ ﻿ ͏ ‌ ﻿ ͏ ‌ ﻿ ͏ ‌ ﻿ ͏ ‌ ﻿ ͏ ‌ ﻿ ͏ ‌,1
844,"New reply to a comment on ""피들은 라이너다"" New reply to a comment on &quot;피들은 라이너다&quot; Youtube Logo @재혁황 replied to chang ahn&#39;s comment 피들은 라이너다 @재혁황 제일 좋은 방법 벤하셈 Reply If you no longer wish to receive emails about comments and replies,",3
846,Let’s Make S&T Your #1 Choice! Missouri S&amp;T Let&#39;s Make Missouri S&amp;T Your #1 Choice! Dear Andy The journey to success is rarely a straight line. Seize this moment as an opportunity to explore a path that&#39;s uniquely,3
847,Show your heart some love—20% off heart health tests There&#39;s still time to save on cardiovascular tests 💚 View in browser Quest logo Keep your heart health in the game Save 20%* on select cardiovascular tests at questhealth.com Heart Health,3
848,Miscommunications are maddening Let Grammarly help you avoid them. ‌ ‌ ‌ ‌ ‌ ‌ ‌ ‌ ‌ ‌ ‌ ‌ ‌ ‌ ‌ ‌ ‌ ‌ ‌ ‌ ‌ ‌ ‌ ‌ ‌ ‌ ‌ ‌ ‌ ‌ ‌ ‌ ‌ ‌ ‌ ‌ ‌ ‌ ‌ ‌ ‌ ‌ ‌ ‌ ‌ ‌ ‌ ‌ ‌ ‌ ‌ ‌ ‌ ‌ ‌ ‌ ‌ ‌ ‌ ‌ ‌ ‌ ‌ ‌ ‌ ‌ ‌ ‌ ‌ ‌ ‌ ‌ ‌ ‌ ‌ ‌ ‌ ‌ ‌ ‌ ‌ ‌ ‌,3
850,⚡[50%할인] 한정판 K-뷰티 발렌타인 박스💄💝 인기품절템 K-뷰티만 쏙쏙 담아 만든 한정판 발렌타인 키트를 반값에 구매할 절호의 찬스! ͏ ͏ ͏ ͏ ͏ ͏ ͏ ͏ ͏ ͏ ͏ ͏ ͏ ͏ ͏ ͏ ͏ ͏ ͏ ͏ ͏ ͏ ͏ ͏ ͏ ͏ ͏ ͏ ͏ ͏ ͏ ͏ ͏ ͏ ͏ ͏ ͏ ͏ ͏ ͏ ͏ ͏ ͏ ͏ ͏ ͏ ͏ ͏ ͏ ͏ ͏ ͏ ͏ ͏ ͏ ͏ ͏ ͏ ͏ ͏ ͏ ͏ ͏ ͏ ͏ ͏ ͏ ͏ ͏ ͏ ͏ ͏ ͏ ͏ ͏ ͏,3
851,"""MUST-KNOW for all EPFL applicants"" r/EPFL: MUST-KNOW for all EPFL applicants As an international student applying to EPFL to start my bachelor&#39;s in September 2025, I&#39;m asking any of you for help. If anyone has any must-know",3
852,[✨이번주 신상] 편의점 삼각김밥 3종🍙 갓성비 원조 참치마요부터 전주비빔밥까지 ͏ ͏ ͏ ͏ ͏ ͏ ͏ ͏ ͏ ͏ ͏ ͏ ͏ ͏ ͏ ͏ ͏ ͏ ͏ ͏ ͏ ͏ ͏ ͏ ͏ ͏ ͏ ͏ ͏ ͏ ͏ ͏ ͏ ͏ ͏ ͏ ͏ ͏ ͏ ͏ ͏ ͏ ͏ ͏ ͏ ͏ ͏ ͏ ͏ ͏ ͏ ͏ ͏ ͏ ͏ ͏ ͏ ͏ ͏ ͏ ͏ ͏ ͏ ͏ ͏ ͏ ͏ ͏ ͏ ͏ ͏ ͏ ͏ ͏ ͏ ͏ ͏ ͏ ͏ ͏ ͏ ͏ ͏ ͏ ͏ ͏ ͏ ͏ ͏ ͏,3
853,AI-powered creativity 📷 Last chance to pre-order Galaxy S25 Series Pre-order to save up to $1200+ in total savings. Pre-order to save up to $1200+ in total savings. Samsung Logo Display images to show real-time content Display images to show real-time content Display,3
854,"This course sale ends tonight Our instructors are academics, real-world experts, and more. Come see what you can learn from them. ͏ ‌ ﻿ ͏ ‌ ﻿ ͏ ‌ ﻿ ͏ ‌ ﻿ ͏ ‌ ﻿ ͏ ‌ ﻿ ͏ ‌ ﻿ ͏ ‌ ﻿ ͏ ‌ ﻿ ͏ ‌ ﻿ ͏ ‌ ﻿ ͏ ‌ ﻿ ͏ ‌ ﻿ ͏ ‌ ﻿ ͏ ‌ ﻿ ͏ ‌ ﻿ ͏ ‌ ﻿",1
855,"Mailsuite Daily Report Feb 4, 2025: 1 email sent Mailsuite Mailsuite Daily Report Feb 4, 2025 Summary (02/04/25, 7:00 AM - 02/05/25, 7:00 AM) 1 emails sent 100% were read 0% were clicked Already read (1) c++ 환경 설치 방법 링크 Feb 4, 2025 at 9:13 PM Read",3
856,Bring ideas to life right in your browser Start creating with Photoshop on the web and streamline your creative process. ‌ ‌ ‌ ‌ ‌ ‌ ‌ ‌ ‌ ‌ ‌ ‌ ‌ ‌ ‌ ‌ ‌ ‌ ‌ ‌ ‌ ‌ ‌ ‌ ‌ ‌ ‌ ‌ ‌ ‌ ‌ ‌ ‌ ‌ ‌ ‌ ‌ ‌ ‌ ‌ ‌ ‌ ‌ ‌ ‌ ‌ ‌ ‌ ‌ ‌ ‌ ‌ Go wild with,3
857,"""Admission Results for December deadline for ..."" r/EPFL: Admission Results for December deadline for masters Does anyone know when the results for master&#39;s applications (submitted by the December 15 deadline) will be released? r/EPFL · Posted by",5
858,"c++ 환경 설치 방법 링크 https://www.cs.rpi.edu/academics/courses/spring25/csci1200/wsl.php Sent with Mailsuite · Unsubscribe 02/04/25, 09:13:42 PM",1
859,"Andy, time to get social 💬 Missouri S&amp;T Get Connected. Andy, it&#39;s time to get social! Check out all of the S&amp;T social channels here. Give a like on Missouri S&amp;T Admissions /Future Students. They post helpful",3
861,"Our sale is on now. Get the very best in learning from around the world. Sale on now. When you learn with us, your goals and aspirations are always within reach. ͏ ‌ ﻿ ͏ ‌ ﻿ ͏ ‌ ﻿ ͏ ‌ ﻿ ͏ ‌ ﻿ ͏ ‌ ﻿ ͏ ‌ ﻿ ͏ ‌ ﻿ ͏ ‌ ﻿ ͏ ‌ ﻿ ͏ ‌ ﻿ ͏ ‌ ﻿ ͏ ‌ ﻿ ͏ ‌ ﻿ ͏ ‌ ﻿ ͏ ‌ ﻿ ͏ ‌ ﻿ ͏ ‌ ﻿ ͏ ‌",1
862,"탑스틱 topsticks loves your comment Youtube Logo 탑스틱 topsticks loves your comment 탑피들하면 가끔 탑갈리오가 나온다 | 탑스틱 topsticks @mocho5604 속이 시원합니다 선생님 View hearted comment If you no longer wish to receive emails about comments and replies, you can",3
863,"Best Sellers to enhance your productivity, make a scene and play to win Explore our most popular products of 2024 ͏ ‌ ͏ ‌ ͏ ‌ ͏ ‌ ͏ ‌ ͏ ‌ ͏ ‌ ͏ ‌ ͏ ‌ ͏ ‌ ͏ ‌ ͏ ‌ ͏ ‌ ͏ ‌ ͏ ‌ ͏ ‌ ͏ ‌ ͏ ‌ ͏ ‌ ͏ ‌ ͏ ‌ ͏ ‌ ͏ ‌ ͏ ‌ ͏ ‌ ͏ ‌ ͏ ‌ ͏ ‌ ͏ ‌ ͏ ‌ ͏ ‌ ͏ ‌ ͏ ‌ ͏ ‌ ͏ ‌ ͏ ‌ ͏ ‌ ͏ ‌ ͏ ‌ ͏ ‌",3
864,"""Suspended Account"" r/Instagram: Suspended Account Why is it that i got suspended and it&#39;s been 4 days and the appeal is still not being reviewed and every time i make an account it gets suspended for no reason? I",3
865,Don’t leave your heart health to chance—20% off cardiovascular tests Kick off Heart Health Awareness Month with a winning move View in browser Quest logo Play it safe with your heart Get 20% off* select cardiovascular tests at questhealth.com Heart Health Promo_Scene_1_,3
866,"The Next Step in Your Journey Starts at Mizzou Dear Andy, Your journey is just beginning! Mizzou isn&#39;t just another university – it&#39;s a place where your ambitions become reality. Our top-tier academic programs, world-class faculty, and",3
869,Instant Instagram captions 💫 Let Grammarly&#39;s AI help. ‌ ‌ ‌ ‌ ‌ ‌ ‌ ‌ ‌ ‌ ‌ ‌ ‌ ‌ ‌ ‌ ‌ ‌ ‌ ‌ ‌ ‌ ‌ ‌ ‌ ‌ ‌ ‌ ‌ ‌ ‌ ‌ ‌ ‌ ‌ ‌ ‌ ‌ ‌ ‌ ‌ ‌ ‌ ‌ ‌ ‌ ‌ ‌ ‌ ‌ ‌ ‌ ‌ ‌ ‌ ‌ ‌ ‌ ‌ ‌ ‌ ‌ ‌ ‌ ‌ ‌ ‌ ‌ ‌ ‌ ‌ ‌ ‌ ‌ ‌ ‌ ‌ ‌ ‌ ‌ ‌ ‌ ‌ ‌ ‌ ‌,3
870,Dell Tech Days has arrived! Let the customer savings begin. ﻿͏ ﻿͏ ﻿͏ ﻿͏ ﻿͏ ﻿͏ ﻿͏ ﻿͏ ﻿͏ ﻿͏ ﻿͏ ﻿͏ ﻿͏ ﻿͏ ﻿͏ ﻿͏ ﻿͏ ﻿͏ ﻿͏ ﻿͏ ﻿͏ ﻿͏ ﻿͏ ﻿͏ ﻿͏ ﻿͏ ﻿͏ ﻿͏ ﻿͏ ﻿͏ ﻿͏ ﻿͏ ﻿͏ ﻿͏ ﻿͏ ﻿͏ ﻿͏ ﻿͏ ﻿͏ ﻿͏ ﻿͏ ﻿͏ ﻿͏ ﻿͏ ﻿͏ ﻿͏ ﻿͏ ﻿͏ ﻿͏ ﻿͏ ﻿͏ ﻿͏ ﻿͏ ﻿͏ ﻿͏ ﻿͏ ﻿,3
871,🚚 마지막 알림: 당신을 기다리는 $10 쿠폰이 있으니 꼭 사용해주세요! 주문 금액이 $49 이상일 때 유효함 ͏ ͏ ͏ ͏ ͏ ͏ ͏ ͏ ͏ ͏ ͏ ͏ ͏ ͏ ͏ ͏ ͏ ͏ ͏ ͏ ͏ ͏ ͏ ͏ ͏ ͏ ͏ ͏ ͏ ͏ ͏ ͏ ͏ ͏ ͏ ͏ ͏ ͏ ͏ ͏ ͏ ͏ ͏ ͏ ͏ ͏ ͏ ͏ ͏ ͏ ͏ ͏ ͏ ͏ ͏ ͏ ͏ ͏ ͏ ͏ ͏ ͏ ͏ ͏ ͏ ͏ ͏ ͏ ͏ ͏ ͏ ͏ ͏ ͏ ͏ ͏ ͏ ͏ ͏ ͏ ͏ ͏ ͏ ͏ ͏ ͏ ͏ ͏ ͏ ͏,3
872,Google Play 주문 영수증(2025. 2. 3.) Google Play 감사합니다. Google Play의 (유)네이버웹툰에서 구매하셨습니다. 주문 번호: GPA.3345-0104-8031-40710 주문 날짜: 2025. 2. 3. 오전 5시 30분 34초 GMT-5 상품 가격 쿠키 10개 (네이버 웹툰 - Naver Webtoon) $0.99 세금: $0.00 합계: $0.99 결제 방법: Visa-,3
873,Your email productivity report is ready January 2025 Your email productivity report is ready. Check out your report Want to receive this report weekly? Switch to weekly report Turn off email productivity report alerts,3
874,"우주최강올라프 loves your comment Youtube Logo 우주최강올라프 loves your comment 반사해도 좋으니 도끼는 돌려다오.. (vs나르, 피들스틱) | 우주최강올라프 @mocho5604 탑피들 유저입니다. 저 피들은 올라프 상대할줄 모르는 피들입니다. 유성들고 피들이 E로만 견제하고 피좀 깍고 궁 점화만 써도 굶드라 전까진 올라프 몇번 꽤 잘잡는데 여진이라니 한숨이나오는군요.",3
876,"These Surprising Foods Could Be Aging You Faster Eat smarter, avoid hidden sugars, and boost your brain with these tips! ͏ ͏ ͏ ͏ ͏ ͏ ͏ ͏ ͏ ͏ ͏ ͏ ͏ ͏ ͏ ͏ ͏ ͏ ͏ ͏ ͏ ͏ ͏ ͏ ͏ ͏ ͏ ͏ ͏ ͏ ͏ ͏ ͏ ͏ ͏ ͏ ͏ ͏ ͏ ͏ ͏ ͏ ͏ ͏ ͏ ͏ ͏ ͏ ͏ ͏ ͏ ͏ ͏ ͏ ͏ ͏ ͏ ͏ ͏ ͏ ͏ ͏ ͏ ͏ ͏",3
877,"""Waitlist for second window?"" r/EPFL: Waitlist for second window? Hello everyone, I&#39;ve applied to the MSc in Data Science in the first application window (by 15th of December). I have two questions about the admission process:",3
878,"New reply to a comment on ""반사해도 좋으니 도끼는 돌려다오.. (vs나르, 피들스틱)"" New reply to a comment on &quot;반사해도 좋으니 도끼는 돌려다오.. (vs나르, 피들스틱)&quot; Youtube Logo @릎숀 replied to mo Cho&#39;s comment 반사해도 좋으니 도끼는 돌려다오.. (vs나르, 피들스틱) @릎숀 맞습니다. 여진으로 올라프 상대로 맞딜을 해보겠다는 심리가 괘씸할 따름입니다..",3
879,You'll love what we've got in store for you. Don&#39;t miss today&#39;s Deal of the Day. Andy K. | View Account View: Web BEST BUY Top Deals Outlet TVs Computers Cell Phones Appliances 4K TVs as low as $149.99. Shop now. Reference disclaimer.,1
880,🌹발렌타인데이🌹 베스트 선물 추천템 🍫고급 초콜릿부터 뷰티 및 발렌타인 디너 메뉴까지! ͏ ͏ ͏ ͏ ͏ ͏ ͏ ͏ ͏ ͏ ͏ ͏ ͏ ͏ ͏ ͏ ͏ ͏ ͏ ͏ ͏ ͏ ͏ ͏ ͏ ͏ ͏ ͏ ͏ ͏ ͏ ͏ ͏ ͏ ͏ ͏ ͏ ͏ ͏ ͏ ͏ ͏ ͏ ͏ ͏ ͏ ͏ ͏ ͏ ͏ ͏ ͏ ͏ ͏ ͏ ͏ ͏ ͏ ͏ ͏ ͏ ͏ ͏ ͏ ͏ ͏ ͏ ͏ ͏ ͏ ͏ ͏ ͏ ͏ ͏ ͏ ͏ ͏ ͏ ͏ ͏ ͏ ͏ ͏ ͏ ͏,3
881,Make two pictures into one incredible image Combine elements from multiple photos into a stunning new creation. ‌ ‌ ‌ ‌ ‌ ‌ ‌ ‌ ‌ ‌ ‌ ‌ ‌ ‌ ‌ ‌ ‌ ‌ ‌ ‌ ‌ ‌ ‌ ‌ ‌ ‌ ‌ ‌ ‌ ‌ ‌ ‌ ‌ ‌ ‌ ‌ ‌ ‌ ‌ ‌ ‌ ‌ ‌ ‌ ‌ ‌ ‌ ‌ ‌ ‌ ‌ ‌ Eye-catching combinations.,3
882,2D game project - 나 일단 심해괴물 설정좀 다듬었는데 이거 한번 봐보고 이해안되거나 ... heedo Youn replied to a comment in the following document 2D game project 1 comment 심해괴물: 옛 인류류의 문명이 한번 붕괴됬을때 생긴 바다 괴물들이다. 괴물들은 각각 다른능력들이 존재했던것으로 알려졌으며 그중 해신이라고 불리우는 존재들은 그 하나하나가 인류에겐 치명적존재다라고 알려져있다.,3
883,구매 확인 안내 말랑깽이저승사자 님 구매에 감사드립니다. 구매가 완료되었습니다. 구매상품: 1380 RP 결제금액: US$11.87 본 구매 내역에 대해 고객센터에 문의하실 경우 꼭 아래 정보를 함께 알려주세요. 일시: 2025년 2월 1일 오전 4시 54분 34초 GMT UTC 거래번호: LN5GCQ5287TW 결제수단: Credit/Debit card 거래 조건에 대한,3
884,"""Trying to catch the M1 after a lecture at 18..."" r/EPFL: Trying to catch the M1 after a lecture at 1800 You sprint out of CO, dodging lost tourists, slippery floors, and that one guy who somehow walks at 0.2 km/h. You see the M1 doors closing. You",3
885,"Please open to continue getting Best Buy offers. Don&#39;t miss out on the latest products, offers and more. Andy K. | View Account View: Web BEST BUY Top Deals Outlet TVs Computers Cell Phones Appliances Blue Shirt image Shop Now Blue Shirt image",1
886,You sent money with Zelle(R) Wells Fargo home page You sent $17.00 to Jae won Date: 01/31/2025 From account: ...5434 Confirmation: WFCT0YH5JBXY Send another payment Didn&#39;t send this money? Please contact us. Wells Fargo home,3
887,"You added a Zelle(R) recipient Wells Fargo home page You added Jae won We&#39;ll send a message to 4432516390 when you send or request money. To receive money or requests, Jae won must enroll this mobile number in Zelle®. Send or",3
888,Check THIS out: we heard you love fantastic offers! Plus another great Deal of the Day. Andy K. | View Account View: Web BEST BUY Top Deals Outlet TVs Computers Cell Phones Appliances Go bigger for the Big Game. Save with Top Deals. Shop now Computing.,1
889,"⚡[최대 50%] 새롭게 시작하는 Crazy8 핫딜 🐟 제철 방어, 김치, 떡 등 한국 인기제품들을 지금 만나보세요! ͏ ͏ ͏ ͏ ͏ ͏ ͏ ͏ ͏ ͏ ͏ ͏ ͏ ͏ ͏ ͏ ͏ ͏ ͏ ͏ ͏ ͏ ͏ ͏ ͏ ͏ ͏ ͏ ͏ ͏ ͏ ͏ ͏ ͏ ͏ ͏ ͏ ͏ ͏ ͏ ͏ ͏ ͏ ͏ ͏ ͏ ͏ ͏ ͏ ͏ ͏ ͏ ͏ ͏ ͏ ͏ ͏ ͏ ͏ ͏ ͏ ͏ ͏ ͏ ͏ ͏ ͏ ͏ ͏ ͏ ͏ ͏ ͏ ͏ ͏ ͏ ͏ ͏ ͏ ͏ ͏ ͏",3
890,"개인 계획을 구독해 성공으로 향하세요. 지금 바로 무료로 사용해 보세요. 커리어를 업그레이드할 준비가 되셨나요? 개인 계획을 통해 기술, 비즈니스, 디자인 등 11000개가 넘는 평점 TOP 강의를 이용해 보세요. ͏ ‌ ﻿ ͏ ‌ ﻿ ͏ ‌ ﻿ ͏ ‌ ﻿ ͏ ‌ ﻿ ͏ ‌ ﻿ ͏ ‌ ﻿ ͏ ‌ ﻿ ͏ ‌ ﻿ ͏ ‌ ﻿ ͏ ‌ ﻿ ͏ ‌ ﻿ ͏ ‌ ﻿ ͏ ‌ ﻿ ͏ ‌ ﻿ ͏ ‌ ﻿ ͏ ‌ ﻿ ͏ ‌ ﻿ ͏ ‌ ﻿ ͏ ‌ ﻿ ͏",3
891,"2025’s landed in VALORANT. Check out these personalized stats to get you started right. Stats get you started! 2024&#39;s done and dusted, but here&#39;s a little look back to give you some fuel for 2025. LET&#39;S GO! IT&#39;S THE YEAR OF THE SSSSSNAKE! PLAY NOW Valorant This email was",3
892,"💬 김용님이 게시물에 댓글을 남겼습니다 [스페인, 포르투칼 여행 2일차] 스페인 카톨릭의 수석성당인 &#39;톨레도... 💬 김용님이 게시물에 댓글을 남겼습니다 1월 29일 오전 8:56 보기 16명이 공감했습니다. skk126skk126@gmail.com 주소로 전송된 메시지입니다. 앞으로 Meta로부터 이와 같은 이메일을 받지 않으려면 그만 받기를 누르세요. Meta Platforms, Inc",5
893,"""Failing Course"" r/EPFL: Failing Course Coucou. Si on est dans le deuxième année de Systèmes de communication, et on pense d&#39;avoir échoué un cours optionnel (Software construction), peut-on le refaire l&#39;année",3
895,"⏰[오늘밤 종료] 최대 50% 설날맞이 Crazy 8 빅세일전 🍲풍산김치, 떡국떡, 사골곰탕 등 한국 인기제품들을 특가찬스에 구매할 마지막 찬스! ͏ ͏ ͏ ͏ ͏ ͏ ͏ ͏ ͏ ͏ ͏ ͏ ͏ ͏ ͏ ͏ ͏ ͏ ͏ ͏ ͏ ͏ ͏ ͏ ͏ ͏ ͏ ͏ ͏ ͏ ͏ ͏ ͏ ͏ ͏ ͏ ͏ ͏ ͏ ͏ ͏ ͏ ͏ ͏ ͏ ͏ ͏ ͏ ͏ ͏ ͏ ͏ ͏ ͏ ͏ ͏ ͏ ͏ ͏ ͏ ͏ ͏ ͏ ͏ ͏ ͏ ͏ ͏ ͏ ͏ ͏ ͏ ͏ ͏ ͏ ͏ ͏",1
896,⚡[최대 62%] 아이들 취향저격! 미지 꽈배기 떡볶이떡 🌈 한정판 캐치티니핑 🩷 발렌타인 초콜릿 ͏ ͏ ͏ ͏ ͏ ͏ ͏ ͏ ͏ ͏ ͏ ͏ ͏ ͏ ͏ ͏ ͏ ͏ ͏ ͏ ͏ ͏ ͏ ͏ ͏ ͏ ͏ ͏ ͏ ͏ ͏ ͏ ͏ ͏ ͏ ͏ ͏ ͏ ͏ ͏ ͏ ͏ ͏ ͏ ͏ ͏ ͏ ͏ ͏ ͏ ͏ ͏ ͏ ͏ ͏ ͏ ͏ ͏ ͏ ͏ ͏ ͏ ͏ ͏ ͏ ͏ ͏ ͏ ͏ ͏ ͏ ͏ ͏ ͏ ͏ ͏ ͏ ͏ ͏ ͏ ͏ ͏ ͏ ͏ ͏ ͏ ͏ ͏ ͏ ͏,3
897,A big win for your writing—and your focus 🙌 Reclaim lost time with Grammarly. ‌ ‌ ‌ ‌ ‌ ‌ ‌ ‌ ‌ ‌ ‌ ‌ ‌ ‌ ‌ ‌ ‌ ‌ ‌ ‌ ‌ ‌ ‌ ‌ ‌ ‌ ‌ ‌ ‌ ‌ ‌ ‌ ‌ ‌ ‌ ‌ ‌ ‌ ‌ ‌ ‌ ‌ ‌ ‌ ‌ ‌ ‌ ‌ ‌ ‌ ‌ ‌ ‌ ‌ ‌ ‌ ‌ ‌ ‌ ‌ ‌ ‌ ‌ ‌ ‌ ‌ ‌ ‌ ‌ ‌ ‌ ‌ ‌ ‌ ‌ ‌ ‌ ‌ ‌ ‌ ‌ ‌ ‌ ‌,3
898,TIME IS RUNNING OUT. Save up to $600 off right now. ﻿͏ ﻿͏ ﻿͏ ﻿͏ ﻿͏ ﻿͏ ﻿͏ ﻿͏ ﻿͏ ﻿͏ ﻿͏ ﻿͏ ﻿͏ ﻿͏ ﻿͏ ﻿͏ ﻿͏ ﻿͏ ﻿͏ ﻿͏ ﻿͏ ﻿͏ ﻿͏ ﻿͏ ﻿͏ ﻿͏ ﻿͏ ﻿͏ ﻿͏ ﻿͏ ﻿͏ ﻿͏ ﻿͏ ﻿͏ ﻿͏ ﻿͏ ﻿͏ ﻿͏ ﻿͏ ﻿͏ ﻿͏ ﻿͏ ﻿͏ ﻿͏ ﻿͏ ﻿͏ ﻿͏ ﻿͏ ﻿͏ ﻿͏ ﻿͏ ﻿͏ ﻿͏ ﻿͏ ﻿͏ ﻿͏ ﻿͏,3
899,"Meet your new AI companion, Galaxy S25 Series 🤯 Pre-order today to get max savings. Pre-order today to get max savings. Samsung Logo Display images to show real-time content Display images to show real-time content Display images to show real-time",3
900,"I think you'd thrive here, Andy. February 1: RIT&#39;s Priority Transfer App Deadline Hello Andy, Just checking in to confirm that you received my invitation to apply for transfer admission to RIT. The priority deadline to apply for",3
901,"New Dangers Lurk in Season of Discovery Phase 7, Adventurer! Discover an all-new dungeon and world event, celebrate the Lunar New Year, earn a new Twitch Drop, and more! PHASE 7 IS NOW LIVE PHASE 7 IS NOW LIVE Are you afraid of the dark, Adventurer? Play Season",3
902,기운돋우는 한끼 🥩 금주의 정육 최대 30% 단짠 양념갈비부터 겉바속촉 삼겹살구이까지 ͏ ͏ ͏ ͏ ͏ ͏ ͏ ͏ ͏ ͏ ͏ ͏ ͏ ͏ ͏ ͏ ͏ ͏ ͏ ͏ ͏ ͏ ͏ ͏ ͏ ͏ ͏ ͏ ͏ ͏ ͏ ͏ ͏ ͏ ͏ ͏ ͏ ͏ ͏ ͏ ͏ ͏ ͏ ͏ ͏ ͏ ͏ ͏ ͏ ͏ ͏ ͏ ͏ ͏ ͏ ͏ ͏ ͏ ͏ ͏ ͏ ͏ ͏ ͏ ͏ ͏ ͏ ͏ ͏ ͏ ͏ ͏ ͏ ͏ ͏ ͏ ͏ ͏ ͏ ͏ ͏ ͏ ͏ ͏ ͏ ͏ ͏ ͏ ͏,3
903,Minerva’s Regular Decision II Deadline is February 21 January News from the Minerva Community A MINERVA PUBLICATION January 2025 Apply Now Minerva&#39;s Regular Decision II Deadline is February 21 Are you excited about the opportunity to live in global,3
904,"Andy: Don't Forget! Ag Info Night at MCC-Maple Woods is Coming Up! Metropolitan Community College Agriculture Information Night: Feb. 11th 6:00 -7:30 pm Andy, We wanted to remind you that there is still time to reserve your spot at Agriculture Info Night help at Maple",5
905,🏃‍♀️오늘 할인이 끝납니다! 합리적인 비용의 강의를 만나보세요. 계속 앞서 나가기 위해서는 학습만한 것이 없습니다. 지금 할인된 강의를 듣고 새로운 것을 배워보세요. ͏ ‌ ﻿ ͏ ‌ ﻿ ͏ ‌ ﻿ ͏ ‌ ﻿ ͏ ‌ ﻿ ͏ ‌ ﻿ ͏ ‌ ﻿ ͏ ‌ ﻿ ͏ ‌ ﻿ ͏ ‌ ﻿ ͏ ‌ ﻿ ͏ ‌ ﻿ ͏ ‌ ﻿ ͏ ‌ ﻿ ͏ ‌ ﻿ ͏ ‌ ﻿ ͏ ‌ ﻿ ͏ ‌ ﻿ ͏ ‌ ﻿ ͏ ‌ ﻿ ͏ ‌ ﻿ ͏ ‌ ﻿ ͏ ‌ ﻿ ͏ ‌ ﻿,3
906,주인공들 서사 - 검토좀 @gyeongwon.youn.884@k12.friscoisd... Gyeongwon Youn replied to an action item in the following document 주인공들 서사 1 comment “옷에 피가…” “괜찮습니다” (요런 느낌 어떠삼?) (참고로 내가 생각이 든게 뭐냐면 뒤틀린 황녀니깐 반말하는건 어덯게 생각함? 메세지창에서 반말하는거 생각해두긴해서 의견묻는거긴함) mo Cho • 1:47,3
908,⚠️알림: $10 할인 쿠폰을 잊지말고 사용해주세요. 주문 금액이 $49 이상일 때 유효함 ͏ ͏ ͏ ͏ ͏ ͏ ͏ ͏ ͏ ͏ ͏ ͏ ͏ ͏ ͏ ͏ ͏ ͏ ͏ ͏ ͏ ͏ ͏ ͏ ͏ ͏ ͏ ͏ ͏ ͏ ͏ ͏ ͏ ͏ ͏ ͏ ͏ ͏ ͏ ͏ ͏ ͏ ͏ ͏ ͏ ͏ ͏ ͏ ͏ ͏ ͏ ͏ ͏ ͏ ͏ ͏ ͏ ͏ ͏ ͏ ͏ ͏ ͏ ͏ ͏ ͏ ͏ ͏ ͏ ͏ ͏ ͏ ͏ ͏ ͏ ͏ ͏ ͏ ͏ ͏ ͏ ͏ ͏ ͏ ͏ ͏ ͏ ͏ ͏ ͏,3
909,Blend two images in just a few clicks See how the Gradient tool can help you create smooth transitions between images. ‌ ‌ ‌ ‌ ‌ ‌ ‌ ‌ ‌ ‌ ‌ ‌ ‌ ‌ ‌ ‌ ‌ ‌ ‌ ‌ ‌ ‌ ‌ ‌ ‌ ‌ ‌ ‌ ‌ ‌ ‌ ‌ ‌ ‌ ‌ ‌ ‌ ‌ ‌ ‌ ‌ ‌ ‌ ‌ ‌ ‌ ‌ ‌ ‌ ‌ ‌ ‌ Connect two,3
910,탑스틱 topsticks loves your comment Youtube Logo 탑스틱 topsticks loves your comment 액시옴 + 궁사 + 악의로 27킬 날먹하는 간단한 미드피들 영상 | 탑스틱 topsticks @mocho5604 힘든게 야스오 같이 브루저들은 어느정도 딜이 핑요한데 리안드리를 가면 마나가 부족하고.. 곤란하드라고요 View hearted comment If you no,3
911,"""Examination fear"" r/EPFL: Examination fear Hi everyone, I&#39;m a MA3 DS. So for most of the classes here, I perform pretty well in the class (quizzes, homework etc). However, when it comes to final time, I always have",5
912,"2D game project New activity in the following document 2D game project 2 resolved Comments 아틀란티스 Gyeongwon Youn • 5:37 PM, Jan 26 (CST) 작은 디테일 이긴하지만 일단 이름에 약간 창의성이 부족함. 하지만 또 뭐좋은게 좋은거라고 생각하면 별거 아니긴함 (일단 보류) Gyeongwon",3
913,❄️ Plow through the season with 20% off* health insights Don&#39;t miss this opportunity to explore your health with lab tests ‌ ‌ ‌ ‌ ‌ ‌ ‌ ‌ ‌ ‌ ‌ ‌ ‌ ‌ ‌ ‌ ‌ ‌ ‌ ‌ ‌ ‌ ‌ ‌ ‌ ‌ ‌ ‌ ‌ ‌ ‌ ‌ ‌ ‌ ‌ ‌ ‌ ‌ ‌ ‌ ‌ ‌ ‌ ‌ ‌ ‌ ‌ ‌ ‌ ‌ ‌ ‌ ‌ ‌ ‌ ‌ ‌ ‌ ‌ ‌ ‌ ‌ ‌ ‌ ‌ ‌,3
914,⚡[최대 50%] 화요일만 기다렸다!🍑🥦 제철 과일 야채 할인데이→ 달콤하게 비타민 보충할 시간! ͏ ͏ ͏ ͏ ͏ ͏ ͏ ͏ ͏ ͏ ͏ ͏ ͏ ͏ ͏ ͏ ͏ ͏ ͏ ͏ ͏ ͏ ͏ ͏ ͏ ͏ ͏ ͏ ͏ ͏ ͏ ͏ ͏ ͏ ͏ ͏ ͏ ͏ ͏ ͏ ͏ ͏ ͏ ͏ ͏ ͏ ͏ ͏ ͏ ͏ ͏ ͏ ͏ ͏ ͏ ͏ ͏ ͏ ͏ ͏ ͏ ͏ ͏ ͏ ͏ ͏ ͏ ͏ ͏ ͏ ͏ ͏ ͏ ͏ ͏ ͏ ͏ ͏ ͏ ͏ ͏ ͏ ͏ ͏ ͏ ͏ ͏ ͏ ͏ ͏ ͏ ͏,3
915,"Check this out - find amazing DEALS at Best Buy... Minutes matter, act quick! Andy K. | View Account View: Web BEST BUY Top Deals Outlet TVs Computers Cell Phones Appliances 48-Hour Flash Sale. Minutes matter. Ends today. Shop now. Reference disclaimer",1
916,[열어서 할인받기] 분명 마음에 들 거에요. Udemy의 최고 강의들이 지금 할인 중입니다. 최신 스킬로 계속 앞서 나가세요. ͏ ‌ ﻿ ͏ ‌ ﻿ ͏ ‌ ﻿ ͏ ‌ ﻿ ͏ ‌ ﻿ ͏ ‌ ﻿ ͏ ‌ ﻿ ͏ ‌ ﻿ ͏ ‌ ﻿ ͏ ‌ ﻿ ͏ ‌ ﻿ ͏ ‌ ﻿ ͏ ‌ ﻿ ͏ ‌ ﻿ ͏ ‌ ﻿ ͏ ‌ ﻿ ͏ ‌ ﻿ ͏ ‌ ﻿ ͏ ‌ ﻿ ͏ ‌ ﻿ ͏ ‌ ﻿ ͏ ‌ ﻿ ͏ ‌ ﻿ ͏ ‌ ﻿ ͏ ‌ ﻿ ͏ ‌ ﻿,3
917,Adobe would like your input – please take our survey Take survey – be included in sweepstakes drawing ‌ ‌ ‌ ‌ ‌ ‌ ‌ ‌ ‌ ‌ ‌ ‌ ‌ ‌ ‌ ‌ ‌ ‌ ‌ ‌ ‌ ‌ ‌ ‌ ‌ ‌ ‌ ‌ ‌ ‌ ‌ ‌ ‌ ‌ ‌ ‌ ‌ ‌ ‌ ‌ ‌ ‌ ‌ ‌ ‌ ‌ ‌ ‌ ‌ ‌ ‌ ‌ Your feedback is important to us Adobe is,5
918,Dead Frontier 2: Slithering In The Shadows Has Begun! Dead Frontier 2 SLITHERING IN THE SHADOWS HAS BEGUN! Celebrate Lunar New Year with us! Starting RIGHT NOW and continuing until February 16th: Take on the fearsome Gold and Silver Serpents! Find the,3
919,게임 디자인 기반의 새로운 강의 이 새로운 강의로 능력을 키우세요. ͏‌ ͏‌ ͏‌ ͏‌ ͏‌ ͏‌ ͏‌ ͏‌ ͏‌ ͏‌ ͏‌ ͏‌ ͏‌ ͏‌ ͏‌ ͏‌ ͏‌ ͏‌ ͏‌ ͏‌ ͏‌ ͏‌ ͏‌ ͏‌ ͏‌ ͏‌ ͏‌ ͏‌ ͏‌ ͏‌ ͏‌ ͏‌ ͏‌ ͏‌ ͏‌ ͏‌ ͏‌ ͏‌ ͏‌ ͏‌ ͏‌ ͏‌ ͏‌ ͏‌ ͏‌ ͏‌ ͏‌ ͏‌ ͏‌ ͏‌ ͏‌ ͏‌ ͏‌ ͏‌ ͏‌ ͏‌ ͏‌ ͏‌ ͏‌ ͏‌,3
920,"Windows 10 support ends on October 14, 2025. Refresh to Windows 11 now. View in Browser Dell Technologies Dell Technologies View Products Call Now Live Chat View Products Call Now Live Chat Dell Technologies recommends Windows 11 Pro for business",3
921,"2D game project - 이 부분도 알아서 컷 하겠음 heedo Youn added a comment to the following document 2D game project 1 comment 괴물의 재생능력을 가진 왕비가 죽는게 말이 안된다고 생각한 의료진들은 아이를 보자마자 그 이유를 알게되었다 heedo Youn • 11:38 PM, Jan 27 (CST) New 이 부분도 알아서 컷 하겠음 Open",3
922,✨ Unveil your stats + 50% off any Pro plan! Your writing is growing more polished by the day. ‌ ‌ ‌ ‌ ‌ ‌ ‌ ‌ ‌ ‌ ‌ ‌ ‌ ‌ ‌ ‌ ‌ ‌ ‌ ‌ ‌ ‌ ‌ ‌ ‌ ‌ ‌ ‌ ‌ ‌ ‌ ‌ ‌ ‌ ‌ ‌ ‌ ‌ ‌ ‌ ‌ ‌ ‌ ‌ ‌ ‌ ‌ ‌ ‌ ‌ ‌ ‌ ‌ ‌ ‌ ‌ ‌ ‌ ‌ ‌ ‌ ‌ ‌ ‌ ‌ ‌ ‌ ‌ ‌ ‌ ‌ ‌ ‌ ‌ ‌ ‌,3
923,"주인공들 서사 - 루이는 누구인가요 Gyeongwon Youn resolved a comment in the following document 주인공들 서사 1 resolved Comments 로이 mo Cho • 3:20 PM, Jan 27 (CST) 루이는 누구인가요 Gyeongwon Youn • 3:20 PM, Jan 27 (CST) New Marked as resolved Open",3
924,"Return to Azeroth with a Great Deal and Rewards, Adventurer! Get access to multiple games and add seven companions to your collection with a 12-Month World of Warcraft Subscription. SEE WHAT&#39;S NEW IN AZEROTH Your World of Warcraft® character misses you,",1
925,"Better act fast Plus a new Deal of the Day today, and every day. Andy K. | View Account View: Web BEST BUY Top Deals Outlet TVs Computers Cell Phones Appliances 48-Hour Flash Sale. Minutes matter. Ends Tuesday. Shop",1
926,"2D game project - 예? 아니 여기는 어떻게 된 건지 잘 모르겠음 다시 읽어볼게 ㅋㅋㅋ Gyeongwon Youn resolved a comment in the following document 2D game project 1 resolved Comments 명예퇴직으로 공작 지위를 얻게되었다. Gyeongwon Youn • 7:41 PM, Jan 26 (CST) 예? 아니 여기는 어떻게 된 건지 잘 모르겠음 다시 읽어볼게 ㅋㅋㅋ mo Cho",3
927,Miss having a writing assistant by your side? ✍️ Let&#39;s write together again. ‌ ‌ ‌ ‌ ‌ ‌ ‌ ‌ ‌ ‌ ‌ ‌ ‌ ‌ ‌ ‌ ‌ ‌ ‌ ‌ ‌ ‌ ‌ ‌ ‌ ‌ ‌ ‌ ‌ ‌ ‌ ‌ ‌ ‌ ‌ ‌ ‌ ‌ ‌ ‌ ‌ ‌ ‌ ‌ ‌ ‌ ‌ ‌ ‌ ‌ ‌ ‌ ‌ ‌ ‌ ‌ ‌ ‌ ‌ ‌ ‌ ‌ ‌ ‌ ‌ ‌ ‌ ‌ ‌ ‌ ‌ ‌ ‌ ‌ ‌ ‌ ‌ ‌ ‌ ‌ ‌ ‌ ‌ ‌ ‌,3
928,야야야야야야야야ㅑ야야야야야ㅑ 두동아 내가 쉐어한 주인공들 서사 공주 서사 밑에 좀 봐줘 야야야야야야야야ㅑ야야야야야ㅑ 두동아 내가 쉐어한 주인공들 서사 공주 서사 밑에 좀 봐줘 야야야야야야야야ㅑ야야야야야ㅑ 두동아 내가 쉐어한 주인공들 서사 공주 서사 밑에 좀 봐줘 야야야야야야야야ㅑ야야야야야ㅑ 두동아 내가 쉐어한 주인공들 서사 공주 서사 밑에 좀 봐줘 야야야야야야야야ㅑ야야야야야ㅑ 두동아 내가 쉐어한 주인공들 서사 공주 서사 밑에 좀 봐줘 야야야야,3
930,"2D game project New activity in the following document 2D game project 1 comment 친위병들이 왕실로 돌아와 Gyeongwon Youn • 8:49 AM, Jan 27 (CST) New 돌아 오는거 말고, 남아있던 몇몇 친위병들이 저지하려고 했다는게 더 괜찮지 않을까? 그리고 아무리 습격이 있다고 해도 심해에 있던 애들이",3
931,"Mailsuite Daily Report Jan 26, 2025: 2 emails sent Mailsuite Mailsuite Daily Report Jan 26, 2025 Summary (01/26/25, 7:00 AM - 01/27/25, 7:00 AM) 2 emails sent 100% were read 0% were clicked Already read (2) Andy Kang Jan 26, 2025 at 5:29 PM Read twice",3
932,"Document shared with you: ""주인공들 서사"" Gyeongwon Youn shared a document Gyeongwon Youn (gyeongwon.youn.884@k12.friscoisd.org) has invited you to edit the following document: 주인공들 서사 Open If you don&#39;t want to receive files from this",4
933,Re: 연습 시험지+해답 ────────── Taeghyun Kang is inviting you to a scheduled Zoom meeting. Join Zoom Meeting https://ucmo.zoom.us/j/96512758054?pwd=Sjd0UGpOcjh2NUVxT3pPemdGMjlvQT09 Meeting ID: 965 1275 8054 Passcode:,4
934,"2D game project New activity in the following document 2D game project 2 comments 디센더스에 지원자들은 안좋은 인식에도 꽤 사람들이 지원했다. 힘을 원한자, 복수를 원한자등등 자신의 야욕 혹은 복수를 위해 지원한사람들도있지만 돈을 위해 자식을 판 자들도 있다. 자식을 판 부모는 막대한 돈을 얻어 자신들의 생계를 꾸렸다.",3
935,"연습 시험지+해답 Sent with Mailsuite · Unsubscribe 01/26/25, 08:33:16 PM",1
936,"2D game project New activity in the following document 2D game project 10 comments 아틀란티스 Gyeongwon Youn • 5:37 PM, Jan 26 (CST) New 작은 디테일 이긴하지만 일단 이름에 약간 창의성이 부족함. 하지만 또 뭐좋은게 좋은거라고 생각하면 별거 아니긴함 (일단 보류) ReplyOpen 물을",3
937,January news: Work out with the legendary Jane Fonda Have fun while crushing your fitness and wellness goals. ‌ ‌ ‌ ‌ ‌ ‌ ‌ ‌ ‌ ‌ ‌ ‌ ‌ ‌ ‌ ‌ ‌ ‌ ‌ ‌ ‌ ‌ ‌ ‌ ‌ ‌ ‌ ‌ ‌ ‌ ‌ ‌ ‌ ‌ ‌ ‌ ‌ ‌ ‌ ‌ ‌ ‌ ‌ ‌ ‌ ‌ ‌ ‌ ‌ ‌ ‌ ‌ ‌ ‌ ‌ ‌ ‌ ‌ ‌ ‌ ‌ ‌ ‌ ‌ ‌ ‌ ‌ ‌ ‌ ‌ ‌ ‌,3
938,"Andy Kang https://github.com/jidongxiao/CSCI1200-DataStructures/tree/master/lectures/05_pointers Sent with Mailsuite · Unsubscribe 01/26/25, 05:29:26 PM",1
939,Weee! 추천 이번주 특가템 최대 50% 생활비 부담 확 ⬇️ 물가안정 세일전🛒 ͏ ͏ ͏ ͏ ͏ ͏ ͏ ͏ ͏ ͏ ͏ ͏ ͏ ͏ ͏ ͏ ͏ ͏ ͏ ͏ ͏ ͏ ͏ ͏ ͏ ͏ ͏ ͏ ͏ ͏ ͏ ͏ ͏ ͏ ͏ ͏ ͏ ͏ ͏ ͏ ͏ ͏ ͏ ͏ ͏ ͏ ͏ ͏ ͏ ͏ ͏ ͏ ͏ ͏ ͏ ͏ ͏ ͏ ͏ ͏ ͏ ͏ ͏ ͏ ͏ ͏ ͏ ͏ ͏ ͏ ͏ ͏ ͏ ͏ ͏ ͏ ͏ ͏ ͏ ͏ ͏ ͏ ͏ ͏ ͏ ͏ ͏ ͏ ͏ ͏,1
940,Is Caffeine Draining Your Energy & Focus? 🪫 Clean energy alternatives + productivity tips inside! ͏ ͏ ͏ ͏ ͏ ͏ ͏ ͏ ͏ ͏ ͏ ͏ ͏ ͏ ͏ ͏ ͏ ͏ ͏ ͏ ͏ ͏ ͏ ͏ ͏ ͏ ͏ ͏ ͏ ͏ ͏ ͏ ͏ ͏ ͏ ͏ ͏ ͏ ͏ ͏ ͏ ͏ ͏ ͏ ͏ ͏ ͏ ͏ ͏ ͏ ͏ ͏ ͏ ͏ ͏ ͏ ͏ ͏ ͏ ͏ ͏ ͏ ͏ ͏ ͏ ͏ ͏ ͏ ͏ ͏ ͏ ͏ ͏ ͏,3
941,"AndyKang 님, 이 맞춤형 강의 모음을 확인해 보세요 🔎 커리어를 성장시켜 목표를 달성할 수 있는 새로운 스킬을 발견하세요. ͏ ‌ ﻿ ͏ ‌ ﻿ ͏ ‌ ﻿ ͏ ‌ ﻿ ͏ ‌ ﻿ ͏ ‌ ﻿ ͏ ‌ ﻿ ͏ ‌ ﻿ ͏ ‌ ﻿ ͏ ‌ ﻿ ͏ ‌ ﻿ ͏ ‌ ﻿ ͏ ‌ ﻿ ͏ ‌ ﻿ ͏ ‌ ﻿ ͏ ‌ ﻿ ͏ ‌ ﻿ ͏ ‌ ﻿ ͏ ‌ ﻿ ͏ ‌ ﻿ ͏ ‌ ﻿ ͏ ‌ ﻿ ͏ ‌ ﻿ ͏ ‌ ﻿ ͏ ‌ ﻿ ͏ ‌ ﻿ ͏ ‌ ﻿",3
942,"Happy Birthday To You from RPI! We hope your birthday is the beginning of an amazing year! View in browser RPI Logo Andy, enjoy your special day! Best wishes for a great year. From your friends in the RPI Office of Alumni Engagement",3
943,"🍲설날 상차림 한큐에 준비! 떡국부터 갈비, 전까지 ͏ ͏ ͏ ͏ ͏ ͏ ͏ ͏ ͏ ͏ ͏ ͏ ͏ ͏ ͏ ͏ ͏ ͏ ͏ ͏ ͏ ͏ ͏ ͏ ͏ ͏ ͏ ͏ ͏ ͏ ͏ ͏ ͏ ͏ ͏ ͏ ͏ ͏ ͏ ͏ ͏ ͏ ͏ ͏ ͏ ͏ ͏ ͏ ͏ ͏ ͏ ͏ ͏ ͏ ͏ ͏ ͏ ͏ ͏ ͏ ͏ ͏ ͏ ͏ ͏ ͏ ͏ ͏ ͏ ͏ ͏ ͏ ͏ ͏ ͏ ͏ ͏ ͏ ͏ ͏ ͏ ͏ ͏ ͏ ͏ ͏ ͏ ͏ ͏ ͏ ͏ ͏ ͏ ͏",3
944,"mo님, Dropbox 계정을 활용하지 않고 계시네요. 내 계정 보기 �‌�‌�‌�‌�‌�‌�‌�‌�‌�‌�‌�‌�‌��‌�‌�‌�‌�‌�‌�‌�‌�‌�‌�‌�‌�‌��‌�‌�‌�‌�‌�‌�‌�‌�‌�‌��‌�‌�‌�‌�‌�‌�‌�‌�‌�‌��‌�‌�‌�‌�‌�‌�‌�‌�‌�‌��‌�‌�‌�‌�‌�‌�‌�‌�‌�‌��‌�‌�‌�‌�‌�‌�‌�‌�‌�‌��‌�‌�‌�‌�‌�‌�‌�‌�‌�‌��‌�‌�‌�‌�‌�‌�",3
945,Get in the action. Shop 4K TVs as low as $149.99. Don&#39;t miss today&#39;s Deal of the Day. Andy K. | View Account View: Web BEST BUY Top Deals Outlet TVs Computers Cell Phones Appliances 4K TVs as low as $149.99. Shop now. Reference disclaimer.,1
946,Make composite portraits that wow Learn how to weave a pattern with a photo to create ultra-stylish artwork. ‌ ‌ ‌ ‌ ‌ ‌ ‌ ‌ ‌ ‌ ‌ ‌ ‌ ‌ ‌ ‌ ‌ ‌ ‌ ‌ ‌ ‌ ‌ ‌ ‌ ‌ ‌ ‌ ‌ ‌ ‌ ‌ ‌ ‌ ‌ ‌ ‌ ‌ ‌ ‌ ‌ ‌ ‌ ‌ ‌ ‌ ‌ ‌ ‌ ‌ ‌ ‌ Craft cool fusion.,3
947,탑스틱 topsticks loves your comment Youtube Logo 탑스틱 topsticks loves your comment 에.... 오랜만입니다 | 탑스틱 topsticks @mocho5604 일단 이번시즌은 탑보단 정글피들이 더 떡상한거 같습니다. 엑시움이 좋긴하다만 마순팔을 들어야지 라인전이 되게 쉬워지는데 그럼 엑시움 효과를 못받아서 피들벨류가 꽤 안좋아지드라고요. View hearted,3
948,전라도 특산물 전제품 빅 세일전 💥 맛의 고장 전라남도의 인기 농 수산물 축제! ͏ ͏ ͏ ͏ ͏ ͏ ͏ ͏ ͏ ͏ ͏ ͏ ͏ ͏ ͏ ͏ ͏ ͏ ͏ ͏ ͏ ͏ ͏ ͏ ͏ ͏ ͏ ͏ ͏ ͏ ͏ ͏ ͏ ͏ ͏ ͏ ͏ ͏ ͏ ͏ ͏ ͏ ͏ ͏ ͏ ͏ ͏ ͏ ͏ ͏ ͏ ͏ ͏ ͏ ͏ ͏ ͏ ͏ ͏ ͏ ͏ ͏ ͏ ͏ ͏ ͏ ͏ ͏ ͏ ͏ ͏ ͏ ͏ ͏ ͏ ͏ ͏ ͏ ͏ ͏ ͏ ͏ ͏ ͏ ͏ ͏ ͏ ͏,3
949,Dead Frontier 2: Slithering In The Shadows Dead Frontier 2 SLITHERING IN THE SHADOWS (Coming soon!) Celebrate Lunar New Year with us! Starting on January 28th and continuing until February 16th: Take on the fearsome Gold and Silver Serpents!,3
950,"Come Celebrate With Us, Adventurer! Save the date for the Warcraft World Tour, explore upcoming game updates, get ready for the Plunderstorm Creator Royale, and more! JOIN US FOR THE WORLD TOUR JOIN US FOR THE WORLD TOUR The 30th",3
951,Get to the bottom of your winter blues with 20% off* Lab tests may help explain what&#39;s behind your winter fatigue ‌ ‌ ‌ ‌ ‌ ‌ ‌ ‌ ‌ ‌ ‌ ‌ ‌ ‌ ‌ ‌ ‌ ‌ ‌ ‌ ‌ ‌ ‌ ‌ ‌ ‌ ‌ ‌ ‌ ‌ ‌ ‌ ‌ ‌ ‌ ‌ ‌ ‌ ‌ ‌ ‌ ‌ ‌ ‌ ‌ ‌ ‌ ‌ ‌ ‌ ‌ ‌ ‌ ‌ ‌ ‌ ‌ ‌ ‌ ‌ ‌ ‌ ‌ ‌ ‌ ‌ ‌ ‌,3
952,The easiest way to create videos you’ll love Create scroll-stopping videos then share directly from Canva ͏ ‌ ﻿ ͏ ‌ ﻿ ͏ ‌ ﻿ ͏ ‌ ﻿ ͏ ‌ ﻿ ͏ ‌ ﻿ ͏ ‌ ﻿ ͏ ‌ ﻿ ͏ ‌ ﻿ ͏ ‌ ﻿ ͏ ‌ ﻿ ͏ ‌ ﻿ ͏ ‌ ﻿ ͏ ‌ ﻿ ͏ ‌ ﻿ ͏ ‌ ﻿ ͏ ‌ ﻿ ͏ ‌ ﻿ ͏ ‌ ﻿ ͏ ‌ ﻿ ͏ ‌ ﻿ ͏ ‌ ﻿ ͏ ‌ ﻿ ͏,3
953,🎉 설날맞이 무료증정 이벤트🎉 한정수량 🔴다이어트 곤약젤리박스부터 와플케익까지 ͏ ͏ ͏ ͏ ͏ ͏ ͏ ͏ ͏ ͏ ͏ ͏ ͏ ͏ ͏ ͏ ͏ ͏ ͏ ͏ ͏ ͏ ͏ ͏ ͏ ͏ ͏ ͏ ͏ ͏ ͏ ͏ ͏ ͏ ͏ ͏ ͏ ͏ ͏ ͏ ͏ ͏ ͏ ͏ ͏ ͏ ͏ ͏ ͏ ͏ ͏ ͏ ͏ ͏ ͏ ͏ ͏ ͏ ͏ ͏ ͏ ͏ ͏ ͏ ͏ ͏ ͏ ͏ ͏ ͏ ͏ ͏ ͏ ͏ ͏ ͏ ͏ ͏ ͏ ͏ ͏ ͏ ͏ ͏ ͏ ͏ ͏ ͏ ͏ ͏,1
954,"Fraud & Scam News: What to watch for Learn about the latest scams targeting customers like you. Learn about the latest scams targeting customers like you. Wells Fargo home page – Issue #1, Winter 2025 – The Fraud &amp; Scam Alert is your",3
955,세계 교육의 날입니다! 지금 강의 할인 중 배움을 통해 잠재력을 키우세요. 오늘 할인 종료. ͏ ‌ ﻿ ͏ ‌ ﻿ ͏ ‌ ﻿ ͏ ‌ ﻿ ͏ ‌ ﻿ ͏ ‌ ﻿ ͏ ‌ ﻿ ͏ ‌ ﻿ ͏ ‌ ﻿ ͏ ‌ ﻿ ͏ ‌ ﻿ ͏ ‌ ﻿ ͏ ‌ ﻿ ͏ ‌ ﻿ ͏ ‌ ﻿ ͏ ‌ ﻿ ͏ ‌ ﻿ ͏ ‌ ﻿ ͏ ‌ ﻿ ͏ ‌ ﻿ ͏ ‌ ﻿ ͏ ‌ ﻿ ͏ ‌ ﻿ ͏ ‌ ﻿ ͏ ‌ ﻿ ͏ ‌ ﻿ ͏ ‌ ﻿ ͏ ‌ ﻿ ͏ ‌ ﻿,3
956,⭐️ 알림: $10 할인 쿠폰을 사용하세요. 주문 금액이 $49 이상일 때 유효함 ͏ ͏ ͏ ͏ ͏ ͏ ͏ ͏ ͏ ͏ ͏ ͏ ͏ ͏ ͏ ͏ ͏ ͏ ͏ ͏ ͏ ͏ ͏ ͏ ͏ ͏ ͏ ͏ ͏ ͏ ͏ ͏ ͏ ͏ ͏ ͏ ͏ ͏ ͏ ͏ ͏ ͏ ͏ ͏ ͏ ͏ ͏ ͏ ͏ ͏ ͏ ͏ ͏ ͏ ͏ ͏ ͏ ͏ ͏ ͏ ͏ ͏ ͏ ͏ ͏ ͏ ͏ ͏ ͏ ͏ ͏ ͏ ͏ ͏ ͏ ͏ ͏ ͏ ͏ ͏ ͏ ͏ ͏ ͏ ͏ ͏ ͏ ͏ ͏ ͏,3
957,"⚡[최대 50%] 설날맞이 Crazy8 초특가전 🍲풍산김치, 떡국떡, 사골곰탕 등 설날상차림 빅세일전 ͏ ͏ ͏ ͏ ͏ ͏ ͏ ͏ ͏ ͏ ͏ ͏ ͏ ͏ ͏ ͏ ͏ ͏ ͏ ͏ ͏ ͏ ͏ ͏ ͏ ͏ ͏ ͏ ͏ ͏ ͏ ͏ ͏ ͏ ͏ ͏ ͏ ͏ ͏ ͏ ͏ ͏ ͏ ͏ ͏ ͏ ͏ ͏ ͏ ͏ ͏ ͏ ͏ ͏ ͏ ͏ ͏ ͏ ͏ ͏ ͏ ͏ ͏ ͏ ͏ ͏ ͏ ͏ ͏ ͏ ͏ ͏ ͏ ͏ ͏ ͏ ͏ ͏ ͏ ͏ ͏ ͏ ͏ ͏ ͏ ͏",1
958,Toy trends: Don't miss playtime picks at DisneyStore.com From the best building sets to the softest plush ͏‌ ͏‌ ͏‌ ͏‌ ͏‌ ͏‌ ͏‌ ͏‌ ͏‌ ͏‌ ͏‌ ͏‌ ͏‌ ͏‌ ͏‌ ͏‌ ͏‌ ͏‌ ͏‌ ͏‌ ͏‌ ͏‌ ͏‌ ͏‌ ͏‌ ͏‌ ͏‌ ͏‌ ͏‌ ͏‌ ͏‌ ͏‌ ͏‌ ͏‌ ͏‌ ͏‌ ͏‌ ͏‌ ͏‌ ͏‌ ͏‌ ͏‌ ͏‌ ͏‌ ͏‌ ͏‌ ͏‌ ͏‌ ͏‌ ͏‌ ͏‌,3
959,"Ready to claim your place, Andy? Hello Andy, We know you&#39;re thinking about what comes next. And at RIT, we&#39;re thinking about your future as much as you are. Here, transfer students can expect unmatched preparation for the",3
960,"Kang, upgrade to the new Galaxy S25 Series Pre-order the newest Galaxy AI phone. Pre-order the newest Galaxy AI phone. Samsung Logo Display images to show real-time content Display images to show real-time content Display images to show real-",3
961,"""ADMISSION BACHELOR"" r/EPFL: ADMISSION BACHELOR Svp j ai pas compris il faut mettre quoi ici(je suis élève en terminale ).Est ces qu il faut mettre les activités extra scolaires associations …? r/EPFL · Posted by u/",3
962,"Pre-order now: New Samsung Galaxy S25 Series. Plus, check out Member Deals Days happening now Andy K. | View Account View: Web BEST BUY Top Deals Outlet TVs Computers Cell Phones Appliances New Samsung Galaxy S25 Series starting at $299.99 with",1
964,"Hit the Battleground in Style with Dodge and Mystical Powers! A new era of excitement has arrived in PUBG MOBILE&#39;s Version 3.6 Update! From legendary muscle cars to mystical powers and festive celebrations, this update is packed with incredible content to",3
965,오늘 할인 종료 ㅡ 지금 구매하세요 아직 최고의 투자는 이뤄지지 않았어요. 오늘 밤이 끝나기 전에 할인 혜택을 누리세요. ͏ ‌ ﻿ ͏ ‌ ﻿ ͏ ‌ ﻿ ͏ ‌ ﻿ ͏ ‌ ﻿ ͏ ‌ ﻿ ͏ ‌ ﻿ ͏ ‌ ﻿ ͏ ‌ ﻿ ͏ ‌ ﻿ ͏ ‌ ﻿ ͏ ‌ ﻿ ͏ ‌ ﻿ ͏ ‌ ﻿ ͏ ‌ ﻿ ͏ ‌ ﻿ ͏ ‌ ﻿ ͏ ‌ ﻿ ͏ ‌ ﻿ ͏ ‌ ﻿ ͏ ‌ ﻿ ͏ ‌ ﻿ ͏ ‌ ﻿ ͏ ‌ ﻿ ͏ ‌ ﻿ ͏ ‌,1
966,C++ Data Structures & Algorithms + LEETCODE Exercises 강의로 계속 정진하세요! 다음 강의 시작하기 ͏‌ ͏‌ ͏‌ ͏‌ ͏‌ ͏‌ ͏‌ ͏‌ ͏‌ ͏‌ ͏‌ ͏‌ ͏‌ ͏‌ ͏‌ ͏‌ ͏‌ ͏‌ ͏‌ ͏‌ ͏‌ ͏‌ ͏‌ ͏‌ ͏‌ ͏‌ ͏‌ ͏‌ ͏‌ ͏‌ ͏‌ ͏‌ ͏‌ ͏‌ ͏‌ ͏‌ ͏‌ ͏‌ ͏‌ ͏‌ ͏‌ ͏‌ ͏‌ ͏‌ ͏‌ ͏‌ ͏‌ ͏‌ ͏‌ ͏‌ ͏‌ ͏‌ ͏‌ ͏‌ ͏‌ ͏‌ ͏‌ ͏‌ ͏‌ ͏‌ ͏‌ ͏‌ ͏‌,3
967,"[💰포인트적립데이] 가장 많이 판매된 지난주 TOP50🏆 찰떡국떡, 농협 풍산김치, 삼겹살 등 한국 고객님들에게 많이 팔린 베스트 제품을 지금 확인해보세요. ͏ ͏ ͏ ͏ ͏ ͏ ͏ ͏ ͏ ͏ ͏ ͏ ͏ ͏ ͏ ͏ ͏ ͏ ͏ ͏ ͏ ͏ ͏ ͏ ͏ ͏ ͏ ͏ ͏ ͏ ͏ ͏ ͏ ͏ ͏ ͏ ͏ ͏ ͏ ͏ ͏ ͏ ͏ ͏ ͏ ͏ ͏ ͏ ͏ ͏ ͏ ͏ ͏ ͏ ͏ ͏ ͏ ͏ ͏ ͏ ͏ ͏ ͏ ͏ ͏ ͏ ͏ ͏ ͏ ͏ ͏ ͏ ͏",3
968,✨Trending asian products near you See what is flying off the shelves in your area ͏ ͏ ͏ ͏ ͏ ͏ ͏ ͏ ͏ ͏ ͏ ͏ ͏ ͏ ͏ ͏ ͏ ͏ ͏ ͏ ͏ ͏ ͏ ͏ ͏ ͏ ͏ ͏ ͏ ͏ ͏ ͏ ͏ ͏ ͏ ͏ ͏ ͏ ͏ ͏ ͏ ͏ ͏ ͏ ͏ ͏ ͏ ͏ ͏ ͏ ͏ ͏ ͏ ͏ ͏ ͏ ͏ ͏ ͏ ͏ ͏ ͏ ͏ ͏ ͏ ͏ ͏ ͏ ͏ ͏ ͏ ͏ ͏ ͏ ͏ ͏ ͏,3
969,Add drama with the Sky Replacement feature Learn how to use Sky Replacement to give your photos a whole new look and feel. ‌ ‌ ‌ ‌ ‌ ‌ ‌ ‌ ‌ ‌ ‌ ‌ ‌ ‌ ‌ ‌ ‌ ‌ ‌ ‌ ‌ ‌ ‌ ‌ ‌ ‌ ‌ ‌ ‌ ‌ ‌ ‌ ‌ ‌ ‌ ‌ ‌ ‌ ‌ ‌ ‌ ‌ ‌ ‌ ‌ ‌ ‌ ‌ ‌ ‌ ‌ ‌ New skies ahead.,3
970,[인프런] [사전공지] 통합서비스 이용약관 및 개인정보 처리방침 개정 안내 [사전공지] 통합서비스 이용약관 및 개인정보 처리방침 개정 안내 2025-01-22 안녕하세요 인프런 운영팀입니다. 인프런을 이용해 주시는 여러분께 늘 감사드립니다. 2025년 2월 20일부터 인프런의 통합서비스 이용약관 및 개인정보 처리방침이 아래와 같이 개정될 예정이니 이용에 참고하여 주시기 바랍니다. ◾개정 사유 - 서비스 내에서 새로운 서비스 및 기능,4
971,"""Introduction to AM Exam"" r/EPFL: Introduction to AM Exam Hey everyone! Does anyone have any references on the exam of Intro to AM Master Course? It&#39;s open book but still a bit nervous for it r/EPFL · Posted by u/mexahola",3
973,"Open for an amazing offer Shop TV&#39;s, wellness tech and more! Andy K. | View Account View: Web BEST BUY Top Deals Outlet TVs Computers Cell Phones Appliances Hello, Deals. Savings mode: On. Shop now. Reference disclaimer.",1
974,Don't blame the symptoms on the season—get 20% off* Low energy might not be seasonal — get health insights from lab tests ‌ ‌ ‌ ‌ ‌ ‌ ‌ ‌ ‌ ‌ ‌ ‌ ‌ ‌ ‌ ‌ ‌ ‌ ‌ ‌ ‌ ‌ ‌ ‌ ‌ ‌ ‌ ‌ ‌ ‌ ‌ ‌ ‌ ‌ ‌ ‌ ‌ ‌ ‌ ‌ ‌ ‌ ‌ ‌ ‌ ‌ ‌ ‌ ‌ ‌ ‌ ‌ ‌ ‌ ‌ ‌ ‌ ‌ ‌ ‌ ‌ ‌ ‌ ‌ ‌ ‌,3
975,Last chance ⏰ to save on the next Galaxy AI phone Reserve today! Reserve today! Samsung Logo Display images to show real-time content Display images to show real-time content Display images to show real-time content Display images to show real-time,3
976,나에게 투자하세요. 강의가 할인 중입니다. 나에게 꾸준히 투자한다면 지금이 바로 기회에요! 최신 강의를 할인된 가격으로 들어보세요. ͏ ‌ ﻿ ͏ ‌ ﻿ ͏ ‌ ﻿ ͏ ‌ ﻿ ͏ ‌ ﻿ ͏ ‌ ﻿ ͏ ‌ ﻿ ͏ ‌ ﻿ ͏ ‌ ﻿ ͏ ‌ ﻿ ͏ ‌ ﻿ ͏ ‌ ﻿ ͏ ‌ ﻿ ͏ ‌ ﻿ ͏ ‌ ﻿ ͏ ‌ ﻿ ͏ ‌ ﻿ ͏ ‌ ﻿ ͏ ‌ ﻿ ͏ ‌ ﻿ ͏ ‌ ﻿ ͏ ‌ ﻿ ͏ ‌ ﻿ ͏ ‌ ﻿ ͏ ‌ ﻿ ͏,3
977,"[Notice] Expiration of UW computing services for UW NetID ""akang297"" From the UW-IT Service Center Some computing and network services that are associated with the following UW NetID will expire due to a change in your affiliation or group membership with the University",3
978,Lunar New Year Delivery Update Please read carefully to ensure your best shopping experience during LNY ͏ ͏ ͏ ͏ ͏ ͏ ͏ ͏ ͏ ͏ ͏ ͏ ͏ ͏ ͏ ͏ ͏ ͏ ͏ ͏ ͏ ͏ ͏ ͏ ͏ ͏ ͏ ͏ ͏ ͏ ͏ ͏ ͏ ͏ ͏ ͏ ͏ ͏ ͏ ͏ ͏ ͏ ͏ ͏ ͏ ͏ ͏ ͏ ͏ ͏ ͏ ͏ ͏ ͏ ͏ ͏ ͏ ͏ ͏ ͏ ͏ ͏ ͏ ͏,1
979,10 telltale signs of a fake giveaway on social media Learn how to spot fake giveaways like a pro Avast Software View in browser The Download Your monthly security news Check out the latest security news and tips from Avast 10 signs of a fake giveaway,3
980,"After today, this will disappear! Ready, set... 4-Day SALE Plus a new Deal of the Day for you! Andy K. | View Account View: Web BEST BUY Top Deals Outlet TVs Computers Cell Phones Appliances 4-Day Sale. Save on TVs, small appliances, computers and more. Ends",1
982,"🍓Taste the difference of our fresh fruits Rare, unique and delivered to your door! ͏ ͏ ͏ ͏ ͏ ͏ ͏ ͏ ͏ ͏ ͏ ͏ ͏ ͏ ͏ ͏ ͏ ͏ ͏ ͏ ͏ ͏ ͏ ͏ ͏ ͏ ͏ ͏ ͏ ͏ ͏ ͏ ͏ ͏ ͏ ͏ ͏ ͏ ͏ ͏ ͏ ͏ ͏ ͏ ͏ ͏ ͏ ͏ ͏ ͏ ͏ ͏ ͏ ͏ ͏ ͏ ͏ ͏ ͏ ͏ ͏ ͏ ͏ ͏ ͏ ͏ ͏ ͏ ͏ ͏ ͏ ͏ ͏ ͏ ͏ ͏ ͏ ͏ ͏ ͏",3
983,Mix together images for galactic results Learn how to use layer masks to merge two images into a composite. ‌ ‌ ‌ ‌ ‌ ‌ ‌ ‌ ‌ ‌ ‌ ‌ ‌ ‌ ‌ ‌ ‌ ‌ ‌ ‌ ‌ ‌ ‌ ‌ ‌ ‌ ‌ ‌ ‌ ‌ ‌ ‌ ‌ ‌ ‌ ‌ ‌ ‌ ‌ ‌ ‌ ‌ ‌ ‌ ‌ ‌ ‌ ‌ ‌ ‌ ‌ ‌ Add another dimension. Follow,3
984,"We're giving you up to 50% off select Outlet items - shop today to take advantage of this! Also inside, time is ticking on our 4-Day Sale. Andy K. | View Account View: Web BEST BUY Top Deals Outlet TVs Computers Cell Phones Appliances Limited-time Outlet Event. Save up to 50% on clearance,",1
985,"The Fat-Burning Hormone No One Talks About 🔥 Fat-burning secrets, metabolism boosters, + MORE in this week&#39;s roundup ͏ ͏ ͏ ͏ ͏ ͏ ͏ ͏ ͏ ͏ ͏ ͏ ͏ ͏ ͏ ͏ ͏ ͏ ͏ ͏ ͏ ͏ ͏ ͏ ͏ ͏ ͏ ͏ ͏ ͏ ͏ ͏ ͏ ͏ ͏ ͏ ͏ ͏ ͏ ͏ ͏ ͏ ͏ ͏ ͏ ͏ ͏ ͏ ͏ ͏ ͏ ͏ ͏ ͏ ͏ ͏ ͏ ͏ ͏ ͏ ͏ ͏ ͏",3
986,"친구가 Weee를 사용해 볼 때 $20를 받으세요! 친구는 $20 할인, 고객님은 $20 포인트 적립 친구를 Weee!로 초대하여 즐거운 쇼핑과 다양한 혜택을 함께 누려요 Weee! 사용 만족도는 어떤가요? 만족하신다면 친구에게 추천하여 첫 2번의 주문에 대해 $20 할인쿠폰을 공유하세요. 추천한 친구가 2번의 주문을 완료하면 고객님 또한 $20 포인트를 받게 됩니다. 친구를 초대하는 방법 1. 친구에게",1
987,⭐️ How to get free delivery on Asian groceries In 3 easy steps ͏ ͏ ͏ ͏ ͏ ͏ ͏ ͏ ͏ ͏ ͏ ͏ ͏ ͏ ͏ ͏ ͏ ͏ ͏ ͏ ͏ ͏ ͏ ͏ ͏ ͏ ͏ ͏ ͏ ͏ ͏ ͏ ͏ ͏ ͏ ͏ ͏ ͏ ͏ ͏ ͏ ͏ ͏ ͏ ͏ ͏ ͏ ͏ ͏ ͏ ͏ ͏ ͏ ͏ ͏ ͏ ͏ ͏ ͏ ͏ ͏ ͏ ͏ ͏ ͏ ͏ ͏ ͏ ͏ ͏ ͏ ͏ ͏ ͏ ͏ ͏ ͏ ͏ ͏ ͏ ͏ ͏ ͏ ͏ ͏ ͏ ͏ ͏ ͏ ͏ ͏ ͏ ͏,3
988,"""Phd information "" r/EPFL: Phd information If someone has received an invitation for an interview, please mention the department, just to help others if they have any questions. r/EPFL · Posted by u/ChampionshipOwn185 2d",5
989,Your new coupon has dropped🤑 Use code: LNY8OFF on newly arrived items🔥 ͏ ͏ ͏ ͏ ͏ ͏ ͏ ͏ ͏ ͏ ͏ ͏ ͏ ͏ ͏ ͏ ͏ ͏ ͏ ͏ ͏ ͏ ͏ ͏ ͏ ͏ ͏ ͏ ͏ ͏ ͏ ͏ ͏ ͏ ͏ ͏ ͏ ͏ ͏ ͏ ͏ ͏ ͏ ͏ ͏ ͏ ͏ ͏ ͏ ͏ ͏ ͏ ͏ ͏ ͏ ͏ ͏ ͏ ͏ ͏ ͏ ͏ ͏ ͏ ͏ ͏ ͏ ͏ ͏ ͏ ͏ ͏ ͏ ͏ ͏ ͏ ͏ ͏ ͏ ͏,3
990,"The 4-Day Sale (and awesome tech) is just a click away! Head to Best Buy for amazing OFFERS Don&#39;t forget to check out today&#39;s Deal of the Day Andy K. | View Account View: Web BEST BUY Top Deals Outlet TVs Computers Cell Phones Appliances 4-Day Sale. Save on TVs, small appliances,",1
991,📱See why 3 million people downloaded Weee! and rated us ⭐️⭐️⭐️⭐️⭐️ &amp; the most trustable asian grocery delivery service ͏ ͏ ͏ ͏ ͏ ͏ ͏ ͏ ͏ ͏ ͏ ͏ ͏ ͏ ͏ ͏ ͏ ͏ ͏ ͏ ͏ ͏ ͏ ͏ ͏ ͏ ͏ ͏ ͏ ͏ ͏ ͏ ͏ ͏ ͏ ͏ ͏ ͏ ͏ ͏ ͏ ͏ ͏ ͏ ͏ ͏ ͏ ͏ ͏ ͏ ͏ ͏ ͏ ͏ ͏ ͏ ͏ ͏ ͏ ͏ ͏,3
992,"""We are so back"" r/csMajors: We are so back 0 leetcode problems solved, didn&#39;t even interview. Just wanted to put it out there that it is possible, I got my offer today, fully remote at a pretty big company. And so",3
993,Hurry! Crazy 8 deals Up to 50%off! Claim your deals now! ͏ ͏ ͏ ͏ ͏ ͏ ͏ ͏ ͏ ͏ ͏ ͏ ͏ ͏ ͏ ͏ ͏ ͏ ͏ ͏ ͏ ͏ ͏ ͏ ͏ ͏ ͏ ͏ ͏ ͏ ͏ ͏ ͏ ͏ ͏ ͏ ͏ ͏ ͏ ͏ ͏ ͏ ͏ ͏ ͏ ͏ ͏ ͏ ͏ ͏ ͏ ͏ ͏ ͏ ͏ ͏ ͏ ͏ ͏ ͏ ͏ ͏ ͏ ͏ ͏ ͏ ͏ ͏ ͏ ͏ ͏ ͏ ͏ ͏ ͏ ͏ ͏ ͏ ͏ ͏ ͏ ͏ ͏ ͏ ͏ ͏ ͏ ͏ ͏ ͏,1
994,🛍 Save up to 70% on Asian groceries this week Lightnint deals starting soon! Don&#39;t miss out on these deals ͏ ͏ ͏ ͏ ͏ ͏ ͏ ͏ ͏ ͏ ͏ ͏ ͏ ͏ ͏ ͏ ͏ ͏ ͏ ͏ ͏ ͏ ͏ ͏ ͏ ͏ ͏ ͏ ͏ ͏ ͏ ͏ ͏ ͏ ͏ ͏ ͏ ͏ ͏ ͏ ͏ ͏ ͏ ͏ ͏ ͏ ͏ ͏ ͏ ͏ ͏ ͏ ͏ ͏ ͏ ͏ ͏ ͏ ͏ ͏ ͏ ͏ ͏ ͏ ͏ ͏ ͏ ͏,1
995,"We can't keep these OFFERS to ourselves any longer! It's the 4-Day Sale you've been waiting for And, our Outlet Event gives you more tech for less. Andy K. | View Account View: Web BEST BUY Top Deals Outlet TVs Computers Cell Phones Appliances 4-Day Sale. Save on TVs, small appliances, computers",1
996,"⚡ News flash! The new Dream Horse Voltarion has descended! New Dream Horse Voltarion Gallops into Black Desert Hold on tight, the striking Voltarion leaps through space at lightning speed and sends a shockwave of debuffs to enemies in its path. Collect Traces",3
997,"New year, new way to get things done Reach your money goals with help from the mobile app. Reach your money goals with help from the mobile app. Wells Fargo home page Tools to tackle your money goals in 2025 Get started in the app Screen",3
998,"Subscribe To STARZ And Watch It All Subscribe now for $5/month for 3 months and watch visionary original series, hit movies, and more. ‌ ‌ ‌ ‌ ‌ ‌ ‌ ‌ ‌ ‌ ‌ ‌ ‌ ‌ ‌ ‌ ‌ ‌ ‌ ‌ ‌ ‌ ‌ ‌ ‌ ‌ ‌ ‌ ‌ ‌ ‌ ‌ ‌ ‌ ‌ ‌ ‌ ‌ ‌ ‌ ‌ ‌ ‌ ‌ ‌ ‌ ‌ ‌ ‌ ‌ ‌",3
999,"🚀 23 Million orders delivered As seen in Forbes, NBC, NYT and The Wall Street Journal ͏ ͏ ͏ ͏ ͏ ͏ ͏ ͏ ͏ ͏ ͏ ͏ ͏ ͏ ͏ ͏ ͏ ͏ ͏ ͏ ͏ ͏ ͏ ͏ ͏ ͏ ͏ ͏ ͏ ͏ ͏ ͏ ͏ ͏ ͏ ͏ ͏ ͏ ͏ ͏ ͏ ͏ ͏ ͏ ͏ ͏ ͏ ͏ ͏ ͏ ͏ ͏ ͏ ͏ ͏ ͏ ͏ ͏ ͏ ͏ ͏ ͏ ͏ ͏ ͏ ͏ ͏ ͏ ͏ ͏ ͏ ͏ ͏",3
1000,Global+ hot deals starting now💖 Get up to $195 off on nutrients &amp; New Year essentials! Explore more now &gt;&gt; ͏ ͏ ͏ ͏ ͏ ͏ ͏ ͏ ͏ ͏ ͏ ͏ ͏ ͏ ͏ ͏ ͏ ͏ ͏ ͏ ͏ ͏ ͏ ͏ ͏ ͏ ͏ ͏ ͏ ͏ ͏ ͏ ͏ ͏ ͏ ͏ ͏ ͏ ͏ ͏ ͏ ͏ ͏ ͏ ͏ ͏ ͏ ͏ ͏ ͏ ͏ ͏ ͏ ͏ ͏ ͏ ͏ ͏,1
1001,"Discord 비밀번호 변경됨 What&#39;s up dodong_butwhy, We&#39;ve channeled our psionic energy to change your Discord account password. Gonna go get a seltzer to calm down. If this wasn&#39;t done by you, please immediately",3
1002,"Discord 비밀번호 재설정 요청 Hey dodong_butwhy, Your Discord password can be reset by clicking the button below. If you did not request a new password, please ignore this email. Reset Password 도움이 필요하신가요? 지원팀에 문의하거나 Twitter로 연락하세요",3
1004,"
Google Play 구매 인증 설정 변경사항 Google Play 안녕하세요, mo님. Samsung SM-S908U에 skk126skk126@gmail.com님의 Google Play 구매 인증 설정을 업데이트했습니다. 이제 Google Play를 통해 구매할 때마다 기기에서 얼굴이나 지문을 사용하여 본인 인증 절차를 거칩니다. 인증 설정은 설정이 업데이트된 기기의 계정에만 적용됩니다. 기기에 저장된",3
1005,Google Play 주문 영수증(2025. 1. 16.) Google Play 감사합니다. Google Play의 YOSTAR (HONG KONG) LIMITED에서 구매하셨습니다. 주문 번호: GPA.3307-9891-8738-66920 주문 날짜: 2025. 1. 16. 오후 1시 28분 37초 GMT-5 상품 가격 오리지늄 (명일방주) $1.03 세금: $0.00 합계: $1.03 결제 방법: Visa-,3
1006,24시간 타임특가! 지금 강의 할인 중. 운이 좋으시네요! 24시간 타임특가 동안 신규 강의를 합리적인 가격에 구매해보세요! ͏ ‌ ﻿ ͏ ‌ ﻿ ͏ ‌ ﻿ ͏ ‌ ﻿ ͏ ‌ ﻿ ͏ ‌ ﻿ ͏ ‌ ﻿ ͏ ‌ ﻿ ͏ ‌ ﻿ ͏ ‌ ﻿ ͏ ‌ ﻿ ͏ ‌ ﻿ ͏ ‌ ﻿ ͏ ‌ ﻿ ͏ ‌ ﻿ ͏ ‌ ﻿ ͏ ‌ ﻿ ͏ ‌ ﻿ ͏ ‌ ﻿ ͏ ‌ ﻿ ͏ ‌ ﻿ ͏ ‌ ﻿ ͏ ‌ ﻿ ͏ ‌ ﻿ ͏ ‌ ﻿ ͏ ‌,1
1007,🚛 Get free delivery on these top asian brands Your family will love the unique taste! ͏ ͏ ͏ ͏ ͏ ͏ ͏ ͏ ͏ ͏ ͏ ͏ ͏ ͏ ͏ ͏ ͏ ͏ ͏ ͏ ͏ ͏ ͏ ͏ ͏ ͏ ͏ ͏ ͏ ͏ ͏ ͏ ͏ ͏ ͏ ͏ ͏ ͏ ͏ ͏ ͏ ͏ ͏ ͏ ͏ ͏ ͏ ͏ ͏ ͏ ͏ ͏ ͏ ͏ ͏ ͏ ͏ ͏ ͏ ͏ ͏ ͏ ͏ ͏ ͏ ͏ ͏ ͏ ͏ ͏ ͏ ͏ ͏ ͏ ͏ ͏ ͏ ͏ ͏ ͏ ͏,3
1008,주문 확인 알림 - 61447626 - Weee! 필요한 건 모두 찾았나요? 목요일 6PM까지 추가 배송비 없이 상품을 더 담아보세요. 주문해주셔서 감사합니다 아래는 주문 세부 정보입니다 구체적인 정보 보기 필요한 건 모두 찾았나요? 목요일 6PM까지 추가 배송비 없이 상품을 더 담아보세요. 18% 할인 $10.88 $13.39 21% 할인 $14.88 $18.99 36% 할인 $6.98 $10.99 15%,3
1009,"계정 정보 변경 알림 - mo - Weee! 계정 전화번호가 업데이트되었습니다 고객님의 계정 휴대폰 번호가 816***5086으로 수정되었습니다. 본인이 수정한 것이 아닐 경우, 계정 보안을 위해 신속히 Weee! 고객 서비스로 연락 주시기 바랍니다. (888) 889-7098 support@sayweee.com app 다운로드 App Store Google Play 개인 정보 보호 정책 서비스 약관",3
1010,"amazon.com: Sign-in AndyKang, Someone signed-in to your account. When: Jan 16, 2025 12:09 AM Eastern Standard Time Device: Google Chrome Windows (Desktop) Near: New York, United States If this was you, you can disregard",3
1011,✨Unique finds for you! Shop everything from pantry staples to hidden gems ͏ ͏ ͏ ͏ ͏ ͏ ͏ ͏ ͏ ͏ ͏ ͏ ͏ ͏ ͏ ͏ ͏ ͏ ͏ ͏ ͏ ͏ ͏ ͏ ͏ ͏ ͏ ͏ ͏ ͏ ͏ ͏ ͏ ͏ ͏ ͏ ͏ ͏ ͏ ͏ ͏ ͏ ͏ ͏ ͏ ͏ ͏ ͏ ͏ ͏ ͏ ͏ ͏ ͏ ͏ ͏ ͏ ͏ ͏ ͏ ͏ ͏ ͏ ͏ ͏ ͏ ͏ ͏ ͏ ͏ ͏ ͏ ͏ ͏ ͏,3
1012,Reveal your Maple Lane 2024 cards! This is your MapleStory recap ⭐ Having trouble viewing this? Click here. A Trip Down Maple Lane 2024 Your year in MapleStory is here. Log in to reveal your cards and see your achievements from 2024 and,3
1013,Get up to 5% rewards on seafood>> Discounts &amp; newly arrived seafood 🍤 ͏ ͏ ͏ ͏ ͏ ͏ ͏ ͏ ͏ ͏ ͏ ͏ ͏ ͏ ͏ ͏ ͏ ͏ ͏ ͏ ͏ ͏ ͏ ͏ ͏ ͏ ͏ ͏ ͏ ͏ ͏ ͏ ͏ ͏ ͏ ͏ ͏ ͏ ͏ ͏ ͏ ͏ ͏ ͏ ͏ ͏ ͏ ͏ ͏ ͏ ͏ ͏ ͏ ͏ ͏ ͏ ͏ ͏ ͏ ͏ ͏ ͏ ͏ ͏ ͏ ͏ ͏ ͏ ͏ ͏ ͏ ͏ ͏ ͏ ͏ ͏ ͏ ͏ ͏ ͏ ͏,1
1014,"Try 1 month of Premium for $0. Enjoy high-quality sound and offline music listening. Take music, audiobooks, and podcasts wherever you go. Get Spotify Premium. Enjoy 1 month of Premium for $0. Amp up your listening experience with Premium. Download your favorite music and podcasts for",3
1015,Try combining two images Create imaginative compositions with this fast tutorial. ‌ ‌ ‌ ‌ ‌ ‌ ‌ ‌ ‌ ‌ ‌ ‌ ‌ ‌ ‌ ‌ ‌ ‌ ‌ ‌ ‌ ‌ ‌ ‌ ‌ ‌ ‌ ‌ ‌ ‌ ‌ ‌ ‌ ‌ ‌ ‌ ‌ ‌ ‌ ‌ ‌ ‌ ‌ ‌ ‌ ‌ ‌ ‌ ‌ ‌ ‌ ‌ Make something majestic. Follow this,3
1016,⚠️Confirm you want $10 of free groceries Valid on any order! Reliable delivery of unique flavors. ͏ ͏ ͏ ͏ ͏ ͏ ͏ ͏ ͏ ͏ ͏ ͏ ͏ ͏ ͏ ͏ ͏ ͏ ͏ ͏ ͏ ͏ ͏ ͏ ͏ ͏ ͏ ͏ ͏ ͏ ͏ ͏ ͏ ͏ ͏ ͏ ͏ ͏ ͏ ͏ ͏ ͏ ͏ ͏ ͏ ͏ ͏ ͏ ͏ ͏ ͏ ͏ ͏ ͏ ͏ ͏ ͏ ͏ ͏ ͏ ͏ ͏ ͏ ͏ ͏ ͏ ͏ ͏ ͏ ͏ ͏ ͏,3
1017,🛒 Say Hello to Convenience: Order Asian Groceries Online with Weee Tired of long grocery store lines and traffic? Say hello to convenience with Weee! Shop for your favorite Asian groceries online and get them delivered straight to your doorstep ͏ ͏ ͏ ͏ ͏ ͏ ͏ ͏ ͏ ͏ ͏ ͏,3
1018,"""JOHNS HOPKINS"" r/gradadmissions: JOHNS HOPKINS IM GAGGGEDDDDD r/gradadmissions · Posted by u/ChappellRoan210 1d ago JOHNS HOPKINS IM GAGGGEDDDDD Read More 367 Votes 17 Comments Hide r/gradadmissions r/csMajors ·",3
1019,"BUY NOW! Fresh Tuesday deals that you won't want to miss🍊 Freshly picked, ripe fruits and vegetables that sell out quickly💥 ͏ ͏ ͏ ͏ ͏ ͏ ͏ ͏ ͏ ͏ ͏ ͏ ͏ ͏ ͏ ͏ ͏ ͏ ͏ ͏ ͏ ͏ ͏ ͏ ͏ ͏ ͏ ͏ ͏ ͏ ͏ ͏ ͏ ͏ ͏ ͏ ͏ ͏ ͏ ͏ ͏ ͏ ͏ ͏ ͏ ͏ ͏ ͏ ͏ ͏ ͏ ͏ ͏ ͏ ͏ ͏ ͏ ͏ ͏ ͏ ͏ ͏ ͏ ͏ ͏ ͏ ͏ ͏",1
1020,"Andy, be recruited at S&T Missouri S&amp;T Hello Andy, An education is a gateway to your future. At Missouri S&amp;T, we&#39;re prepared to set you ahead of the curve. Because we prepare students with the skills and mindset",3
1021,[닐잉글리쉬] 안녕하세요! 오늘 Elayna 선생님께서 몸이 안좋으셔서 수업 진행이 어렵습니다. 양해 부탁드립니다. 대체수업... 닐잉글리쉬 닐잉글리쉬 안녕하세요! 오늘 Elayna 선생님께서 몸이 안좋으셔서 수업 진행이 어렵습니다. 양해 부탁드립니다. 대체수업을 원하시거나 보강수업진행을 원하시면 고객센터 또는 카톡으로 말씀해주세요. 더 알아보기 및 답변 https://chta.lk/kFV4oQRH symbol 이 메일은 채널톡에서 발송되었습니다.,3
1022,"Andy: save the date for the Ag Info Night at MCC-Maple Woods Metropolitan Community College Agriculture Information Night: Feb. 11th 6:00 -7:30 pm Andy, This upcoming Agriculture Info Night is your opportunity to get your questions answered and learn how to",5
1023,신규 추천 강의를 확인하세요. 비슷한 학생들에게 인기 있는 강의를 확인하세요. 오늘 바로 강의를 구매하고 학습을 시작해 보세요. ͏ ‌ ﻿ ͏ ‌ ﻿ ͏ ‌ ﻿ ͏ ‌ ﻿ ͏ ‌ ﻿ ͏ ‌ ﻿ ͏ ‌ ﻿ ͏ ‌ ﻿ ͏ ‌ ﻿ ͏ ‌ ﻿ ͏ ‌ ﻿ ͏ ‌ ﻿ ͏ ‌ ﻿ ͏ ‌ ﻿ ͏ ‌ ﻿ ͏ ‌ ﻿ ͏ ‌ ﻿ ͏ ‌ ﻿ ͏ ‌ ﻿ ͏ ‌ ﻿ ͏ ‌ ﻿ ͏ ‌ ﻿ ͏ ‌ ﻿ ͏ ‌ ﻿ ͏,3
1024,Last chance to save up to 25%* ⏰ Don&#39;t miss your chance to save up to 25%* on health tests ‌ ‌ ‌ ‌ ‌ ‌ ‌ ‌ ‌ ‌ ‌ ‌ ‌ ‌ ‌ ‌ ‌ ‌ ‌ ‌ ‌ ‌ ‌ ‌ ‌ ‌ ‌ ‌ ‌ ‌ ‌ ‌ ‌ ‌ ‌ ‌ ‌ ‌ ‌ ‌ ‌ ‌ ‌ ‌ ‌ ‌ ‌ ‌ ‌ ‌ ‌ ‌ ‌ ‌ ‌ ‌ ‌ ‌ ‌ ‌ ‌ ‌ ‌ ‌ ‌ ‌ ‌ ‌ ‌ ‌,3
1025,"🛑 Kang, Galaxy Unpacked is one week away — so reserve your credit now Sign up for your special offer. Sign up for your special offer. Samsung Logo Display images to show real-time content Display images to show real-time content Display images to show real-time content",3
1026,"(광고)(설문조사) 2025 취업 목표, 이직 계획 안녕하세요. 커리어 플랫폼 사람인입니다. 사람인에서 구직자를 대상으로 “2025 취업 목표”, 직장인을 대상으로 “2025 이직 계획”, 성인남녀를 대상으로 “설 연휴 구직활동”, 이라는 주제로 설문을 진행합니다. 설문에 참여하신 회원님들의 의견을 소중히 모아 고스란히 전달하겠습니다. 약 1분의 귀한 시간을 내주시길 부탁 드립니다. 설문 조사 참여하기 이",1
1027,탑스틱 topsticks loves your comment Youtube Logo 탑스틱 topsticks loves your comment 날먹챔으로 3명예 개꿀아니냐 | 탑스틱 topsticks @mocho5604 선생님 이번에 액시움 비전 마법사 룬이 생겨서 지배룬을 들지않고도 궁쿨이 줄어서 좋은데 라인전 할때는 마나가 딸리는 문제가있었습니다. 양피지를 고려해봤지만 리안드리의 채력을 못받는 점이 참 아쉽드라고요,3
1028,"📊 Your progress, your year + Pro for just $75/year! Last week&#39;s numbers were especially newsworthy. ‌ ‌ ‌ ‌ ‌ ‌ ‌ ‌ ‌ ‌ ‌ ‌ ‌ ‌ ‌ ‌ ‌ ‌ ‌ ‌ ‌ ‌ ‌ ‌ ‌ ‌ ‌ ‌ ‌ ‌ ‌ ‌ ‌ ‌ ‌ ‌ ‌ ‌ ‌ ‌ ‌ ‌ ‌ ‌ ‌ ‌ ‌ ‌ ‌ ‌ ‌ ‌ ‌ ‌ ‌ ‌ ‌ ‌ ‌ ‌ ‌ ‌ ‌ ‌ ‌ ‌ ‌ ‌ ‌ ‌ ‌ ‌ ‌ ‌ ‌",3
1029,"Master Photoshop, one tutorial at a time Learn new skills and boost your productivity with hundreds of hands-on guides. ‌ ‌ ‌ ‌ ‌ ‌ ‌ ‌ ‌ ‌ ‌ ‌ ‌ ‌ ‌ ‌ ‌ ‌ ‌ ‌ ‌ ‌ ‌ ‌ ‌ ‌ ‌ ‌ ‌ ‌ ‌ ‌ ‌ ‌ ‌ ‌ ‌ ‌ ‌ ‌ ‌ ‌ ‌ ‌ ‌ ‌ ‌ ‌ ‌ ‌ ‌ ‌ ‌ ‌ ‌ ‌ ‌ ‌ ‌ ‌ ‌",3
1030,New Year Event | Save $600 now. Ring in the new year with the latest upgrades. ﻿͏ ﻿͏ ﻿͏ ﻿͏ ﻿͏ ﻿͏ ﻿͏ ﻿͏ ﻿͏ ﻿͏ ﻿͏ ﻿͏ ﻿͏ ﻿͏ ﻿͏ ﻿͏ ﻿͏ ﻿͏ ﻿͏ ﻿͏ ﻿͏ ﻿͏ ﻿͏ ﻿͏ ﻿͏ ﻿͏ ﻿͏ ﻿͏ ﻿͏ ﻿͏ ﻿͏ ﻿͏ ﻿͏ ﻿͏ ﻿͏ ﻿͏ ﻿͏ ﻿͏ ﻿͏ ﻿͏ ﻿͏ ﻿͏ ﻿͏ ﻿͏ ﻿͏ ﻿͏ ﻿͏ ﻿͏ ﻿͏ ﻿͏ ﻿͏ ﻿,3
1031,Save up to 25%* on health solutions for your 2025 resolutions Get the right start on your goals with lab tests ‌ ‌ ‌ ‌ ‌ ‌ ‌ ‌ ‌ ‌ ‌ ‌ ‌ ‌ ‌ ‌ ‌ ‌ ‌ ‌ ‌ ‌ ‌ ‌ ‌ ‌ ‌ ‌ ‌ ‌ ‌ ‌ ‌ ‌ ‌ ‌ ‌ ‌ ‌ ‌ ‌ ‌ ‌ ‌ ‌ ‌ ‌ ‌ ‌ ‌ ‌ ‌ ‌ ‌ ‌ ‌ ‌ ‌ ‌ ‌ ‌ ‌ ‌ ‌ ‌ ‌ ‌ ‌ ‌ ‌ ‌ ‌ ‌ ‌ ‌ ‌,3
1033,"Your Winter Wellness Checklist Is Here, 뭐아아 Personalized protocols, winter fitness tips, + MORE in this week&#39;s roundup ͏ ͏ ͏ ͏ ͏ ͏ ͏ ͏ ͏ ͏ ͏ ͏ ͏ ͏ ͏ ͏ ͏ ͏ ͏ ͏ ͏ ͏ ͏ ͏ ͏ ͏ ͏ ͏ ͏ ͏ ͏ ͏ ͏ ͏ ͏ ͏ ͏ ͏ ͏ ͏ ͏ ͏ ͏ ͏ ͏ ͏ ͏ ͏ ͏ ͏ ͏ ͏ ͏ ͏ ͏ ͏ ͏ ͏ ͏ ͏ ͏",3
1035,"** TECH ON SALE ** These offers have your name on them. Plus, check out our Deal of the Day! Andy K. | View Account View: Web BEST BUY Top Deals Outlet TVs Computers Cell Phones Appliances Limited-time Outlet Event. Save up to 50% on clearance, open-box and",1
1037,"Looking for something more, Andy? Dear Andy, Each year, RIT enrolls hundreds of transfer students who are looking for something more. They know they shouldn&#39;t have to choose between a future that&#39;s financially stable and a",3
1038,💬 김용님이 회원님이 아직 확인하지 않은 게시물에 댓글을 남겼습니다 오늘 저의 생일을 축하해 준 모든 분들께 진심으로 감사드립니다~ 💬 김용님이 회원님이 아직 확인하지 않은 게시물에 댓글을 남겼습니다 1월 4일 오전 4:59 보기 김용님 외 47명이 공감했습니다. skk126skk126@gmail.com 주소로 전송된 메시지입니다. 앞으로 Meta로부터 이와 같은 이메일을 받지 않으려면 그만 받기를 누르세요. Meta,3
1039,"My New Course - Last Chance! New Promotional Announcement Hi AndyKang, an announcement has been made from Scott, instructor of Java Data Structures &amp; Algorithms + LEETCODE Exercises and C++ Data Structures &amp; Algorithms +",1
1040,"할인 마지막 날입니다 강의, 스킬 및 자격증 준비 ͏ ‌ ﻿ ͏ ‌ ﻿ ͏ ‌ ﻿ ͏ ‌ ﻿ ͏ ‌ ﻿ ͏ ‌ ﻿ ͏ ‌ ﻿ ͏ ‌ ﻿ ͏ ‌ ﻿ ͏ ‌ ﻿ ͏ ‌ ﻿ ͏ ‌ ﻿ ͏ ‌ ﻿ ͏ ‌ ﻿ ͏ ‌ ﻿ ͏ ‌ ﻿ ͏ ‌ ﻿ ͏ ‌ ﻿ ͏ ‌ ﻿ ͏ ‌ ﻿ ͏ ‌ ﻿ ͏ ‌ ﻿ ͏ ‌ ﻿ ͏ ‌ ﻿ ͏ ‌ ﻿ ͏ ‌ ﻿ ͏ ‌ ﻿ ͏ ‌ ﻿ ͏ ‌ ﻿ ͏ ‌ ﻿ ͏ ‌ ﻿",3
1042,"Security alert A new sign-in on Windows skk126skk126@gmail.com We noticed a new sign-in to your Google Account on a Windows device. If this was you, you don&#39;t need to do anything. If not, we&#39;ll help you",3
1043,"Andy: you still have time to start MCC Metropolitan Community College Take advantage of your opportunity Andy, You still have time to make 2025 a fantastic year. Spring classes start on January 21st and are your ticket to a brighter future-",3
1044,"Up to 25% off* fitness, heart health, weight loss tests, and more Make good on that healthy resolution ‌ ‌ ‌ ‌ ‌ ‌ ‌ ‌ ‌ ‌ ‌ ‌ ‌ ‌ ‌ ‌ ‌ ‌ ‌ ‌ ‌ ‌ ‌ ‌ ‌ ‌ ‌ ‌ ‌ ‌ ‌ ‌ ‌ ‌ ‌ ‌ ‌ ‌ ‌ ‌ ‌ ‌ ‌ ‌ ‌ ‌ ‌ ‌ ‌ ‌ ‌ ‌ ‌ ‌ ‌ ‌ ‌ ‌ ‌ ‌ ‌ ‌ ‌ ‌ ‌ ‌ ‌ ‌ ‌ ‌ ‌ ‌ ‌ ‌ ‌ ‌ ‌ ‌ ‌ ‌ ‌ ‌",3
1045,다음 이직을 위한 스킬 할인을 받으세요 새로 취직했든 발전을 준비하든 어떤 것이든 괜찮습니다. ͏ ‌ ﻿ ͏ ‌ ﻿ ͏ ‌ ﻿ ͏ ‌ ﻿ ͏ ‌ ﻿ ͏ ‌ ﻿ ͏ ‌ ﻿ ͏ ‌ ﻿ ͏ ‌ ﻿ ͏ ‌ ﻿ ͏ ‌ ﻿ ͏ ‌ ﻿ ͏ ‌ ﻿ ͏ ‌ ﻿ ͏ ‌ ﻿ ͏ ‌ ﻿ ͏ ‌ ﻿ ͏ ‌ ﻿ ͏ ‌ ﻿ ͏ ‌ ﻿ ͏ ‌ ﻿ ͏ ‌ ﻿ ͏ ‌ ﻿ ͏ ‌ ﻿ ͏ ‌ ﻿ ͏ ‌ ﻿ ͏ ‌ ﻿ ͏ ‌ ﻿ ͏,3
1047,"Reveal your 2024 writing personality 👀 Drumroll, please! ‌ ‌ ‌ ‌ ‌ ‌ ‌ ‌ ‌ ‌ ‌ ‌ ‌ ‌ ‌ ‌ ‌ ‌ ‌ ‌ ‌ ‌ ‌ ‌ ‌ ‌ ‌ ‌ ‌ ‌ ‌ ‌ ‌ ‌ ‌ ‌ ‌ ‌ ‌ ‌ ‌ ‌ ‌ ‌ ‌ ‌ ‌ ‌ ‌ ‌ ‌ ‌ ‌ ‌ ‌ ‌ ‌ ‌ ‌ ‌ ‌ ‌ ‌ ‌ ‌ ‌ ‌ ‌ ‌ ‌ ‌ ‌ ‌ ‌ ‌ ‌ ‌ ‌ ‌ ‌ ‌ ‌ ‌ ‌ ‌ ‌ ‌ ‌ ‌ ‌ ‌ ‌",3
1048,"A dress up dream: Disney Story Play Plus, Up to 50% Off at DisneyStore.com ͏‌ ͏‌ ͏‌ ͏‌ ͏‌ ͏‌ ͏‌ ͏‌ ͏‌ ͏‌ ͏‌ ͏‌ ͏‌ ͏‌ ͏‌ ͏‌ ͏‌ ͏‌ ͏‌ ͏‌ ͏‌ ͏‌ ͏‌ ͏‌ ͏‌ ͏‌ ͏‌ ͏‌ ͏‌ ͏‌ ͏‌ ͏‌ ͏‌ ͏‌ ͏‌ ͏‌ ͏‌ ͏‌ ͏‌ ͏‌ ͏‌ ͏‌ ͏‌ ͏‌ ͏‌ ͏‌ ͏‌ ͏‌ ͏‌ ͏‌ ͏‌ ͏‌ ͏‌ ͏‌",3
1049,"$9.99부터 시작하므로 많은 것이 가능합니다 스킬 할인을 받고 CompTIA, AWS Cloud 등의 자격증을 준비하세요. ͏ ‌ ﻿ ͏ ‌ ﻿ ͏ ‌ ﻿ ͏ ‌ ﻿ ͏ ‌ ﻿ ͏ ‌ ﻿ ͏ ‌ ﻿ ͏ ‌ ﻿ ͏ ‌ ﻿ ͏ ‌ ﻿ ͏ ‌ ﻿ ͏ ‌ ﻿ ͏ ‌ ﻿ ͏ ‌ ﻿ ͏ ‌ ﻿ ͏ ‌ ﻿ ͏ ‌ ﻿ ͏ ‌ ﻿ ͏ ‌ ﻿ ͏ ‌ ﻿ ͏ ‌ ﻿ ͏ ‌ ﻿ ͏ ‌ ﻿ ͏ ‌ ﻿ ͏ ‌ ﻿ ͏ ‌ ﻿ ͏",3
1050,"Enhancing Miro AI: What You Need to Know Starting February 3rd, 2025, we&#39;ll begin storing AI interactions from users on Miro&#39;s Free Plan ͏ ‌ ͏ ‌ ͏ ‌ ͏ ‌ ͏ ‌ ͏ ‌ ͏ ‌ ͏ ‌ ͏ ‌ ͏ ‌ ͏ ‌ ͏ ‌ ͏ ‌ ͏ ‌ ͏ ‌ ͏ ‌ ͏ ‌ ͏ ‌ ͏ ‌ ͏ ‌ ͏ ‌ ͏ ‌ ͏ ‌ ͏ ‌ ͏",3
1051,"🎉 New Course Launch: ""Mastering Python Basics 🚀 New Promotional Announcement Hi AndyKang, an announcement has been made from Scott, instructor of Java Data Structures &amp; Algorithms + LEETCODE Exercises and C++ Data Structures &amp; Algorithms +",1
1052,✨ Life opens up with Galaxy AI You&#39;re invited to Galaxy Unpacked! Reserve now. You&#39;re invited to Galaxy Unpacked! Reserve now. Samsung Logo Display images to show real-time content Display images to show real-time content,4
1053,"The 3-in-1 System I Trust For Brain & Body Health A simple, science-backed protocol to help you think clearer, feel healthier, and accomplish more ͏ ͏ ͏ ͏ ͏ ͏ ͏ ͏ ͏ ͏ ͏ ͏ ͏ ͏ ͏ ͏ ͏ ͏ ͏ ͏ ͏ ͏ ͏ ͏ ͏ ͏ ͏ ͏ ͏ ͏ ͏ ͏ ͏ ͏ ͏ ͏ ͏ ͏ ͏ ͏ ͏ ͏ ͏ ͏ ͏ ͏ ͏ ͏ ͏ ͏ ͏ ͏",3
1054,Up to 25% off* lab tests to kickstart your health journey 2025 health resolutions? Quest has you covered! ‌ ‌ ‌ ‌ ‌ ‌ ‌ ‌ ‌ ‌ ‌ ‌ ‌ ‌ ‌ ‌ ‌ ‌ ‌ ‌ ‌ ‌ ‌ ‌ ‌ ‌ ‌ ‌ ‌ ‌ ‌ ‌ ‌ ‌ ‌ ‌ ‌ ‌ ‌ ‌ ‌ ‌ ‌ ‌ ‌ ‌ ‌ ‌ ‌ ‌ ‌ ‌ ‌ ‌ ‌ ‌ ‌ ‌ ‌ ‌ ‌ ‌ ‌ ‌ ‌ ‌ ‌ ‌ ‌ ‌ ‌ ‌ ‌ ‌ ‌ ‌ ‌,3
1055,Modernize your workflow. Dell Pro Laptop family with Windows 11 Pro. View in Browser Dell Technologies Dell Technologies View Products Call Now Live Chat View Products Call Now Live Chat AI at your service Everyone loves,3
1056,계속되는 발전. 계속되는 할인. 수강료 $9.99부터 시작하는 강의와 함께 ͏ ‌ ﻿ ͏ ‌ ﻿ ͏ ‌ ﻿ ͏ ‌ ﻿ ͏ ‌ ﻿ ͏ ‌ ﻿ ͏ ‌ ﻿ ͏ ‌ ﻿ ͏ ‌ ﻿ ͏ ‌ ﻿ ͏ ‌ ﻿ ͏ ‌ ﻿ ͏ ‌ ﻿ ͏ ‌ ﻿ ͏ ‌ ﻿ ͏ ‌ ﻿ ͏ ‌ ﻿ ͏ ‌ ﻿ ͏ ‌ ﻿ ͏ ‌ ﻿ ͏ ‌ ﻿ ͏ ‌ ﻿ ͏ ‌ ﻿ ͏ ‌ ﻿ ͏ ‌ ﻿ ͏ ‌ ﻿ ͏ ‌ ﻿ ͏ ‌ ﻿ ͏ ‌ ﻿ ͏ ‌,3
1057,"IMPORTANT:  Please Complete the Required Graduate Follow-Up Survey Dear 2024 Graduate, We hope this message finds you well and that you&#39;re thriving in your post-graduation endeavors! As part of the Missouri Department of Elementary and Secondary Education (DESE)",5
1058,A week without words? There wasn&#39;t any writing activity last week. ‌ ‌ ‌ ‌ ‌ ‌ ‌ ‌ ‌ ‌ ‌ ‌ ‌ ‌ ‌ ‌ ‌ ‌ ‌ ‌ ‌ ‌ ‌ ‌ ‌ ‌ ‌ ‌ ‌ ‌ ‌ ‌ ‌ ‌ ‌ ‌ ‌ ‌ ‌ ‌ ‌ ‌ ‌ ‌ ‌ ‌ ‌ ‌ ‌ ‌ ‌ ‌ ‌ ‌ ‌ ‌ ‌ ‌ ‌ ‌ ‌ ‌ ‌ ‌ ‌ ‌ ‌ ‌ ‌ ‌ ‌ ‌ ‌ ‌ ‌ ‌,3
1059,단순한 할인 행사가 아니라 커리어 발전의 기회입니다. 커리어의 다음 단계를 위한 새로운 스킬을 익히세요. ͏ ‌ ﻿ ͏ ‌ ﻿ ͏ ‌ ﻿ ͏ ‌ ﻿ ͏ ‌ ﻿ ͏ ‌ ﻿ ͏ ‌ ﻿ ͏ ‌ ﻿ ͏ ‌ ﻿ ͏ ‌ ﻿ ͏ ‌ ﻿ ͏ ‌ ﻿ ͏ ‌ ﻿ ͏ ‌ ﻿ ͏ ‌ ﻿ ͏ ‌ ﻿ ͏ ‌ ﻿ ͏ ‌ ﻿ ͏ ‌ ﻿ ͏ ‌ ﻿ ͏ ‌ ﻿ ͏ ‌ ﻿ ͏ ‌ ﻿ ͏ ‌ ﻿ ͏ ‌ ﻿ ͏ ‌ ﻿ ͏ ‌ ﻿ ͏ ‌ ﻿ ͏ ‌,3
1060,"""My own"" r/Jokes: My own My math teacher asked if we could bring in any old calculators we may have, I said, I have a damaged abacus.....I don&#39;t know if that counts. Be kind I just made this up. r/Jokes ·",3
1061,"[잡코리아] 광고성 정보 수신동의 안내 잡코리아 수신동의 여부 확인 안내 안녕하세요. 회원님, 항상 잡코리아를 믿고 이용해주시는 회원님께 깊은 감사의 말씀을 드립니다. 정보통신망 이용 촉진 및 정보보호에 관한 법률에 따라 광고성 정보 수신 동의 내역을 안내해 드립니다. 수신 동의 내역 알림 서비스 수신 동의 설정일 AI추천 채용정보 2024. 09. 27 관심기업 알리미 2024. 09. 27",1
1062,Your email productivity report is ready December 2024 Your email productivity report is ready. Check out your report Want to receive this report weekly? Switch to weekly report Turn off email productivity report alerts,3
1064,"Last Call for 30% Off The War Within, Adventurer! Don&#39;t miss out on deals for cosmetics, mounts, pets, select game services, and more! GET THE WAR WITHIN FOR 30% OFF GET THE WAR WITHIN FOR 30% OFF The hearth is warm, and the deals are bright. Shop",1
1065,이 날의 추억 이 날짜에 1월 05 이날의 추억을 되돌아보세요. UI_PositionAsUV1Inspector.png UI_PositionAsUV1Inspector.png UI_PositionAsUV1Inspector.png UI_PositionAsUV1Inspector.png UI_PositionAsUV1Inspector.png 모든 추억 보기 개인 정보 보호 문제 이,3
1066,스킬 및 자격증 강의를 큰 폭으로 할인받으세요 2025년에 경력을 발전시키기 ͏ ‌ ﻿ ͏ ‌ ﻿ ͏ ‌ ﻿ ͏ ‌ ﻿ ͏ ‌ ﻿ ͏ ‌ ﻿ ͏ ‌ ﻿ ͏ ‌ ﻿ ͏ ‌ ﻿ ͏ ‌ ﻿ ͏ ‌ ﻿ ͏ ‌ ﻿ ͏ ‌ ﻿ ͏ ‌ ﻿ ͏ ‌ ﻿ ͏ ‌ ﻿ ͏ ‌ ﻿ ͏ ‌ ﻿ ͏ ‌ ﻿ ͏ ‌ ﻿ ͏ ‌ ﻿ ͏ ‌ ﻿ ͏ ‌ ﻿ ͏ ‌ ﻿ ͏ ‌ ﻿ ͏ ‌ ﻿ ͏ ‌ ﻿ ͏ ‌ ﻿ ͏ ‌ ﻿ ͏ ‌ ﻿ ͏ ‌,3
1067,All the apps to unleash your video ideas Upgrade to the all-in-one plan with the tools to grow your skills. ‌ ‌ ‌ ‌ ‌ ‌ ‌ ‌ ‌ ‌ ‌ ‌ ‌ ‌ ‌ ‌ ‌ ‌ ‌ ‌ ‌ ‌ ‌ ‌ ‌ ‌ ‌ ‌ ‌ ‌ ‌ ‌ ‌ ‌ ‌ ‌ ‌ ‌ ‌ ‌ ‌ ‌ ‌ ‌ ‌ ‌ ‌ ‌ ‌ ‌ ‌ ‌ Swap scenes in a snap. Remove,3
1068,The Outlet Event (and amazing tech) is just a click away! Don&#39;t forget to check out today&#39;s Deal of the Day Andy K. | View Account View: Web BEST BUY Top Deals Outlet TVs Computers Cell Phones Appliances Limited-time Outlet Event. Save up to 50% on,1
1069,Data Structures in C++ 강의를 $9.99에 들을 수 있으면 어떤가요? 한정 기간 대규모 할인 ͏ ‌ ﻿ ͏ ‌ ﻿ ͏ ‌ ﻿ ͏ ‌ ﻿ ͏ ‌ ﻿ ͏ ‌ ﻿ ͏ ‌ ﻿ ͏ ‌ ﻿ ͏ ‌ ﻿ ͏ ‌ ﻿ ͏ ‌ ﻿ ͏ ‌ ﻿ ͏ ‌ ﻿ ͏ ‌ ﻿ ͏ ‌ ﻿ ͏ ‌ ﻿ ͏ ‌ ﻿ ͏ ‌ ﻿ ͏ ‌ ﻿ ͏ ‌ ﻿ ͏ ‌ ﻿ ͏ ‌ ﻿ ͏ ‌ ﻿ ͏ ‌ ﻿ ͏ ‌ ﻿ ͏ ‌ ﻿ ͏ ‌ ﻿ ͏ ‌ ﻿ ͏ ‌ ﻿ ͏ ‌ ﻿ ͏ ‌ ﻿ ͏,3
1070,큰 할인. 최고의 강사. 새해맞이 할인에는 모든 것이 있습니다 ͏ ‌ ﻿ ͏ ‌ ﻿ ͏ ‌ ﻿ ͏ ‌ ﻿ ͏ ‌ ﻿ ͏ ‌ ﻿ ͏ ‌ ﻿ ͏ ‌ ﻿ ͏ ‌ ﻿ ͏ ‌ ﻿ ͏ ‌ ﻿ ͏ ‌ ﻿ ͏ ‌ ﻿ ͏ ‌ ﻿ ͏ ‌ ﻿ ͏ ‌ ﻿ ͏ ‌ ﻿ ͏ ‌ ﻿ ͏ ‌ ﻿ ͏ ‌ ﻿ ͏ ‌ ﻿ ͏ ‌ ﻿ ͏ ‌ ﻿ ͏ ‌ ﻿ ͏ ‌ ﻿ ͏ ‌ ﻿ ͏ ‌ ﻿ ͏ ‌ ﻿ ͏ ‌ ﻿ ͏ ‌ ﻿,3
1071,You received money with Zelle(R) Wells Fargo home page TAEG KANG sent you $500.00 Date: 01/03/2025 Confirmation: WFCT0YDP2LDN We deposited the money in your Wells Fargo account. Go to accounts Have any questions? Please contact us.,3
1072,"Last Chance to Get The Reven Pack, Adventurer! Bring home this adorable fox pet to support CureDuchenne and change lives. SUPPORT CURE DUCHENNE WITH THE REVEN PACK SUPPORT CURE DUCHENNE WITH THE REVEN PACK Become a hero for change, Adventurer.",3
1073,2025년을 커리어 발전의 해로 만드세요 그리고 새해맞이 할인 중에 큰 할인 혜택을 받으세요 ͏ ‌ ﻿ ͏ ‌ ﻿ ͏ ‌ ﻿ ͏ ‌ ﻿ ͏ ‌ ﻿ ͏ ‌ ﻿ ͏ ‌ ﻿ ͏ ‌ ﻿ ͏ ‌ ﻿ ͏ ‌ ﻿ ͏ ‌ ﻿ ͏ ‌ ﻿ ͏ ‌ ﻿ ͏ ‌ ﻿ ͏ ‌ ﻿ ͏ ‌ ﻿ ͏ ‌ ﻿ ͏ ‌ ﻿ ͏ ‌ ﻿ ͏ ‌ ﻿ ͏ ‌ ﻿ ͏ ‌ ﻿ ͏ ‌ ﻿ ͏ ‌ ﻿ ͏ ‌ ﻿ ͏ ‌ ﻿ ͏ ‌ ﻿ ͏ ‌ ﻿ ͏ ‌,1
1074,"Many thanks for your support Many thanks for your support of the Rensselaer Newman Foundation, the C+CC, and the RPI Chaplaincy in 2024 THANK YOU!!! Many thanks for your support of the Rensselaer Newman Foundation, the C+CC, and",2
1075,"Thanks for your report to YouTube Hello mo Cho, Thank you for reporting this channel on January 2, 2025. We&#39;ll take a careful look at this content. What happens next After our review, we may: Remove the channel, if it violates our",2
1076,🎇$9.99부터 시작하는 새로운 스킬 기념하기 이런 할인 행사에 힘입어 내 모든 것이 바뀔 수 있어요 ͏ ‌ ﻿ ͏ ‌ ﻿ ͏ ‌ ﻿ ͏ ‌ ﻿ ͏ ‌ ﻿ ͏ ‌ ﻿ ͏ ‌ ﻿ ͏ ‌ ﻿ ͏ ‌ ﻿ ͏ ‌ ﻿ ͏ ‌ ﻿ ͏ ‌ ﻿ ͏ ‌ ﻿ ͏ ‌ ﻿ ͏ ‌ ﻿ ͏ ‌ ﻿ ͏ ‌ ﻿ ͏ ‌ ﻿ ͏ ‌ ﻿ ͏ ‌ ﻿ ͏ ‌ ﻿ ͏ ‌ ﻿ ͏ ‌ ﻿ ͏ ‌ ﻿ ͏ ‌ ﻿ ͏ ‌ ﻿ ͏ ‌ ﻿ ͏ ‌ ﻿ ͏,3
1077,"Last Chance: Shop the Battle.net Holiday Sale, Adventurer! Secure major discounts on games, bundles, and more. Spread holiday cheer Sale ends January 6 The Battle.net Holiday Sale is ending soon, Adventurer! Shop and save up to 67% off on a selection of Battle",1
1078,"Your New Year, Elevated Easy tips for better health, more energy &amp; less stress ͏ ͏ ͏ ͏ ͏ ͏ ͏ ͏ ͏ ͏ ͏ ͏ ͏ ͏ ͏ ͏ ͏ ͏ ͏ ͏ ͏ ͏ ͏ ͏ ͏ ͏ ͏ ͏ ͏ ͏ ͏ ͏ ͏ ͏ ͏ ͏ ͏ ͏ ͏ ͏ ͏ ͏ ͏ ͏ ͏ ͏ ͏ ͏ ͏ ͏ ͏ ͏ ͏ ͏ ͏ ͏ ͏ ͏ ͏ ͏ ͏ ͏ ͏ ͏ ͏ ͏ ͏ ͏ ͏ ͏ ͏",3
1080,Last chance for holiday savings. Don&#39;t miss out on savings up to $500 off! View in Browser Dell Technologies Dell Technologies View Products Call Now Live Chat View Products Call Now Live Chat Everyone loves rewards Dell Rewards,3
1081,All the apps to take your footage further Upgrade to the all-in-one plan with the tools to grow your skills. ‌ ‌ ‌ ‌ ‌ ‌ ‌ ‌ ‌ ‌ ‌ ‌ ‌ ‌ ‌ ‌ ‌ ‌ ‌ ‌ ‌ ‌ ‌ ‌ ‌ ‌ ‌ ‌ ‌ ‌ ‌ ‌ ‌ ‌ ‌ ‌ ‌ ‌ ‌ ‌ ‌ ‌ ‌ ‌ ‌ ‌ ‌ ‌ ‌ ‌ ‌ ‌ Set your moves in motion. From,3
1082,Happy New Year! 2025 = your best year yet ͏ ͏ ͏ ͏ ͏ ͏ ͏ ͏ ͏ ͏ ͏ ͏ ͏ ͏ ͏ ͏ ͏ ͏ ͏ ͏ ͏ ͏ ͏ ͏ ͏ ͏ ͏ ͏ ͏ ͏ ͏ ͏ ͏ ͏ ͏ ͏ ͏ ͏ ͏ ͏ ͏ ͏ ͏ ͏ ͏ ͏ ͏ ͏ ͏ ͏ ͏ ͏ ͏ ͏ ͏ ͏ ͏ ͏ ͏ ͏ ͏ ͏ ͏ ͏ ͏ ͏ ͏ ͏ ͏ ͏ ͏ ͏ ͏ ͏ ͏ ͏ ͏ ͏ ͏ ͏ ͏ ͏ ͏ ͏ ͏ ͏ ͏ ͏,3
1083,"""Two young guys appear in court after being a..."" r/Jokes: Two young guys appear in court after being arrested for smoking Crack. The judge says, &quot;You seem like nice young men, and I&#39;d like to give you a second chance instead of jail time. I",3
1084,⚠️ Your Gmail storage is 77% full Get more storage or clean up space ͏ ͏ ͏ ͏ ͏ ͏ ͏ ͏ ͏ ͏ ͏ ͏ ͏ ͏ ͏ ͏ ͏ ͏ ͏ ͏ ͏ ͏ ͏ ͏ ͏ ͏ ͏ ͏ ͏ ͏ ͏ ͏ ͏ ͏ ͏ ͏ ͏ ͏ ͏ ͏ ͏ ͏ ͏ ͏ ͏ ͏ ͏ ͏ ͏ ͏ ͏ ͏ ͏ ͏ ͏ ͏ ͏ ͏ ͏ ͏ ͏ ͏ ͏ ͏ ͏ ͏ ͏ ͏ ͏ ͏ ͏ ͏ ͏ ͏ ͏ ͏ ͏ ͏ ͏ ͏ ͏ ͏ ͏,3
1085,Today: Your Last Chance to Make a Difference in 2024 Don&#39;t Miss the Opportunity to Support the Rensselaer Newman Foundation Don&#39;t Miss the Opportunity to Support the Rensselaer Newman Foundation TODAY is your last chance to make a year-end gift,3
1086,Uh-oh—you might be logged out Your writing activity was quiet last week—jump back in! ‌ ‌ ‌ ‌ ‌ ‌ ‌ ‌ ‌ ‌ ‌ ‌ ‌ ‌ ‌ ‌ ‌ ‌ ‌ ‌ ‌ ‌ ‌ ‌ ‌ ‌ ‌ ‌ ‌ ‌ ‌ ‌ ‌ ‌ ‌ ‌ ‌ ‌ ‌ ‌ ‌ ‌ ‌ ‌ ‌ ‌ ‌ ‌ ‌ ‌ ‌ ‌ ‌ ‌ ‌ ‌ ‌ ‌ ‌ ‌ ‌ ‌ ‌ ‌ ‌ ‌ ‌ ‌ ‌ ‌ ‌ ‌ ‌,3
1087,"New message from Scott Barrett on Udemy Hi AndyKang, You have a new message on Udemy. Scott Barrett You are about to embark on an exciting journey toward mastering Data Structures and Algorithms I am thrilled to be your guide and support",3
1088,주문이 완료되었습니다! 이제 학습을 시작하세요. Udemy를 선택해주셔서 감사합니다. 함께하게 되어 기쁩니다. ͏‌ ͏‌ ͏‌ ͏‌ ͏‌ ͏‌ ͏‌ ͏‌ ͏‌ ͏‌ ͏‌ ͏‌ ͏‌ ͏‌ ͏‌ ͏‌ ͏‌ ͏‌ ͏‌ ͏‌ ͏‌ ͏‌ ͏‌ ͏‌ ͏‌ ͏‌ ͏‌ ͏‌ ͏‌ ͏‌ ͏‌ ͏‌ ͏‌ ͏‌ ͏‌ ͏‌ ͏‌ ͏‌ ͏‌ ͏‌ ͏‌ ͏‌ ͏‌ ͏‌ ͏‌ ͏‌ ͏‌ ͏‌ ͏‌ ͏‌ ͏‌ ͏‌ ͏‌ ͏‌ ͏‌,3
1089,"Unwrap Savings with 30% Off The War Within, Adventurer! Keep the holidays going with deals on cosmetics, mounts, pets, select game services, and more! NEW HOLIDAY OFFERS AWAIT NEW HOLIDAY OFFERS AWAIT The hearth is warm, and the deals are bright. Shop the",1
1090,Find out if that course is right for you. There&#39;s a lot to choose from in our extensive course catalog. Use these tips to decide which options are best for your needs. ͏ ‌ ﻿ ͏ ‌ ﻿ ͏ ‌ ﻿ ͏ ‌ ﻿ ͏ ‌ ﻿ ͏ ‌ ﻿ ͏ ‌ ﻿ ͏ ‌ ﻿ ͏ ‌ ﻿ ͏ ‌ ﻿ ͏ ‌ ﻿ ͏ ‌ ﻿,3
1091,Courses are on sale now. Today only! Learn professional and personal development skills from our newest courses. Sale ends tonight. ͏ ‌ ﻿ ͏ ‌ ﻿ ͏ ‌ ﻿ ͏ ‌ ﻿ ͏ ‌ ﻿ ͏ ‌ ﻿ ͏ ‌ ﻿ ͏ ‌ ﻿ ͏ ‌ ﻿ ͏ ‌ ﻿ ͏ ‌ ﻿ ͏ ‌ ﻿ ͏ ‌ ﻿ ͏ ‌ ﻿ ͏ ‌ ﻿ ͏ ‌ ﻿ ͏ ‌ ﻿ ͏ ‌,1
1093,""" As I was wishing the newly married couple, ..."" r/Jokes: As I was wishing the newly married couple, I told them I&#39;ve been married for 12 years, the secret to happy marriage is we go out twice every week. My wife goes out on Tuesdays &amp; I go",3
1094,E N D I N G. S O O N. There are so many offers available right now! Plus a new Deal of the Day for you! Andy K. | View Account View: Web BEST BUY Top Deals Outlet TVs Computers Cell Phones Appliances Ring in the New Year Sale. Seize the savings. Ends Tuesday. Shop now.,1
1095,"💬 김용님이 회원님이 아직 확인하지 않은 자신의 게시물에 댓글을 남겼습니다 해피 크리스마스 딸 사위가 준비한 크리스마스 파티 💬 김용님이 회원님이 아직 확인하지 않은 자신의 게시물에 댓글을 남겼습니다 12월 25일 오전 6:38 보기 71명이 공감했습니다. skk126skk126@gmail.com 주소로 전송된 메시지입니다. 앞으로 Meta로부터 이와 같은 이메일을 받지 않으려면 그만 받기를 누르세요. Meta Platforms,",5
1096,Smart TVs as low as $69.99 means it's a great time to buy! Don&#39;t miss our Ring in the New Year Sale! Andy K. | View Account View: Web BEST BUY Top Deals Outlet TVs Computers Cell Phones Appliances Smart TVs as low as $69.99. Shop now. Reference disclaimer.,1
1097,"Steam 구매를 해주셔서 감사합니다! Steam 안녕하세요, skk750 님. 최근 Steam에서 게임을 구매해 주셔서 감사합니다. 아래 항목이 Steam 라이브러리에 추가되었습니다. Steam이 처음이시라면 여기서 Steam 앱을 무료로 다운로드할 수 있습니다. 내 Steam 포인트 Steam 포인트를 획득했습니다 포인트 상점 방문하기 799 It Takes Two $7.99 계정 이름:",3
1098,Your inbox just got some more offers! Enjoy our Ring in the New Year Sale. Don&#39;t miss today&#39;s Deal of the Day. Andy K. | View Account View: Web BEST BUY Top Deals Outlet TVs Computers Cell Phones Appliances Ring in the New Year Sale. Seize the savings. Ends Tuesday.,1
1099,"Complimentary fitness classes, facials and more this January at Disney Springs Disney Springs Wellness Month presented by AdventHealth VIEW in your browser Two friends take a selfie in front of a Disney Springs wellness sign. Don&#39;t miss your chance to celebrate a new year and",3
1100,"Shop the Holiday Sale Before It’s Gone, Adventurer! Secure major discounts on games, bundles, and more. Spread holiday cheer Ring in the holidays with Battle.net Leave no stocking unstuffed and no gift unwrapped, Adventurer Shop and save up to 67% off",1
1101,Our bonus sale ends today! Learn from real-world experts and save. An extra 15% off makes it even better. ͏ ‌ ﻿ ͏ ‌ ﻿ ͏ ‌ ﻿ ͏ ‌ ﻿ ͏ ‌ ﻿ ͏ ‌ ﻿ ͏ ‌ ﻿ ͏ ‌ ﻿ ͏ ‌ ﻿ ͏ ‌ ﻿ ͏ ‌ ﻿ ͏ ‌ ﻿ ͏ ‌ ﻿ ͏ ‌ ﻿ ͏ ‌ ﻿ ͏ ‌ ﻿ ͏ ‌ ﻿ ͏ ‌ ﻿ ͏ ‌ ﻿ ͏ ‌ ﻿ ͏ ‌ ﻿ ͏ ‌ ﻿ ͏ ‌ ﻿ ͏ ‌ ﻿ ͏ ‌ ﻿ ͏ ‌ ﻿ ͏ ‌ ﻿,1
1102,"That’s a wrap, 2024 is coming to a close: Year-in-review Let&#39;s take a look back at our noteworthy accomplishments ͏ ‌ ͏ ‌ ͏ ‌ ͏ ‌ ͏ ‌ ͏ ‌ ͏ ‌ ͏ ‌ ͏ ‌ ͏ ‌ ͏ ‌ ͏ ‌ ͏ ‌ ͏ ‌ ͏ ‌ ͏ ‌ ͏ ‌ ͏ ‌ ͏ ‌ ͏ ‌ ͏ ‌ ͏ ‌ ͏ ‌ ͏ ‌ ͏ ‌ ͏ ‌ ͏ ‌ ͏ ‌ ͏ ‌ ͏ ‌ ͏ ‌ ͏ ‌ ͏ ‌ ͏ ‌ ͏ ‌",3
1103,"Meet Black Desert's 29th Class Deadeye! Available Now! New Class Deadeye Takes the Stage Meet the revolver and rifle wielding Deadeye, the star of the show! Those that get in her way will be shaking in their boots and seeing stars. Give the new gunner",3
1104,SAVE on great tech with awesome deals on the Ring in the New Year Sale... Plus today&#39;s Deal of the Day is here! Andy K. | View Account View: Web BEST BUY Top Deals Outlet TVs Computers Cell Phones Appliances Ring in the New Year Sale. Seize the savings. Ends Tuesday.,1
1105,What's better than these prices? Saving an additional 15% on courses. ͏ ‌ ﻿ ͏ ‌ ﻿ ͏ ‌ ﻿ ͏ ‌ ﻿ ͏ ‌ ﻿ ͏ ‌ ﻿ ͏ ‌ ﻿ ͏ ‌ ﻿ ͏ ‌ ﻿ ͏ ‌ ﻿ ͏ ‌ ﻿ ͏ ‌ ﻿ ͏ ‌ ﻿ ͏ ‌ ﻿ ͏ ‌ ﻿ ͏ ‌ ﻿ ͏ ‌ ﻿ ͏ ‌ ﻿ ͏ ‌ ﻿ ͏ ‌ ﻿ ͏ ‌ ﻿ ͏ ‌ ﻿ ͏ ‌ ﻿ ͏ ‌ ﻿ ͏ ‌ ﻿ ͏ ‌ ﻿ ͏ ‌ ﻿ ͏,3
1107,Dropbox 폴더로 파일을 체계적으로 관리하세요. 모든 장치에서 사용 가능 �?�?�?�?�?�?�?�?�?�?�?�?�?��?�?�?�?�?�?�?�?�?�?�?�?�?��?�?�?�?�?�?�?�?�?�?��?�?�?�?�?�?�?�?�?�?��?�?�?�?�?�?�?�?�?�?��?�?�?�?�?�?�?�?�?�?��?�?�?�?�?�?�?�?�?�?��?�?�?�?�?�?�?�?�?�?��?�?�?�,3
1108,"💸 This one's for YOU! Make the most of these amazing deals... Time is ticking, there are so many incredible deals inside. Andy K. | View Account View: Web BEST BUY Top Deals Outlet TVs Computers Cell Phones Appliances Our stores are closed Wednesday, December 25.",1
1109,"Andy, Missouri S&T, Ameren, Tesla and Apple 📚 Missouri S&amp;T Hello Andy, Considering the next steps in your academic journey? At Missouri S&amp;T, transfer student Abdu Ibrahim thrived in our innovative atmosphere, surrounded by like-minded",3
1110,"Use code 132169 to log in Hi 동혁, You can log into your Meta account by entering the following code. Login code 132169 If you did not try to log in, you can disregard this message. Hi 동혁, You can log into your Meta account by",3
1111,"Save 30% Off The War Within and Get Back in the Fight Now, Adventurer! Shop the WoW Holiday Sale for deals on cosmetics, mounts, pets, select game services, and more! NEW HOLIDAY OFFERS AWAIT NEW HOLIDAY OFFERS AWAIT The hearth is warm, and the deals are bright. Shop the",1
1112,Looking for more career opportunities? Get a free trial of Personal Plan. Kick your learning into high gear with subscription access to over 11000 of our top-rated professional and personal development courses. ͏ ‌ ﻿ ͏ ‌ ﻿ ͏ ‌ ﻿ ͏ ‌ ﻿ ͏ ‌ ﻿ ͏ ‌ ﻿ ͏ ‌ ﻿ ͏ ‌ ﻿ ͏ ‌ ﻿ ͏ ‌ ﻿ ͏ ‌,3
1113,"~~ It's savings o'clock ~~ We're wrapping this up shortly! The 48-Hour Flash Sale has your name all over it... Stores are open Tuesday, December 24, 8 am to 7 pm Andy K. | View Certificate(s) View: Web BEST BUY Top Deals Outlet TVs Computers Cell Phones Appliances 48-Hour Flash Sale. Shop limited-time",1
1115,"Winter Sale starts today, up to 40% off Save on clothing, beauty, tech &amp; more͏ ‌ ͏ ‌ ͏ ‌ ͏ ‌ ͏ ‌ ͏ ‌ ͏ ‌ ͏ ‌ ͏ ‌ ͏ ‌ ͏ ‌ ͏ ‌ ͏ ‌ ͏ ‌ ͏ ‌ ͏ ‌ ͏ ‌ ͏ ‌ ͏ ‌ ͏ ‌ ͏ ‌ ͏ ‌ ͏ ‌ ͏ ‌ ͏ ‌ ͏ ‌ ͏ ‌ ͏ ‌ ͏ ‌ ͏ ‌ ͏ ‌ ͏ ‌ ͏ ‌ ͏ ‌ ͏ ‌ ͏ ‌ ͏ ‌ ͏ ‌ ͏ ‌ ͏ ‌",1
1116,Ready to write more? Pick up where you left off to keep earning writing badges. ‌ ‌ ‌ ‌ ‌ ‌ ‌ ‌ ‌ ‌ ‌ ‌ ‌ ‌ ‌ ‌ ‌ ‌ ‌ ‌ ‌ ‌ ‌ ‌ ‌ ‌ ‌ ‌ ‌ ‌ ‌ ‌ ‌ ‌ ‌ ‌ ‌ ‌ ‌ ‌ ‌ ‌ ‌ ‌ ‌ ‌ ‌ ‌ ‌ ‌ ‌ ‌ ‌ ‌ ‌ ‌ ‌ ‌ ‌ ‌ ‌ ‌ ‌ ‌ ‌ ‌ ‌ ‌ ‌ ‌ ‌,3
1117,"Don’t Miss Out on Holiday Savings, Adventurer! Secure major discounts on games, bundles, and more. Spread holiday cheer Ring in the holidays with Battle.net Leave no stocking unstuffed and no gift unwrapped, Adventurer Shop and save up to 67% off",1
1118,Create quickly with free Photoshop templates This collection of artist-designed templates will inspire you and get you to finished faster. ‌ ‌ ‌ ‌ ‌ ‌ ‌ ‌ ‌ ‌ ‌ ‌ ‌ ‌ ‌ ‌ ‌ ‌ ‌ ‌ ‌ ‌ ‌ ‌ ‌ ‌ ‌ ‌ ‌ ‌ ‌ ‌ ‌ ‌ ‌ ‌ ‌ ‌ ‌ ‌ ‌ ‌ ‌ ‌ ‌ ‌ ‌ ‌ ‌ ‌ ‌ ‌ ‌ ‌,3
1119,"Up To 70% OFF Starts Now! More of what you love, for less ͏ ͏ ͏ ͏ ͏ ͏ ͏ ͏ ͏ ͏ ͏ ͏ ͏ ͏ ͏ ͏ ͏ ͏ ͏ ͏ ͏ ͏ ͏ ͏ ͏ ͏ ͏ ͏ ͏ ͏ ͏ ͏ ͏ ͏ ͏ ͏ ͏ ͏ ͏ ͏ ͏ ͏ ͏ ͏ ͏ ͏ ͏ ͏ ͏ ͏ ͏ ͏ ͏ ͏ ͏ ͏ ͏ ͏ ͏ ͏ ͏ ͏ ͏ ͏ ͏ ͏ ͏ ͏ ͏ ͏ ͏ ͏ ͏ ͏ ͏ ͏ ͏ ͏ ͏ ͏ ͏ ͏ ͏ ͏ ͏",3
1120,"Capture the best ideas with whiteboards Collaborate, brainstorm, and plan with ease ͏ ͏ ͏ ͏ ͏ ͏ ͏ ͏ ͏ ͏ ͏ ͏ ͏ ͏ ͏ ͏ ͏ ͏ ͏ ͏ ͏ ͏ ͏ ͏ ͏ ͏ ͏ ͏ ͏ ͏ ͏ ͏ ͏ ͏ ͏ ͏ ͏ ͏ ͏ ͏ ͏ ͏ ͏ ͏ ͏ ͏ ͏ ͏ ͏ ͏ ͏ ͏ ͏ ͏ ͏ ͏ ͏ ͏ ͏ ͏ ͏ ͏ ͏ ͏ ͏ ͏ ͏ ͏ ͏ ͏ ͏ ͏ ͏ ͏ ͏ ͏ ͏ ͏ ͏",3
1121,The 48-Hour Flash Sale is on. Shop these deals now. Stores open 12/23 9 am to 10 pm and 12/24 8 am to 7 pm Andy K. | View Certificate(s) View: Web BEST BUY Top Deals Outlet TVs Computers Cell Phones Appliances 48-Hour Flash Sale. Shop limited-time,1
1122,Help shape MuseScore's future 🎼 Share your thoughts in a quick survey ͏ ͏ ͏ ͏ ͏ ͏ ͏ ͏ ͏ ͏ ͏ ͏ ͏ ͏ ͏ ͏ ͏ ͏ ͏ ͏ ͏ ͏ ͏ ͏ ͏ ͏ ͏ ͏ ͏ ͏ ͏ ͏ ͏ ͏ ͏ ͏ ͏ ͏ ͏ ͏ ͏ ͏ ͏ ͏ ͏ ͏ ͏ ͏ ͏ ͏ ͏ ͏ ͏ ͏ ͏ ͏ ͏ ͏ ͏ ͏ ͏ ͏ ͏ ͏ ͏ ͏ ͏ ͏ ͏ ͏ ͏ ͏ ͏ ͏ ͏ ͏ ͏ ͏ ͏ ͏ ͏ ͏,5
1123,"It won't be around for long! It's just you, Best Buy, and a bunch of deals... It's time to shop the 48-Hour Flash SALE. Get free same-day delivery or ready in one hour with Store or Curbside Pickup.* Andy K. | View Certificate(s) View: Web BEST BUY Top Deals Outlet TVs Computers Cell Phones Appliances 48-Hour Flash Sale",1
1124,"You gotta check out 25 Days of Deals for the latest offers! Check out the Last Minute Sales Event too Andy K. | View Certificate(s) View: Web BEST BUY Top Deals Outlet TVs Computers Cell Phones Appliances 25 Days of Deals. New deals, every day. Ends December 25",1
1125,"AndyKang, here are some tips for learning on Udemy Make the most of the time you spend learning. Start your journey off right with these tips. ͏‌ ͏‌ ͏‌ ͏‌ ͏‌ ͏‌ ͏‌ ͏‌ ͏‌ ͏‌ ͏‌ ͏‌ ͏‌ ͏‌ ͏‌ ͏‌ ͏‌ ͏‌ ͏‌ ͏‌ ͏‌ ͏‌ ͏‌ ͏‌ ͏‌ ͏‌ ͏‌ ͏‌ ͏‌ ͏‌ ͏‌ ͏‌ ͏‌ ͏‌ ͏‌ ͏‌",3
1126,"Heads up! Always check Best Buy for amazing DEALS Also inside, unwrap 25 Days of Deals! Andy K. | View Certificate(s) View: Web BEST BUY Top Deals Outlet TVs Computers Cell Phones Appliances Last-Minute Savings. New Doorbusters are here. Shop now.",1
1127,Dropbox 데스크톱 앱을 다운로드하세요. Dropbox를 최대한 활용하세요. �?�?�?�?�?�?�?�?�?�?�?�?�?��?�?�?�?�?�?�?�?�?�?�?�?�?��?�?�?�?�?�?�?�?�?�?��?�?�?�?�?�?�?�?�?�?��?�?�?�?�?�?�?�?�?�?��?�?�?�?�?�?�?�?�?�?��?�?�?�?�?�?�?�?�?�?��?�?�?�?�?�?�?�?�?�?��,3
1128,"Steam 겨울 할인이 진행 중입니다! 맞춤 추천해 드리는 할인을 지금 확인해 보세요! 지금부터 2025년 1월 2일 10:00am PST까지 계속되는 겨울 할인을 둘러보세요. Steam 안녕하세요, FakeKang님! Steam 겨울 할인이 시작되었습니다 2025년 1월 2일 10:00am PST까지 추천 게임을 포함한 수천 개의 게임을 할인된 가격으로 만나보세요. 이벤트 배너 할인 둘러보기 최상위 추천 제품 5개가 지금 할인 중입니다!",1
1129,"Andy, don't forget to redeem your $5 bonus reward before it expires on 12/25! Find 4k TVs as low as $149.99 and other great deals in our Last-Minute Savings event. Andy K. | View Certificate(s) View: Web BEST BUY Top Deals Outlet TVs Computers Cell Phones Appliances Last chance",1
1130,"Middle-Earth Awaits: Forge Your Legend in PUBG MOBILE!  The holiday season has arrived, and PUBG MOBILE is packed with legendary adventures and festive fun! Whether you&#39;re ready to defend the Hornburg in a Middle-earth-inspired battle or enjoy the",3
1131,"Heads up - these offers have your name on them Plus, Doorbusters you don&#39;t want to miss. Andy K. | View Certificate(s) View: Web BEST BUY Top Deals Outlet TVs Computers Cell Phones Appliances Last-Minute Savings. New Doorbusters are here. Shop",1
1132,"[Board Game Arena] Can we help? Board Game Arena Hey, It has been a while since we saw you on BGA, and a whole world of board games and friends awaits you. :) We are a friendly community from all over the world. On BGA, you can play",3
1133,"Celebrate the Holidays on Battle.net, Adventurer! Merry CODMAS, good tidings for Brumaltine, and may your stomach be gorged through the Feast of Winter Veil! HOLIDAY FUN ON BATTLE.NET HOLIDAY FUN ON BATTLE.NET &#39;Twas the night before CODMAS, when",3
1134,*** An update from Best Buy *** There are so many DEALS happening right now Don&#39;t forget to check out today&#39;s Deal of the Day Andy K. | View Certificate(s) View: Web BEST BUY Top Deals Outlet TVs Computers Cell Phones Appliances Last-Minute Savings. New Doorbusters are,1
1135,"Last-minute gifts delivered tomorrow, wrapping paper, stocking stuffers & more Skip a trip to the store—get your holiday needs delivered tomorrow͏ ‌ ͏ ‌ ͏ ‌ ͏ ‌ ͏ ‌ ͏ ‌ ͏ ‌ ͏ ‌ ͏ ‌ ͏ ‌ ͏ ‌ ͏ ‌ ͏ ‌ ͏ ‌ ͏ ‌ ͏ ‌ ͏ ‌ ͏ ‌ ͏ ‌ ͏ ‌ ͏ ‌ ͏ ‌ ͏ ‌ ͏ ‌ ͏ ‌ ͏ ‌ ͏ ‌ ͏ ‌ ͏ ‌ ͏ ‌ ͏ ‌ ͏ ‌ ͏ ‌ ͏ ‌",3
1136,Minerva’s Regular Decision I Deadline is January 7 December news from the Minerva Community Minerva University Logo a white letter on a black background A MINERVA PUBLICATION December 2024 Apply Now Minerva&#39;s Regular Decision I Deadline is January,3
1137,20% Off The BEST Supplements Of 2024 🏆 The votes are in! ͏ ͏ ͏ ͏ ͏ ͏ ͏ ͏ ͏ ͏ ͏ ͏ ͏ ͏ ͏ ͏ ͏ ͏ ͏ ͏ ͏ ͏ ͏ ͏ ͏ ͏ ͏ ͏ ͏ ͏ ͏ ͏ ͏ ͏ ͏ ͏ ͏ ͏ ͏ ͏ ͏ ͏ ͏ ͏ ͏ ͏ ͏ ͏ ͏ ͏ ͏ ͏ ͏ ͏ ͏ ͏ ͏ ͏ ͏ ͏ ͏ ͏ ͏ ͏ ͏ ͏ ͏ ͏ ͏ ͏ ͏ ͏ ͏ ͏ ͏ ͏ ͏ ͏ ͏ ͏ ͏ ͏ ͏ ͏ ͏ ͏ ͏ ͏ ͏ ͏ ͏ ͏,3
1138,12 Days of Quest | 20% off Weight Loss Journey Test Panel – Baseline 🎁 Get insights that will help you on your weight loss journey ‌ ‌ ‌ ‌ ‌ ‌ ‌ ‌ ‌ ‌ ‌ ‌ ‌ ‌ ‌ ‌ ‌ ‌ ‌ ‌ ‌ ‌ ‌ ‌ ‌ ‌ ‌ ‌ ‌ ‌ ‌ ‌ ‌ ‌ ‌ ‌ ‌ ‌ ‌ ‌ ‌ ‌ ‌ ‌ ‌ ‌ ‌ ‌ ‌ ‌ ‌ ‌ ‌ ‌ ‌ ‌ ‌ ‌ ‌ ‌ ‌ ‌ ‌ ‌ ‌ ‌ ‌ ‌ ‌ ‌ ‌,3
1139,"Support the Future of Rensselaer Newman Foundation Your Gift Makes a Difference! Your Gift Makes a Difference! Soon you may be wrapping gifts to share with loved ones on Christmas Day. As you do, consider sharing a gift to help grow the work of the",3
1140,"Grab Friday Doorbusters today, plus more last-minute savings Limited time doorbusters, shop now. Andy K. | View Certificate(s) View: Web BEST BUY Top Deals Outlet TVs Computers Cell Phones Appliances Last-Minute Savings. New Doorbusters are here. Shop now.",1
1141,Your Amazon Pay Winter Shopping Guide: Exclusive deals inside Discover merchant offers up to 30% off when you pay with Amazon͏ ‌ ͏ ‌ ͏ ‌ ͏ ‌ ͏ ‌ ͏ ‌ ͏ ‌ ͏ ‌ ͏ ‌ ͏ ‌ ͏ ‌ ͏ ‌ ͏ ‌ ͏ ‌ ͏ ‌ ͏ ‌ ͏ ‌ ͏ ‌ ͏ ‌ ͏ ‌ ͏ ‌ ͏ ‌ ͏ ‌ ͏ ‌ ͏ ‌ ͏ ‌ ͏ ‌ ͏ ‌ ͏ ‌ ͏ ‌ ͏ ‌ ͏ ‌ ͏ ‌ ͏ ‌ ͏,1
1142,🌟 Last chance for festive $60 savings on Avast Premium Security 24 hours left to grab this huge holiday deal! Avast Software View in browser The festive rush is on — our deal ends in 24 hours! Day Hour Min Save $60 Avast Premium Security $99.99 $39.99 / 1st yr.,1
1143,"There’s still time: get last-minute gifts delivered tomorrow Shop presents for all, hosting essentials, holiday deals, and more͏ ‌ ͏ ‌ ͏ ‌ ͏ ‌ ͏ ‌ ͏ ‌ ͏ ‌ ͏ ‌ ͏ ‌ ͏ ‌ ͏ ‌ ͏ ‌ ͏ ‌ ͏ ‌ ͏ ‌ ͏ ‌ ͏ ‌ ͏ ‌ ͏ ‌ ͏ ‌ ͏ ‌ ͏ ‌ ͏ ‌ ͏ ‌ ͏ ‌ ͏ ‌ ͏ ‌ ͏ ‌ ͏ ‌ ͏ ‌ ͏ ‌ ͏ ‌ ͏ ‌ ͏ ‌",1
1144,"탑스틱 topsticks loves your comment Youtube Logo 탑스틱 topsticks loves your comment 본대가 불리할때 탑피들 이렇게 하소 | 탑스틱 topsticks @mocho5604 감이 왔습니다 감사합니다! View hearted comment If you no longer wish to receive emails about comments and replies, you",3
1145,"Crush your New Year creativity goals From ready-to-use 4K and HD videos to productivity templates, get ready for the year ahead with Adobe Stock. ‌ ‌ ‌ ‌ ‌ ‌ ‌ ‌ ‌ ‌ ‌ ‌ ‌ ‌ ‌ ‌ ‌ ‌ ‌ ‌ ‌ ‌ ‌ ‌ ‌ ‌ ‌ ‌ ‌ ‌ ‌ ‌ ‌ ‌ ‌ ‌ ‌ ‌ ‌ ‌ ‌ ‌ ‌ ‌ ‌ ‌",3
1146,12 Days of Quest | 20% off Autoimmune Screening Test 🩸 Detect autoimmune conditions before they progress ‌ ‌ ‌ ‌ ‌ ‌ ‌ ‌ ‌ ‌ ‌ ‌ ‌ ‌ ‌ ‌ ‌ ‌ ‌ ‌ ‌ ‌ ‌ ‌ ‌ ‌ ‌ ‌ ‌ ‌ ‌ ‌ ‌ ‌ ‌ ‌ ‌ ‌ ‌ ‌ ‌ ‌ ‌ ‌ ‌ ‌ ‌ ‌ ‌ ‌ ‌ ‌ ‌ ‌ ‌ ‌ ‌ ‌ ‌ ‌ ‌ ‌ ‌ ‌ ‌ ‌ ‌ ‌ ‌ ‌ ‌ ‌ ‌ ‌ ‌ ‌,3
1147,"Last day to save on the next part of your learning journey With thousands of courses on sale, chances are we have the courses for your next steps. ͏ ‌ ﻿ ͏ ‌ ﻿ ͏ ‌ ﻿ ͏ ‌ ﻿ ͏ ‌ ﻿ ͏ ‌ ﻿ ͏ ‌ ﻿ ͏ ‌ ﻿ ͏ ‌ ﻿ ͏ ‌ ﻿ ͏ ‌ ﻿ ͏ ‌ ﻿ ͏ ‌ ﻿ ͏ ‌ ﻿ ͏ ‌ ﻿ ͏ ‌ ﻿ ͏ ‌ ﻿ ͏ ‌ ﻿ ͏ ‌ ﻿",1
1149,"Select MacBook as low as $799 Also inside, shop Last-Minute Savings now. Andy K. | View Certificate(s) View: Web BEST BUY Top Deals Outlet TVs Computers Cell Phones Appliances MacBook. Models with M2 chip or newer as low as $799.",1
1150,mission complete // Cindy Youn import java.io.*; import java.util.*; public class Palindromes { public static void main(String[] args) throws Exception { File file = new File(&quot;palindromeTester3.txt&quot;); Scanner,3
1151,"Save 30% Off The War Within Now, Adventurer! Get your shopping done early with deals on cosmetics, mounts, pets, select game services, and more! NEW HOLIDAY OFFERS AWAIT NEW HOLIDAY OFFERS AWAIT The hearth is warm, and the deals are bright. Shop",1
1152,🎁 48 hours only! Save $60 this holiday season. This festive deal on Avast Premium Security will dash away soon Avast Software View in browser 48-hour deal to get you through the festive chaos! Day Hour Min Save $60 Avast Premium Security $99.99,1
1153,Your Year in Review is here! ͏ ͏ ͏ ͏ ͏ ͏ ͏ ͏ ͏ ͏ ͏ ͏ ͏ ͏ ͏ ͏ ͏ ͏ ͏ ͏ ͏ ͏ ͏ ͏ ͏ ͏ ͏ ͏ ͏ ͏ ͏ ͏ ͏ ͏ ͏ ͏ ͏ ͏ ͏ ͏ ͏ ͏ ͏ ͏ ͏ ͏ ͏ ͏ ͏ ͏ ͏ ͏ ͏ ͏ ͏ ͏ ͏ ͏ ͏ ͏ ͏ ͏ ͏ ͏ ͏ ͏ ͏ ͏ ͏ ͏ ͏ ͏ ͏ ͏ ͏ ͏ ͏ ͏ ͏ ͏ ͏ ͏ ͏ ͏ ͏ ͏ ͏ ͏ ͏ ͏ ͏ ͏ ͏ ͏ ͏ ͏ ͏ ͏ ͏ ͏ ͏,3
1154,Get $30 Quest Cash when you buy Meta Quest 3S 🎁 Last day to order Meta Quest in time for the holidays.‌ ‌ ‌ ‌ ‌ ‌ ‌ ‌ ‌ ‌ ‌ ‌ ‌ ‌ ‌ ‌ ‌ ‌ ‌ ‌ ‌ ‌ ‌ ‌ ‌ ‌ ‌ ‌ ‌ ‌ ‌ ‌ ‌ ‌ ‌ ‌ ‌ ‌ ‌ ‌ ‌ ‌ ‌ ‌ ‌ ‌ ‌ ‌ ‌ ‌ ‌ ‌ ‌ ‌ ‌ ‌ ‌ ‌ ‌ ‌ ‌ ‌ ‌ ‌ ‌ ‌ ‌ ‌ ‌ ‌ ‌ ‌ ‌ ‌,3
1155,"(광고) 지금까지의 사랑주간은 잊어주세요! 역대급 선물로 돌아온 🎁인프런 사랑주간🎁 더 특별한 혜택으로 돌아온 2024 사랑주간 106개 선물과 전강의 25% 할인 (feat, INFCON 티켓) ㅣ 12월 19일(목) ~ 12월 30일(월) | 안녕하세요. mo Cho님 벌써 9살이 된 인프런입니다. 언제나 짧게만 느껴지는 1년이지만 유저분들과 함께 이뤄낸 성장 덕분에 올 연말에도 한 해를 따뜻하게 돌아볼 수 있을 것 같아요. 멋진 꿈을",1
1156,"You gotta check out our 25 Days of DEALS for the latest offers Plus, shop the deals in our Last-Minute Savings Event. Andy K. | View Certificate(s) View: Web BEST BUY Top Deals Outlet TVs Computers Cell Phones Appliances 25 Days of Deals. New deals, every day.",1
1157,"Donghyuk, earn cash back by activating and redeeming your holiday deals today You deserve a little extra this season. You deserve a little extra this season. Wells Fargo home page Donghyuk, earn cash back as an account credit when you shop this holiday season Hi Donghyuk, New",1
1158,12 Days of Quest | 20% off Thyroid TSH Function Test 🧪 Discover insights into your energy and metabolism ‌ ‌ ‌ ‌ ‌ ‌ ‌ ‌ ‌ ‌ ‌ ‌ ‌ ‌ ‌ ‌ ‌ ‌ ‌ ‌ ‌ ‌ ‌ ‌ ‌ ‌ ‌ ‌ ‌ ‌ ‌ ‌ ‌ ‌ ‌ ‌ ‌ ‌ ‌ ‌ ‌ ‌ ‌ ‌ ‌ ‌ ‌ ‌ ‌ ‌ ‌ ‌ ‌ ‌ ‌ ‌ ‌ ‌ ‌ ‌ ‌ ‌ ‌ ‌ ‌ ‌ ‌ ‌ ‌ ‌ ‌ ‌ ‌ ‌ ‌ ‌,3
1159,계정 더 알차게 사용하기: Dropbox에서 새로운 폴더를 만드세요 체계성을 유지해 삶을 간소화하세요 �?�?�?�?�?�?�?�?�?�?�?�?�?��?�?�?�?�?�?�?�?�?�?�?�?�?��?�?�?�?�?�?�?�?�?�?��?�?�?�?�?�?�?�?�?�?��?�?�?�?�?�?�?�?�?�?��?�?�?�?�?�?�?�?�?�?��?�?�?�?�?�?�?�?�?�?��?�?�?�?�?�?�?�?�?�?��?,3
1160,"Last chance to shop, order today to get your gifts on time Discover our holiday gift guide and save up to $70, plus enjoy Express Shipping on all orders over $99. ͏ ‌ ͏ ‌ ͏ ‌ ͏ ‌ ͏ ‌ ͏ ‌ ͏ ‌ ͏ ‌ ͏ ‌ ͏ ‌ ͏ ‌ ͏ ‌ ͏ ‌ ͏ ‌ ͏ ‌ ͏ ‌ ͏ ‌ ͏ ‌ ͏ ‌ ͏ ‌ ͏ ‌ ͏ ‌ ͏ ‌ ͏ ‌ ͏",3
1161,"Last-minute hosting, gifts, festive PJs, and more Holiday must-haves delivered tomorrow. That&#39;s our present to you!͏ ‌ ͏ ‌ ͏ ‌ ͏ ‌ ͏ ‌ ͏ ‌ ͏ ‌ ͏ ‌ ͏ ‌ ͏ ‌ ͏ ‌ ͏ ‌ ͏ ‌ ͏ ‌ ͏ ‌ ͏ ‌ ͏ ‌ ͏ ‌ ͏ ‌ ͏ ‌ ͏ ‌ ͏ ‌ ͏ ‌ ͏ ‌ ͏ ‌ ͏ ‌ ͏ ‌ ͏ ‌ ͏ ‌ ͏ ‌ ͏ ‌ ͏ ‌ ͏ ‌",3
1163,✔ Check out these big-screen TVs now Explore last minute savings! Andy K. | View Certificate(s) View: Web BEST BUY Top Deals Outlet TVs Computers Cell Phones Appliances Save up to $1000 on select 55 All TVs on Sale TV Top Deals TVs under,1
1164,"This Holiday Season, Unwrap Savings of Up to 67%, Adventurer! Secure major discounts on games, bundles, and more. Spread holiday cheer Spread holiday cheer Ring in the season with savings, Adventurer! Shop and save up to 67% off on a selection of Battle.net®",1
1165,Fill out your 2025–26 FAFSA form today. It&#39;s time to start your 2025–26 FAFSA form. ‌ ‌ ‌ ‌ ‌ ‌ ‌ ‌ ‌ ‌ ‌ ‌ ‌ ‌ ‌ ‌ ‌ ‌ ‌ ‌ ‌ ‌ ‌ ‌ ‌ ‌ ‌ ‌ ‌ ‌ ‌ ‌ ‌ ‌ ‌ ‌ ‌ ‌ ‌ ‌ ‌ ‌ ‌ ‌ ‌ ‌ ‌ ‌ ‌ ‌ ‌ ‌ ‌ ‌ ‌ ‌ ‌ ‌ ‌ ‌ ‌ ‌ ‌ ‌ ‌ ‌ ‌ ‌ ‌ ‌ ‌ ‌ ‌ ‌ ‌ ‌ ‌,5
1166,Refresh to Windows 11 now. Simplify every day with a Windows 11 Pro device. View in Browser Dell Technologies Dell Technologies View Products Call Now Live Chat View Products Call Now Live Chat Dell Technologies recommends,3
1167,"Your Dell account is more secure with two-step verification Dell Technologies home Your security is a priority. We&#39;re improving your Dell account security by enabling two-step verification. Hello, To enhance your Dell account security, we&#39;ve enabled two",3
1168,12 Days of Quest | 20% off Testosterone Test 💪 See if testosterone is impacting your strength and vitality ‌ ‌ ‌ ‌ ‌ ‌ ‌ ‌ ‌ ‌ ‌ ‌ ‌ ‌ ‌ ‌ ‌ ‌ ‌ ‌ ‌ ‌ ‌ ‌ ‌ ‌ ‌ ‌ ‌ ‌ ‌ ‌ ‌ ‌ ‌ ‌ ‌ ‌ ‌ ‌ ‌ ‌ ‌ ‌ ‌ ‌ ‌ ‌ ‌ ‌ ‌ ‌ ‌ ‌ ‌ ‌ ‌ ‌ ‌ ‌ ‌ ‌ ‌ ‌ ‌ ‌ ‌ ‌ ‌ ‌ ‌,3
1169,"Andy, the creativity on Behance will amaze you MỘC HÒA | NEW YEAR Gift Box 2025, Audi RS6 Avant GT, and more trending Photoshop projects on Behance. ‌ ‌ ‌ ‌ ‌ ‌ ‌ ‌ ‌ ‌ ‌ ‌ ‌ ‌ ‌ ‌ ‌ ‌ ‌ ‌ ‌ ‌ ‌ ‌ ‌ ‌ ‌ ‌ ‌ ‌ ‌ ‌ ‌ ‌ ‌ ‌ ‌ ‌ ‌ ‌ ‌ ‌ ‌ ‌ ‌ ‌ ‌ ‌ ‌ ‌",3
1170,(광고)(설문조사) 2025년 신년 운세  안녕하세요. 커리어 플랫폼 사람인입니다. 사람인에서 성인남녀를 대상으로 “2025년 운세”라는 주제로 설문을 진행합니다. 설문에 참여하신 회원님들의 의견을 소중히 모아 고스란히 전달하겠습니다. 약 1분의 귀한 시간을 내주시길 부탁 드립니다. 설문 조사 참여하기 이 설문은 개인정보가 보호되며 자료분석 및 언론 보도용으로만 사용될 예정입니다. 회원님은 2024/,1
1171,Way to kick it up a notch 👏 Time to dive into your latest stats. ‌ ‌ ‌ ‌ ‌ ‌ ‌ ‌ ‌ ‌ ‌ ‌ ‌ ‌ ‌ ‌ ‌ ‌ ‌ ‌ ‌ ‌ ‌ ‌ ‌ ‌ ‌ ‌ ‌ ‌ ‌ ‌ ‌ ‌ ‌ ‌ ‌ ‌ ‌ ‌ ‌ ‌ ‌ ‌ ‌ ‌ ‌ ‌ ‌ ‌ ‌ ‌ ‌ ‌ ‌ ‌ ‌ ‌ ‌ ‌ ‌ ‌ ‌ ‌ ‌ ‌ ‌ ‌ ‌ ‌ ‌ ‌ ‌ ‌ ‌ ‌ ‌ ‌ ‌ ‌ ‌ ‌,3
1172,말랑깽이저승사자 - Your 2024 League of Legends Highlights Are Here! Your best stats and unique playstyle revealed. Share your dynamic stats Share Now Share who you are! TL;DR TL;DR Watch Now This email was sent to skk126skk126@gmail.com because you&#39;ve opted in to,3
1173,Step 1: Get the course you need (and save) Success starts with the right courses. Save now on skills for every step of your learning journey. ͏ ‌ ﻿ ͏ ‌ ﻿ ͏ ‌ ﻿ ͏ ‌ ﻿ ͏ ‌ ﻿ ͏ ‌ ﻿ ͏ ‌ ﻿ ͏ ‌ ﻿ ͏ ‌ ﻿ ͏ ‌ ﻿ ͏ ‌ ﻿ ͏ ‌ ﻿ ͏ ‌ ﻿ ͏ ‌ ﻿ ͏ ‌ ﻿ ͏ ‌ ﻿ ͏ ‌ ﻿,3
1174,12 Days of Quest | 20% off Tuberculosis Blood Test 🧪 Protect yourself and your community with a tuberculosis test ‌ ‌ ‌ ‌ ‌ ‌ ‌ ‌ ‌ ‌ ‌ ‌ ‌ ‌ ‌ ‌ ‌ ‌ ‌ ‌ ‌ ‌ ‌ ‌ ‌ ‌ ‌ ‌ ‌ ‌ ‌ ‌ ‌ ‌ ‌ ‌ ‌ ‌ ‌ ‌ ‌ ‌ ‌ ‌ ‌ ‌ ‌ ‌ ‌ ‌ ‌ ‌ ‌ ‌ ‌ ‌ ‌ ‌ ‌ ‌ ‌ ‌ ‌ ‌ ‌ ‌ ‌ ‌ ‌ ‌,3
1175,Dead Frontier 2: Blizzard of the Blighted has begun! Dead Frontier 2 BLIZZARD OF THE BLIGHTED HAS BEGUN! Take part in our Christmas event! Starting RIGHT NOW! and continuing until January 12th you will be able to: Play our improved Christmas storyline,3
1176,"Saving feels so good... This starts today! PS, Have you shopped 25 Days of Deals? Andy K. | View Certificate(s) View: Web BEST BUY Top Deals Outlet TVs Computers Cell Phones Appliances Last-Minute Savings. New Doorbusters this Friday. Shop now.",1
1177,⏳ Final hours for lowest price shipping! Get 70% off large prints in time for Christmas. | View Online ‌ ‌ ‌ ‌ ‌ ‌ ‌ ‌ ‌ ‌ ‌ ‌ ‌ ‌ ‌ ‌ ‌ ‌ ‌ ‌ ‌ ‌ ‌ ‌ ‌ ‌ ‌ ‌ ‌ ‌ ‌ ‌ ‌ ‌ ‌ ‌ ‌ ‌ ‌ ‌ ‌ ‌ ‌ ‌ ‌ ‌ ‌ ‌ ‌ ‌ ‌ ‌ ‌ ‌ ‌ ‌ ‌ ‌ ‌ ‌ ‌ ‌ ‌ ‌ ‌ ‌ ‌ ‌ ‌ ‌,3
1178,"*** Ends soon *** SAVE some serious green in the 3-Day Sale! Always check Best Buy for great deals... Also inside, unwrap 25 Days of Deals! Andy K. | View Certificate(s) View: Web BEST BUY Top Deals Outlet TVs Computers Cell Phones Appliances 3-Day Sale. Don&#39;t miss these great deals. Shop new",1
1179,For you: 1 free month of Apple Music. Stream your favorite songs or albums anytime and discover even more to love. ͏ ͏ ͏ ͏ ͏ ͏ ͏ ͏͏ ͏ ͏ ͏ ͏ ͏ ͏ ͏͏ ͏ ͏ ͏ ͏ ͏ ͏ ͏͏ ͏ ͏ ͏ ͏ ͏ ͏ ͏͏ ͏ ͏ ͏ ͏ ͏ ͏ ͏͏ ͏ ͏ ͏ ͏ ͏ ͏ ͏͏ ͏ ͏ ͏ ͏ ͏ ͏ ͏͏ ͏ ͏ ͏ ͏ ͏ ͏ ͏͏ ͏,3
1180,12 Days of Quest | 20% off PFAS (Forever Chemicals) Test Panel ️ Uncover hidden toxins in your system ‌ ‌ ‌ ‌ ‌ ‌ ‌ ‌ ‌ ‌ ‌ ‌ ‌ ‌ ‌ ‌ ‌ ‌ ‌ ‌ ‌ ‌ ‌ ‌ ‌ ‌ ‌ ‌ ‌ ‌ ‌ ‌ ‌ ‌ ‌ ‌ ‌ ‌ ‌ ‌ ‌ ‌ ‌ ‌ ‌ ‌ ‌ ‌ ‌ ‌ ‌ ‌ ‌ ‌ ‌ ‌ ‌ ‌ ‌ ‌ ‌ ‌ ‌ ‌ ‌ ‌ ‌ ‌ ‌ ‌ ‌ ‌ ‌ ‌ ‌ ‌ ‌ ‌ ‌ ‌ ‌ ‌,3
1181,"Here’s what you learned in 2024 Plus, explore what you can learn next in our 2025 Global Trends Report. ͏ ‌ ﻿ ͏ ‌ ﻿ ͏ ‌ ﻿ ͏ ‌ ﻿ ͏ ‌ ﻿ ͏ ‌ ﻿ ͏ ‌ ﻿ ͏ ‌ ﻿ ͏ ‌ ﻿ ͏ ‌ ﻿ ͏ ‌ ﻿ ͏ ‌ ﻿ ͏ ‌ ﻿ ͏ ‌ ﻿ ͏ ‌ ﻿ ͏ ‌ ﻿ ͏ ‌ ﻿ ͏ ‌ ﻿ ͏ ‌ ﻿ ͏ ‌ ﻿ ͏ ‌ ﻿ ͏ ‌",3
1182,"Andy, don't forget about your reward certificate Use your certificate before it expires. Andy K. | View Certificate(s) View: Web BEST BUY Top Deals Outlet TVs Computers Cell Phones Appliances Hurry, your reward is about to expire. My Best Buy logo.",1
1183,"New reply to a comment on ""[ 탑 피들스틱 vs 사이온 ] 사이온이 오버파밍을 못하는 이유"" New reply to a comment on &quot;[ 탑 피들스틱 vs 사이온 ] 사이온이 오버파밍을 못하는 이유&quot; Youtube Logo 🌟 @TopSticks. replied to mo Cho&#39;s comment [ 탑 피들스틱 vs 사이온 ] 사이온이 오버파밍을 못하는 이유 @TopSticks. 담 쉬는날에 함 시도해볼게요",3
1184,탑스틱 topsticks loves your comment Youtube Logo 탑스틱 topsticks loves your comment [ 탑 피들스틱 vs 사이온 ] 사이온이 오버파밍을 못하는 이유 | 탑스틱 topsticks @mocho5604 선생님 혹시 상대법말고 팀이 지고있을때 운영방법을 알기위해 팀이 지고있는판 모름집같은거 올려주실수있을까요. 영상 항상 잘 보고있습니다! View hearted,3
1185,"👏 Head to Best Buy for amazing OFFERS - yes, the 3-Day Sale is on! Plus, check out Doorbusters while they last! Andy K. | View Certificate(s) View: Web BEST BUY Top Deals Outlet TVs Computers Cell Phones Appliances 3-Day Sale. Don&#39;t miss these great deals. Shop",1
1186,구매 확인 안내 말랑깽이저승사자 님 구매에 감사드립니다. 구매가 완료되었습니다. 구매상품: 1380 RP 결제금액: US$11.87 본 구매 내역에 대해 고객센터에 문의하실 경우 꼭 아래 정보를 함께 알려주세요. 일시: 2024년 12월 15일 오전 1시 27분 55초 GMT UTC 거래번호: LN4SPB5W3A45 결제수단: Credit/Debit card 거래 조건에,3
1187,"🙌 WHOA! 4K TVs as low as $149.99 is an amazing deal - no home is finished without the perfect TV Plus, check out the 3-Day Sale happening now. Andy K. | View Certificate(s) View: Web BEST BUY Top Deals Outlet TVs Computers Cell Phones Appliances Explore 4K TVs as low as $149.99 Shop now 3-Day Sale",1
1188,12 Days of Quest | 20% off Food Allergy Test Panel 🥜 Optimize your diet by pinpointing food allergies ‌ ‌ ‌ ‌ ‌ ‌ ‌ ‌ ‌ ‌ ‌ ‌ ‌ ‌ ‌ ‌ ‌ ‌ ‌ ‌ ‌ ‌ ‌ ‌ ‌ ‌ ‌ ‌ ‌ ‌ ‌ ‌ ‌ ‌ ‌ ‌ ‌ ‌ ‌ ‌ ‌ ‌ ‌ ‌ ‌ ‌ ‌ ‌ ‌ ‌ ‌ ‌ ‌ ‌ ‌ ‌ ‌ ‌ ‌ ‌ ‌ ‌ ‌ ‌ ‌ ‌ ‌ ‌ ‌ ‌ ‌ ‌ ‌ ‌ ‌ ‌,3
1189,You can now explore the 3-Day SALE! There are so many deals available right now Don&#39;t forget to check out our Doorbusters Andy K. | View Certificate(s) View: Web BEST BUY Top Deals Outlet TVs Computers Cell Phones Appliances 3-Day Sale. Don&#39;t miss these great deals. Shop,1
1190,"🔴 [LIVE] Watch the 2024 FESTA Livestream Now! Celebrating 10 Years of Black Desert! It&#39;s Time for the 2024 FESTA! NOW LIVE: Don&#39;t miss this year&#39;s Black Desert FESTA livestream! Tune in now to celebrate a decade of adventures together! Dec 13, 2024 (Fri) @ 23:00 (PST) Dec",3
1191,"Andy, Share your thoughts: chance to win $500 (Reminder)  ‌ ‌ ‌ ‌ ‌ ‌ ‌ ‌ ‌ ‌ ‌ ‌ ‌ ‌ ‌ ‌ ‌ ‌ ‌ ‌ ‌ ‌ ‌ ‌ ‌ ‌ ‌ ‌ ‌ ‌ ‌ ‌ ‌ ‌ ‌ ‌ ‌ ‌ ‌ ‌ ‌ ‌ ‌ ‌ ‌ ‌ ‌ ‌ ‌ ‌ ‌ ‌ Dear Andy, We would love to hear from customers like yourself about the creative and digital",3
1192,"보내신 Steam 선물이 수락되었습니다 Steam 안녕하세요, skk750 님. heedo 님이 귀하의 선물을 수락했습니다 PICO PARK 친구에게 보낸 선물 중 아직 수락되지 않은 선물은 모두 선물 보관함 페이지에서 확인할 수 있습니다. 감사합니다. Steam 팀 일동 이 알림은 Steam 계정에 등록된 이메일 주소로 전송되었습니다. 본 이메일은 발신 전용이므로 답장하지 마세요. 추가적인 도움",3
1193,"선물로 구매해주셔서 감사합니다! Steam 안녕하세요, skk750 님. Steam에서 선물을 구매해 주셔서 감사합니다. 내 Steam 포인트 Steam 포인트를 획득했습니다 포인트 상점 방문하기 499 선물 구매 받는 친구: heedo PICO PARK $4.99 구매하신 선물의 상태를 대기 중인 선물 페이지에서 확인하실 수 있습니다. 친구가 선물을 계정에 등록하면 상태가 &#39;발송",3
1194,"Steam 구매를 해주셔서 감사합니다! Steam 안녕하세요, skk750 님. 최근 Steam에서 게임을 구매해 주셔서 감사합니다. 아래 항목이 Steam 라이브러리에 추가되었습니다. Steam이 처음이시라면 여기서 Steam 앱을 무료로 다운로드할 수 있습니다. 내 Steam 포인트 Steam 포인트를 획득했습니다 포인트 상점 방문하기 499 PICO PARK $4.99 계정 이름: skk75",3
1195,"~~ 3-Day Sale happening NOW ~~ Deals can be found at Best Buy! Plus, NEW Doorbusters arrived today! Andy K. | View Certificate(s) View: Web BEST BUY Top Deals Outlet TVs Computers Cell Phones Appliances 3-Day Sale. Don&#39;t miss these great deals. Shop new",1
1196,Sale ends today! Buy now to save on skills that can help you thrive. You have so much potential already — all you need are the right skills. Find the courses you need and start learning now for less. ͏ ‌ ﻿ ͏ ‌ ﻿ ͏ ‌ ﻿ ͏ ‌ ﻿ ͏ ‌ ﻿ ͏ ‌ ﻿ ͏ ‌ ﻿ ͏ ‌ ﻿ ͏ ‌ ﻿ ͏ ‌ ﻿ ͏ ‌ ﻿ ͏ ‌,1
1197,12 Days of Quest | 20% off Cortisol Stress Hormone Test ❄️ Find out if stress is impacting your health ‌ ‌ ‌ ‌ ‌ ‌ ‌ ‌ ‌ ‌ ‌ ‌ ‌ ‌ ‌ ‌ ‌ ‌ ‌ ‌ ‌ ‌ ‌ ‌ ‌ ‌ ‌ ‌ ‌ ‌ ‌ ‌ ‌ ‌ ‌ ‌ ‌ ‌ ‌ ‌ ‌ ‌ ‌ ‌ ‌ ‌ ‌ ‌ ‌ ‌ ‌ ‌ ‌ ‌ ‌ ‌ ‌ ‌ ‌ ‌ ‌ ‌ ‌ ‌ ‌ ‌ ‌ ‌ ‌ ‌ ‌ ‌ ‌ ‌ ‌ ‌ ‌ ‌ ‌,3
1198,Massive deals here - you can SAVE on the latest tech! Shop our appliance sale and save up to 30%. Andy K. | View Certificate(s) View: Web BEST BUY Top Deals Outlet TVs Computers Cell Phones Appliances 3-Day Sale. Don&#39;t miss these great deals. Shop new,1
1199,"Face Ragnaros & Onyxia on Anniversary Edition Realms Now, Adventurer! Take on new raids, get the new Sky Witch Pack, browse new Trading Post offerings, and more! ENTER MOLTEN CORE AND ONYXIA&#39;S LAIR NOW ENTER MOLTEN CORE AND ONYXIA&#39;S LAIR NOW New challenges and",3
1201,Get in on $0 for 3 free months of Spotify Premium now. Imagine all your music without hearing ads. Spotify Premium Find your funk. Try 3 months for $0. It&#39;s your world. We&#39;re just here to supply the uninterrupted tunes. Don&#39;t miss out on 3 free,3
1202,12 Days of Questmas | 20% off cholesterol testing ❤️ Keep tabs on your heart health this holiday season ‌ ‌ ‌ ‌ ‌ ‌ ‌ ‌ ‌ ‌ ‌ ‌ ‌ ‌ ‌ ‌ ‌ ‌ ‌ ‌ ‌ ‌ ‌ ‌ ‌ ‌ ‌ ‌ ‌ ‌ ‌ ‌ ‌ ‌ ‌ ‌ ‌ ‌ ‌ ‌ ‌ ‌ ‌ ‌ ‌ ‌ ‌ ‌ ‌ ‌ ‌ ‌ ‌ ‌ ‌ ‌ ‌ ‌ ‌ ‌ ‌ ‌ ‌ ‌ ‌ ‌ ‌ ‌ ‌ ‌ ‌ ‌ ‌ ‌ ‌,3
1203,Joining Together AI and Introducing CodeSandbox SDK Exciting news! CodeSandbox has joined Together AI and we have joined forces to release CodeSandbox SDK. ‌ ‌ ‌ ‌ ‌ ‌ ‌ ‌ ‌ ‌ ‌ ‌ ‌ ‌ ‌ ‌ ‌ ‌ ‌ ‌ ‌ ‌ ‌ ‌ ‌ ‌ ‌ ‌ ‌ ‌ ‌ ‌ ‌ ‌ ‌ ‌ ‌ ‌ ‌ ‌ ‌ ‌ ‌ ‌ ‌ ‌ ‌ ‌ ‌,3
1204,🎄 Holiday shopping? We got you covered Skip the stress with 70% off cards. | View Online ‌ ‌ ‌ ‌ ‌ ‌ ‌ ‌ ‌ ‌ ‌ ‌ ‌ ‌ ‌ ‌ ‌ ‌ ‌ ‌ ‌ ‌ ‌ ‌ ‌ ‌ ‌ ‌ ‌ ‌ ‌ ‌ ‌ ‌ ‌ ‌ ‌ ‌ ‌ ‌ ‌ ‌ ‌ ‌ ‌ ‌ ‌ ‌ ‌ ‌ ‌ ‌ ‌ ‌ ‌ ‌ ‌ ‌ ‌ ‌ ‌ ‌ ‌ ‌ ‌ ‌ ‌ ‌ ‌ ‌ ‌ ‌ ‌ ‌ ‌ ‌,1
1205,ICYMI: New Photoshop features for you The latest release of Creative Cloud lets you do more with your work. ‌ ‌ ‌ ‌ ‌ ‌ ‌ ‌ ‌ ‌ ‌ ‌ ‌ ‌ ‌ ‌ ‌ ‌ ‌ ‌ ‌ ‌ ‌ ‌ ‌ ‌ ‌ ‌ ‌ ‌ ‌ ‌ ‌ ‌ ‌ ‌ ‌ ‌ ‌ ‌ ‌ ‌ ‌ ‌ ‌ ‌ ‌ ‌ ‌ ‌ ‌ ‌ ‌ ‌ ‌ ‌ ‌ ‌ ‌ ‌ ‌ ‌ ‌ ‌ ‌ ‌,3
1206,Still time to save on must-have gifts like Meta Quest 3 and 3S 🎁 Looking for the perfect gift? The Meta Store Gift Guide has it!‌ ‌ ‌ ‌ ‌ ‌ ‌ ‌ ‌ ‌ ‌ ‌ ‌ ‌ ‌ ‌ ‌ ‌ ‌ ‌ ‌ ‌ ‌ ‌ ‌ ‌ ‌ ‌ ‌ ‌ ‌ ‌ ‌ ‌ ‌ ‌ ‌ ‌ ‌ ‌ ‌ ‌ ‌ ‌ ‌ ‌ ‌ ‌ ‌ ‌ ‌ ‌ ‌ ‌ ‌ ‌ ‌ ‌ ‌ ‌ ‌ ‌ ‌ ‌ ‌ ‌ ‌ ‌ ‌,3
1207,"Your skills, your future. Courses on sale now. Keep learning your way forward. Browse courses now and start expanding your opportunities with new skills. ͏ ‌ ﻿ ͏ ‌ ﻿ ͏ ‌ ﻿ ͏ ‌ ﻿ ͏ ‌ ﻿ ͏ ‌ ﻿ ͏ ‌ ﻿ ͏ ‌ ﻿ ͏ ‌ ﻿ ͏ ‌ ﻿ ͏ ‌ ﻿ ͏ ‌ ﻿ ͏ ‌ ﻿ ͏ ‌ ﻿ ͏ ‌ ﻿ ͏ ‌",1
1208,🐧The TFT Macao Open starts soon!🎩 Here&#39;s everything happening online during the TFT Macao Open December 13-15. Watch Now Join Us Get your bingo card Tune In This email was sent to skk126skk126@gmail.com because you&#39;ve opted in,3
1209,"It’s not too late to save $700 off. Plus, timely ship dates on AI PCs &amp; more! View in Browser Dell Technologies Dell Technologies View Products Call Now Live Chat View Products Call Now Live Chat Everyone loves rewards Dell Rewards",3
1210,"Apple Shopping Event: Your chance to save on the ultimate gift Also inside, unwrap 25 Days of Deals. Andy K. | View Certificate(s) View: Web BEST BUY Top Deals Outlet TVs Computers Cell Phones Appliances Apple Shopping Event. Save on the ultimate gift. Reference",1
1211,Dead Frontier 2: Blizzard of the Blighted Dead Frontier 2 BLIZZARD OF THE BLIGHTED (Coming soon!) Take part in our Christmas event! Starting December 16th and continuing until January 12th you will be able to: Play our improved Christmas,3
1212,"Tune in to The Game Awards for Performances, Reveals, Awards, and More! Adventurer—get ready for a night celebrating the best in gaming. WATCH LIVE WATCH LIVE Celebrate the best and see what&#39;s next in gaming. The Game Awards are streaming live on Thursday, December 12",5
1213,For you - our Apple Shopping Event is too good to miss... We've got excellent tech for you Don&#39;t forget to check out these gaming deals Andy K. | View Certificate(s) View: Web BEST BUY Top Deals Outlet TVs Computers Cell Phones Appliances Apple Shopping Event. Save on the ultimate gift.,1
1214,"Announcing Bitnami Premium - a new commercial version of Bitnami! Today we are announcing two important updates for Bitnami. First, we are launching a new commercial version called Bitnami Premium! We are partnering with Arrow Electronics, a global technology",3
1215,"WALT DISNEY WORLD savings, events & magic... inside! Plan ahead for springtime festival fun. Discover DISNEY RESORTS COLLECTION savings &amp; perks. And more! VIEW in your browser Walt Disney World A rotating GIF showing: A father and daughter in front",3
1216,12 Days of Questmas | 20% off Fitness Profile Tests 🏃‍♂️ Fine-tune your fitness routine with health insights ‌ ‌ ‌ ‌ ‌ ‌ ‌ ‌ ‌ ‌ ‌ ‌ ‌ ‌ ‌ ‌ ‌ ‌ ‌ ‌ ‌ ‌ ‌ ‌ ‌ ‌ ‌ ‌ ‌ ‌ ‌ ‌ ‌ ‌ ‌ ‌ ‌ ‌ ‌ ‌ ‌ ‌ ‌ ‌ ‌ ‌ ‌ ‌ ‌ ‌ ‌ ‌ ‌ ‌ ‌ ‌ ‌ ‌ ‌ ‌ ‌ ‌ ‌ ‌ ‌ ‌ ‌ ‌ ‌ ‌ ‌ ‌ ‌ ‌ ‌,3
1217,"A $5 certificate just for you, Andy. 🎉 We love to celebrate our favorite members. View: Web BEST BUY GEEK SQUAD Headline: It&#39;s time to celebrate. You have a certificate waiting. Let&#39;s make today even more special. Here&#39;s a",3
1218,"AndyKang, check out your 2024 Skills Rewind 👀 Inside: Get a recap of your year in learning. ͏ ‌ ﻿ ͏ ‌ ﻿ ͏ ‌ ﻿ ͏ ‌ ﻿ ͏ ‌ ﻿ ͏ ‌ ﻿ ͏ ‌ ﻿ ͏ ‌ ﻿ ͏ ‌ ﻿ ͏ ‌ ﻿ ͏ ‌ ﻿ ͏ ‌ ﻿ ͏ ‌ ﻿ ͏ ‌ ﻿ ͏ ‌ ﻿ ͏ ‌ ﻿ ͏ ‌ ﻿ ͏ ‌ ﻿ ͏ ‌ ﻿ ͏ ‌ ﻿ ͏ ‌ ﻿ ͏ ‌ ﻿ ͏ ‌ ﻿ ͏ ‌ ﻿ ͏ ‌ ﻿ ͏ ‌",3
1219,"Mailsuite Daily Report Dec 10, 2024: 3 emails sent Mailsuite Mailsuite Daily Report Dec 10, 2024 Summary (12/10/24, 7:00 AM - 12/11/24, 7:00 AM) 3 emails sent 100% were read 0% were clicked Already read (3) 문제 Dec 10, 2024 at 8:35 PM Read twice To:",3
1220,"Re: import json class BerryField: def __init__(self, grid): self.grid = grid def __str__(self): result = &quot;&quot; for row in self.grid: result += &quot; &quot;.join(f&quot;{:&gt;4}&quot;.format(cell)",5
1221," Sent with Mailsuite · Unsubscribe 12/10/24, 10:59:19 PM",1
1222,"Re: import json class BerryField: def __init__(self, newmap, bears, tourists): self.grid = newmap self.sumnum = sum(cell for row in newmap for cell in row if isinstance(cell, int)) self.bears = [(b.get()[0",3
1223," # -*- coding: utf-8 -*- &quot;&quot;&quot; Created on Sat Dec 7 23:07:28 2024 @author: skk12 &quot;&quot;&quot; class BerryField: def __init__(self,newmap,bears,tourists): self.L = newmap self.sumnum =",3
1224,"Re: 문제 import json class BerryField: def __init__(self, grid): self.grid = grid def __str__(self): result = &quot;&quot; for row in self.grid: result += &quot; &quot;.join(f&quot;{:&gt;4}&quot;.format(cell)",5
1225,"문제  Sent with Mailsuite · Unsubscribe 12/10/24, 08:35:42 PM",1
1226,zoom Join Zoom Meeting https://ucmo.zoom.us/j/82615371749?pwd=ze0JMElTXn0aUwUASVQuUy1F9w3GaG.1 Meeting ID: 826 1537 1749 Passcode: 693506,4
1228,Our Apple Shopping Event is great! PS Check out the Apple Shopping Event! Andy K. | View Account View: Web BEST BUY Top Deals Outlet TVs Computers Cell Phones Appliances Apple Shopping Event. Save on the ultimate gift. Reference,1
1229,"Donghyuk, talk to us Opportunity to share your ideas and opinions. Opportunity to share your ideas and opinions. Wells Fargo home page Your ideas can make a difference Hello Donghyuk, We&#39;d like to invite you to join",4
1230,😁 A very merry deal—70% off cards + an exclusive upgrade! Send more happy this holiday season. | View Online ‌ ‌ ‌ ‌ ‌ ‌ ‌ ‌ ‌ ‌ ‌ ‌ ‌ ‌ ‌ ‌ ‌ ‌ ‌ ‌ ‌ ‌ ‌ ‌ ‌ ‌ ‌ ‌ ‌ ‌ ‌ ‌ ‌ ‌ ‌ ‌ ‌ ‌ ‌ ‌ ‌ ‌ ‌ ‌ ‌ ‌ ‌ ‌ ‌ ‌ ‌ ‌ ‌ ‌ ‌ ‌ ‌ ‌ ‌ ‌ ‌ ‌ ‌ ‌ ‌ ‌ ‌ ‌ ‌ ‌ ‌ ‌ ‌ ‌ ‌,1
1231,12 Days of Questmas | 20% off Hormone Test Panels 🧪 Find your balance with hormone insights ‌ ‌ ‌ ‌ ‌ ‌ ‌ ‌ ‌ ‌ ‌ ‌ ‌ ‌ ‌ ‌ ‌ ‌ ‌ ‌ ‌ ‌ ‌ ‌ ‌ ‌ ‌ ‌ ‌ ‌ ‌ ‌ ‌ ‌ ‌ ‌ ‌ ‌ ‌ ‌ ‌ ‌ ‌ ‌ ‌ ‌ ‌ ‌ ‌ ‌ ‌ ‌ ‌ ‌ ‌ ‌ ‌ ‌ ‌ ‌ ‌ ‌ ‌ ‌ ‌ ‌ ‌ ‌ ‌ ‌ ‌ ‌ ‌ ‌ ‌ ‌ ‌ ‌ ‌ ‌ ‌,3
1233,"Mailsuite Daily Report Dec 9, 2024: 2 emails sent Mailsuite Mailsuite Daily Report Dec 9, 2024 Summary (12/09/24, 7:00 AM - 12/10/24, 7:00 AM) 2 emails sent 100% were read 0% were clicked Already read (2) Andy Kang Final Grammer Dec 9, 2024 at 8:38 AM",3
1234,Changes to the Apple Pay & Wallet Terms & Conditions Changes to the Apple Pay &amp; Wallet Terms &amp; Conditions We&#39;ve made a few updates to the Apple Pay &amp; Wallet Terms &amp; Conditions. Here&#39;s a summary of the key changes: We have,3
1235,"A lot of people are seeing your photos on Google Maps! Hi mo, 3000 total views of your photos! Thanks for adding photos to Google Maps. Contributions like yours help others make decisions about the things worth doing and places worth seeing, keep it up!‍ ‍",3
1236,"Keep your Apple Account safe and secure. Set up some peace of mind by knowing how to reset your password, update your account information, and choose a recovery contact. ͏ ͏ ͏ ͏ ͏ ͏ ͏ ͏͏ ͏ ͏ ͏ ͏ ͏ ͏ ͏͏ ͏ ͏ ͏ ͏ ͏ ͏ ͏͏ ͏ ͏ ͏ ͏ ͏ ͏ ͏͏ ͏ ͏ ͏ ͏ ͏",5
1237,"Re: Andy Kang Final Grammer Yes, I got it, thank you. On Mon, Dec 9, 2024 at 4:19 PM Elayna Melchior &lt;elayna.melchior@gmail.com&gt; wrote: Andy, Let me know if you got the shared document with corrections. :) I can&#39;t wait",2
1238,Reminder: Get $100 when you buy Meta Quest 3 or 3S Upgrade by December 31 and get a Meta Quest Gift Card to spend on games.‌ ‌ ‌ ‌ ‌ ‌ ‌ ‌ ‌ ‌ ‌ ‌ ‌ ‌ ‌ ‌ ‌ ‌ ‌ ‌ ‌ ‌ ‌ ‌ ‌ ‌ ‌ ‌ ‌ ‌ ‌ ‌ ‌ ‌ ‌ ‌ ‌ ‌ ‌ ‌ ‌ ‌ ‌ ‌ ‌ ‌ ‌ ‌ ‌ ‌ ‌ ‌ ‌ ‌ ‌ ‌ ‌ ‌ ‌ ‌ ‌ ‌ ‌ ‌ ‌,3
1239,"Andy, Share your thoughts: chance to win $500  ‌ ‌ ‌ ‌ ‌ ‌ ‌ ‌ ‌ ‌ ‌ ‌ ‌ ‌ ‌ ‌ ‌ ‌ ‌ ‌ ‌ ‌ ‌ ‌ ‌ ‌ ‌ ‌ ‌ ‌ ‌ ‌ ‌ ‌ ‌ ‌ ‌ ‌ ‌ ‌ ‌ ‌ ‌ ‌ ‌ ‌ ‌ ‌ ‌ ‌ ‌ ‌ Dear Andy, We would love to hear from customers like yourself about the creative and digital",3
1240,"Apple Shopping Event: Big holiday savings start today. Plus, explore other incredible deals on Apple products Andy K. | View Account View: Web BEST BUY Top Deals Outlet TVs Computers Cell Phones Appliances Apple Shopping Event. Save on the ultimate gift.",1
1241,"Re: Andy Kang Final Grammer Andy, Let me know if you got the shared document with corrections. :) I can&#39;t wait to talk about it in class tomorrow with you! Elayna sent by magic! On Mon, Dec 9, 2024 at 7:39 AM mo Cho &lt;",3
1242,"Document shared with you: ""Final GDD"" Elayna Melchior shared a document Elayna Melchior (elayna.melchior@gmail.com) has invited you to edit the following document: this is an amazing game! I was very impressed with the story! You had under",4
1243,This just in 📣 Your writing last week was extraordinary! ‌ ‌ ‌ ‌ ‌ ‌ ‌ ‌ ‌ ‌ ‌ ‌ ‌ ‌ ‌ ‌ ‌ ‌ ‌ ‌ ‌ ‌ ‌ ‌ ‌ ‌ ‌ ‌ ‌ ‌ ‌ ‌ ‌ ‌ ‌ ‌ ‌ ‌ ‌ ‌ ‌ ‌ ‌ ‌ ‌ ‌ ‌ ‌ ‌ ‌ ‌ ‌ ‌ ‌ ‌ ‌ ‌ ‌ ‌ ‌ ‌ ‌ ‌ ‌ ‌ ‌ ‌ ‌ ‌ ‌ ‌ ‌ ‌ ‌ ‌ ‌ ‌ ‌ ‌ ‌,3
1244,12 Days of Questmas | 20% off Quest Health Profiles ☃️ Get a clear picture of your health this holiday season ‌ ‌ ‌ ‌ ‌ ‌ ‌ ‌ ‌ ‌ ‌ ‌ ‌ ‌ ‌ ‌ ‌ ‌ ‌ ‌ ‌ ‌ ‌ ‌ ‌ ‌ ‌ ‌ ‌ ‌ ‌ ‌ ‌ ‌ ‌ ‌ ‌ ‌ ‌ ‌ ‌ ‌ ‌ ‌ ‌ ‌ ‌ ‌ ‌ ‌ ‌ ‌ ‌ ‌ ‌ ‌ ‌ ‌ ‌ ‌ ‌ ‌ ‌ ‌ ‌ ‌ ‌ ‌ ‌ ‌ ‌ ‌ ‌,3
1245,DON'T MISS all the holiday magic at Disney Springs 🎄 Now&#39;s the time to take your holiday fun to the fullest at Disney Springs! VIEW in your browser Walt Disney World | Disney Springs A child sitting with Santa Claus. There&#39;s still plenty of,3
1246,"LSR7 Required Follow Up Graduate Survey Follow Up Survey Notice Andy, Please take the Lee&#39;s Summit R7 Required Graduate Follow Up Survey. We are always interested in hearing about your post-graduation endeavors, and the Department of",5
1247,Andy Kang Final Grammer Hi Ms.Elayna Could you check my final project grammar? Thank you https://docs.google.com/document/d/16uXhQBm49awQ8sMOLWfow_Rbl3UDjElzX_vDAPxnOAs/edit?usp=sharing Sent with Mailsuite · Unsubscribe 12/09,1
1249,탑스틱 topsticks loves your comment Youtube Logo 탑스틱 topsticks loves your comment 와 팬아트 감사합니다 (라인 피들 영상을 올리게 된 계기....) | 탑스틱 topsticks @mocho5604 선생님덕분에 정글피들하다가 골드에서 막혔는데 선생님을 보고 롤 시작한지 5개월만에 다이아라는 것을 찍었습니다 감사합니다! View hearted comment If,3
1250,"Ready, set... 3-Day Sale! Plus, catch today&#39;s DEAL in 25 Days of Deals. Andy K. | View Account View: Web BEST BUY Top Deals Outlet TVs Computers Cell Phones Appliances 3-Day Sale. Shop new Doorbusters. Don&#39;t miss these",1
1251,"Get more with the Udemy app More features, more convenience, more learning. Download our free iOS or Android app to your mobile device today. ͏‌ ͏‌ ͏‌ ͏‌ ͏‌ ͏‌ ͏‌ ͏‌ ͏‌ ͏‌ ͏‌ ͏‌ ͏‌ ͏‌ ͏‌ ͏‌ ͏‌ ͏‌ ͏‌ ͏‌ ͏‌ ͏‌ ͏‌ ͏‌ ͏‌ ͏‌ ͏‌ ͏‌ ͏‌",3
1252,"🔜 Act NOW because soon this won't be here! Best Buy + the 3-Day Sale means big savings 🔜 Also inside, unwrap 25 Days of Deals! Andy K. | View Account View: Web BEST BUY Top Deals Outlet TVs Computers Cell Phones Appliances 3-Day Sale. Shop new Doorbusters. Don&#39;t miss these great deals.",1
1253,"A puzzling syndrome linked to cannabis use, why the North Pole is moving, and more Good morning from Apple News. Here are some of our readers&#39; favorite stories right now. ͏ ͏ ͏ ͏ ͏ ͏ ͏ ͏ ͏ ͏ ͏ ͏ ͏ ͏ ͏ ͏ ͏ ͏ ͏ ͏ ͏ ͏ ͏ ͏ ͏ ͏ ͏ ͏ ͏ ͏ ͏ ͏ ͏ ͏ ͏ ͏ ͏ ͏ ͏ ͏ ͏ ͏ ͏ ͏ ͏ ͏ ͏ ͏ ͏ ͏ ͏ ͏ ͏ ͏ ͏",3
1254,"Reminder: Keep your Timeline data? Decide soon Hi mo, You have Timeline turned on for your account, which helps you go back in time and remember where you&#39;ve been. With Timeline, your visits and routes are automatically saved to a map on each",3
1255,"OFFERS? Sweet! Enjoy our 3-Day Sale. PS, Have you shopped 25 Days of Deals? Andy K. | View Account View: Web BEST BUY Top Deals Outlet TVs Computers Cell Phones Appliances 3-Day Sale. Shop new Doorbusters. Don&#39;t miss these great deals",1
1257,"The most dreaded way of firing someone, the teens risking their bodies to bulk up, and more Good morning from Apple News. Here are some great reads for the weekend. ͏ ͏ ͏ ͏ ͏ ͏ ͏ ͏ ͏ ͏ ͏ ͏ ͏ ͏ ͏ ͏ ͏ ͏ ͏ ͏ ͏ ͏ ͏ ͏ ͏ ͏ ͏ ͏ ͏ ͏ ͏ ͏ ͏ ͏ ͏ ͏ ͏ ͏ ͏ ͏ ͏ ͏ ͏ ͏ ͏ ͏ ͏ ͏ ͏ ͏ ͏ ͏ ͏ ͏ ͏ ͏ ͏ ͏ ͏ ͏ ͏ ͏ ͏ ͏",3
1258,"STOP SCROLLING... TVs as low as $64.99, now that's a great deal! Is it time to upgrade your electronics? Plus, 3-Day Sale ends tomorrow! Andy K. | View Account View: Web BEST BUY Top Deals Outlet TVs Computers Cell Phones Appliances Explore TVs as low as $64.99. Shop now. Reference disclaimer. Shop now 3-",1
1259,"Document shared with you: ""끄적"" heedo Youn shared a document heedo Youn (rite.seol07@gmail.com) has invited you to edit the following document: 끄적 Open If you don&#39;t want to receive files from this person, block the sender from",4
1260,"Kang, we've missed you. You're not too late! Save up to $1590+ during Cyber Week. Shop, save and finish your holiday shopping while supplies last. Shop, save and finish your holiday shopping while supplies last. Samsung Logo Shop our latest deals Phones TV &amp; Home Theater",1
1261,Enjoy our 3-Day SALE Don&#39;t forget to check out today&#39;s Deal of the Day Andy K. | View Account View: Web BEST BUY Top Deals Outlet TVs Computers Cell Phones Appliances 3-Day Sale. Shop new Doorbusters. Don&#39;t,1
1262,💰 Today only! Take 75% off all cards Don&#39;t wait! This offer expires at midnight. | View Online ‌ ‌ ‌ ‌ ‌ ‌ ‌ ‌ ‌ ‌ ‌ ‌ ‌ ‌ ‌ ‌ ‌ ‌ ‌ ‌ ‌ ‌ ‌ ‌ ‌ ‌ ‌ ‌ ‌ ‌ ‌ ‌ ‌ ‌ ‌ ‌ ‌ ‌ ‌ ‌ ‌ ‌ ‌ ‌ ‌ ‌ ‌ ‌ ‌ ‌ ‌ ‌ ‌ ‌ ‌ ‌ ‌ ‌ ‌ ‌ ‌ ‌ ‌ ‌ ‌ ‌ ‌ ‌ ‌ ‌,3
1263,"Discover the endless ways you can use your miles Travel, shopping, dining, experiences and more. View Online United MileagePlus MileagePlus # XXXXX645 United MileagePlus MileagePlus # XXXXX645 United MileagePlus MileagePlus # XXXXX645 use miles to",1
1264,Heads up - the offers don't stop. And take a look at today&#39;s featured deal in 25 Days of Deals! Andy K. | View Account View: Web BEST BUY Top Deals Outlet TVs Computers Cell Phones Appliances 3-Day Sale. Shop new Doorbusters. Don,1
1265,"America's new top political donor, the cancer on the rise among young people, and more Here&#39;s what you need to know. ͏ ͏ ͏ ͏ ͏ ͏ ͏ ͏ ͏ ͏ ͏ ͏ ͏ ͏ ͏ ͏ ͏ ͏ ͏ ͏ ͏ ͏ ͏ ͏ ͏ ͏ ͏ ͏ ͏ ͏ ͏ ͏ ͏ ͏ ͏ ͏ ͏ ͏ ͏ ͏ ͏ ͏ ͏ ͏ ͏ ͏ ͏ ͏ ͏ ͏ ͏ ͏ ͏ ͏ ͏ ͏ ͏ ͏ ͏ ͏ ͏ ͏ ͏ ͏ ͏ ͏ ͏ ͏ ͏ ͏ ͏ ͏ ͏ ͏ ͏ ͏ ͏ ͏ ͏ ͏ ͏ ͏ ͏ ͏",3
1266,⏳The final 70% Cyber Monday deal of the year! Avast&#39;s Cyber Monday sale ends in 24 hours Avast Software View in browser Save 70% during our Cyber Monday sale Day Hour Min Today&#39;s special Avast SecureLine VPN Browse like no one&#39;s,1
1267,Holiday Gifts for Everyone—Save Up to $70! Enjoy a complimentary gift and free express shipping on orders over $99! ͏ ‌ ͏ ‌ ͏ ‌ ͏ ‌ ͏ ‌ ͏ ‌ ͏ ‌ ͏ ‌ ͏ ‌ ͏ ‌ ͏ ‌ ͏ ‌ ͏ ‌ ͏ ‌ ͏ ‌ ͏ ‌ ͏ ‌ ͏ ‌ ͏ ‌ ͏ ‌ ͏ ‌ ͏ ‌ ͏ ‌ ͏ ‌ ͏ ‌ ͏ ‌ ͏ ‌ ͏ ‌ ͏ ‌ ͏ ‌ ͏ ‌ ͏ ‌,3
1268,Here’s your 2024 VALORANT FLASHBACK Reflect on your year with some personal stats and discover your customized VALORANT persona. See your full FLASHBACK FIND OUT YOUR VAL PERSONA This email was sent to skk126skk126@gmail.com because you,3
1269,Make the most of your membership Explore resources and assets that help you maximize your Creative Cloud plan. ‌ ‌ ‌ ‌ ‌ ‌ ‌ ‌ ‌ ‌ ‌ ‌ ‌ ‌ ‌ ‌ ‌ ‌ ‌ ‌ ‌ ‌ ‌ ‌ ‌ ‌ ‌ ‌ ‌ ‌ ‌ ‌ ‌ ‌ ‌ ‌ ‌ ‌ ‌ ‌ ‌ ‌ ‌ ‌ ‌ ‌ ‌ ‌ ‌ ‌ ‌ ‌ ‌ ‌ ‌ ‌ ‌ ‌ ‌ ‌ ‌ ‌,3
1270,"25 Days of Deals: Is today the one you’ve been waiting for? Plus, more holiday deals on great tech Andy K. | View Account View: Web BEST BUY Top Deals Outlet TVs Computers Cell Phones Appliances 25 Days of Deals. New deals, every day. Ends December 25. Shop now",1
1272,"🌎 mo, your November update mo, here&#39;s your new Timeline update You&#39;re receiving this email because you turned on Location History, a Google Account-level setting that creates Timeline, a personal map of your visited",3
1273,🥳 Cyber Savings extended: 50% off Grammarly Pro Upgrade before time runs out. ‌ ‌ ‌ ‌ ‌ ‌ ‌ ‌ ‌ ‌ ‌ ‌ ‌ ‌ ‌ ‌ ‌ ‌ ‌ ‌ ‌ ‌ ‌ ‌ ‌ ‌ ‌ ‌ ‌ ‌ ‌ ‌ ‌ ‌ ‌ ‌ ‌ ‌ ‌ ‌ ‌ ‌ ‌ ‌ ‌ ‌ ‌ ‌ ‌ ‌ ‌ ‌ ‌ ‌ ‌ ‌ ‌ ‌ ‌ ‌ ‌ ‌ ‌ ‌ ‌ ‌ ‌ ‌ ‌ ‌ ‌ ‌ ‌ ‌ ‌ ‌ ‌ ‌ ‌ ‌ ‌ ‌ ‌ ‌ ‌ ‌,3
1274,"Manhunt underway after health-care CEO killed, the best places to retire in the U.S., and more Here&#39;s what you need to know. ͏ ͏ ͏ ͏ ͏ ͏ ͏ ͏ ͏ ͏ ͏ ͏ ͏ ͏ ͏ ͏ ͏ ͏ ͏ ͏ ͏ ͏ ͏ ͏ ͏ ͏ ͏ ͏ ͏ ͏ ͏ ͏ ͏ ͏ ͏ ͏ ͏ ͏ ͏ ͏ ͏ ͏ ͏ ͏ ͏ ͏ ͏ ͏ ͏ ͏ ͏ ͏ ͏ ͏ ͏ ͏ ͏ ͏ ͏ ͏ ͏ ͏ ͏ ͏ ͏ ͏ ͏ ͏ ͏ ͏ ͏ ͏ ͏ ͏ ͏ ͏ ͏ ͏ ͏ ͏ ͏ ͏ ͏ ͏",3
1275,"*** Info from Best Buy *** Our holiday deals have your name on them - here are some offers you're gonna LOVE! Also inside, unwrap 25 Days of Deals! Andy K. | View Account View: Web BEST BUY Top Deals Outlet TVs Computers Cell Phones Appliances Your home for all the deals. New Doorbusters every Friday.",1
1276,"Career-Focused From Day One Missouri S&amp;T Dear Andy, At Missouri S&amp;T, we&#39;re career-focused from day one! Whether you&#39;re participating in one of our design teams or experiential learning, you&#39;re getting hands-on",3
1277,"Let us know your thoughts 💭 Your feedback matters to us Having trouble viewing this? Click here. MapleStory Research SHARE YOUR THOUGHTS, MAPLERS! We want to hear about your experiences to help us improve MapleStory events! Your",5
1279,남주 이름 헤어짐 뜻으로 하는거 ㅈㄴ 좋긴한데욘 이안이 그 뜻인가욘? 아 근데 여주 이름 스텔라로 굳힌거임?,3
1280,"Andy: your MCC opportunity is waiting Metropolitan Community College Take advantage of your opportunity Andy, Finishing college is one of the best things you can do for yourself. Classes start January 21, and we want to help you get back",3
1281,"Final project - 스킨 얘기 했던 것 같은데 이거는 뭐 어떻게 할지는 모르겠당 Gyeongwon Youn added a comment to the following document Final project 1 comment 스킨이 있다 Gyeongwon Youn • 9:15 AM, Dec 4 (CST) New 스킨 얘기 했던 것 같은데 이거는 뭐 어떻게 할지는 모르겠당 Open Google LLC, 1600 Amphitheatre",3
1282,⏰ Last chance for Cyber Savings: 50% off Grammarly Pro Don&#39;t miss your chance to build connection with better communication. ‌ ‌ ‌ ‌ ‌ ‌ ‌ ‌ ‌ ‌ ‌ ‌ ‌ ‌ ‌ ‌ ‌ ‌ ‌ ‌ ‌ ‌ ‌ ‌ ‌ ‌ ‌ ‌ ‌ ‌ ‌ ‌ ‌ ‌ ‌ ‌ ‌ ‌ ‌ ‌ ‌ ‌ ‌ ‌ ‌ ‌ ‌ ‌ ‌ ‌ ‌ ‌ ‌ ‌ ‌ ‌ ‌ ‌ ‌ ‌ ‌ ‌ ‌ ‌,3
1284,Save up to 35% before the sale ends at midnight 🌙 Don&#39;t miss the biggest discounts of the year ‌ ‌ ‌ ‌ ‌ ‌ ‌ ‌ ‌ ‌ ‌ ‌ ‌ ‌ ‌ ‌ ‌ ‌ ‌ ‌ ‌ ‌ ‌ ‌ ‌ ‌ ‌ ‌ ‌ ‌ ‌ ‌ ‌ ‌ ‌ ‌ ‌ ‌ ‌ ‌ ‌ ‌ ‌ ‌ ‌ ‌ ‌ ‌ ‌ ‌ ‌ ‌ ‌ ‌ ‌ ‌ ‌ ‌ ‌ ‌ ‌ ‌ ‌ ‌ ‌ ‌ ‌ ‌ ‌ ‌ ‌ ‌ ‌ ‌ ‌ ‌,1
1285,"How Palm Beach became MAGA central, the link between sleep and dementia, and more Here&#39;s what you need to know. ͏ ͏ ͏ ͏ ͏ ͏ ͏ ͏ ͏ ͏ ͏ ͏ ͏ ͏ ͏ ͏ ͏ ͏ ͏ ͏ ͏ ͏ ͏ ͏ ͏ ͏ ͏ ͏ ͏ ͏ ͏ ͏ ͏ ͏ ͏ ͏ ͏ ͏ ͏ ͏ ͏ ͏ ͏ ͏ ͏ ͏ ͏ ͏ ͏ ͏ ͏ ͏ ͏ ͏ ͏ ͏ ͏ ͏ ͏ ͏ ͏ ͏ ͏ ͏ ͏ ͏ ͏ ͏ ͏ ͏ ͏ ͏ ͏ ͏ ͏ ͏ ͏ ͏ ͏ ͏ ͏ ͏ ͏ ͏",3
1286,"(광고) 연말 회고 같이 쓰실래요? 12월 퇴근길 밋업 참가 신청 오픈! 같이 날 잡고, 집중해 보자구요. 모여서 30분 뽀모도로를 하면서 회고를 진행해요! 안녕하세요, 인프런입니다. 벌써 12월이네요. 올해 마지막 12월 판교 퇴근길 밋업에서는 특별한 연말 회고를 진행해보려고 해요. 그래서 연말 회고와 아주 잘 어울리는 분이죠. 개발자 글쓰기 모임, 글또를 1기부터 10기까지 운영하신 변성윤 님을 모셨어요. 따뜻한 인프런 사무실",1
1287,🤑Avast’s biggest sale of the year continues: save 70% This Cyber Monday offer won&#39;t last forever! Avast Software View in browser Save 70% during our Cyber Monday sale Day Hour Min Today&#39;s special Avast Cleanup Premium Get your device running like,1
1289,"Andy, transferring made easy at S&T Missouri S&amp;T Transferring Excellence at Missouri S&amp;T S&amp;T made the Phi Theta Kappa&#39;s Transfer Honor Roll list. Dear Andy, Missouri S&amp;T was selected as being among the most transfer-",3
1290,Cyber Monday’s over. But UP TO 35% OFF is still here! 👍🏽 Save on a huge selection of Quest lab tests ‌ ‌ ‌ ‌ ‌ ‌ ‌ ‌ ‌ ‌ ‌ ‌ ‌ ‌ ‌ ‌ ‌ ‌ ‌ ‌ ‌ ‌ ‌ ‌ ‌ ‌ ‌ ‌ ‌ ‌ ‌ ‌ ‌ ‌ ‌ ‌ ‌ ‌ ‌ ‌ ‌ ‌ ‌ ‌ ‌ ‌ ‌ ‌ ‌ ‌ ‌ ‌ ‌ ‌ ‌ ‌ ‌ ‌ ‌ ‌ ‌ ‌ ‌ ‌ ‌ ‌ ‌ ‌ ‌ ‌ ‌ ‌ ‌ ‌ ‌ ‌ ‌ ‌ ‌,3
1291,"** TECH ON SALE ** This is around for one day (TODAY)! And shop the Major Appliance Holiday Sale. Andy K. | View Account View: Web BEST BUY Top Deals Outlet TVs Computers Cell Phones Appliances 25 Days of Deals. New deals, every day. Ends December 25. Shop",1
1292,"Earn MileagePlus miles on flights, hotels, shopping and more Let us count the ways you can earn miles. View Online United MileagePlus MileagePlus # XXXXX645 United MileagePlus MileagePlus # XXXXX645 United MileagePlus MileagePlus # XXXXX645 Earn miles when you",1
1293,"Final project - 나쁘진 않은데 아르카스랑 너무 비슷 하지 않음? Gyeongwon Youn added a comment to the following document Final project 1 comment 님 있나요 주인공 이름 아르카 어떠삼(비밀을 담은곳 이라는 뜻이있음) Gyeongwon Youn • 1:21 PM, Dec 3 (CST) New 나쁘진 않은데 아르카스랑 너무 비슷 하지 않음? Gyeongwon",3
1294,Delivered: Your Amazon.com order #111-0004470-8671413 Delivered: Your Amazon.com order #111-0004470-8671413͏ ‌ ͏ ‌ ͏ ‌ ͏ ‌ ͏ ‌ ͏ ‌ ͏ ‌ ͏ ‌ ͏ ‌ ͏ ‌ ͏ ‌ ͏ ‌ ͏ ‌ ͏ ‌ ͏ ‌ ͏ ‌ ͏ ‌ ͏ ‌ ͏ ‌ ͏ ‌ ͏ ‌ ͏ ‌ ͏ ‌ ͏ ‌ ͏ ‌ ͏ ‌ ͏ ‌ ͏ ‌ ͏ ‌ ͏ ‌ ͏ ‌ ͏ ‌ ͏ ‌ ͏ ‌ ͏ ‌ ͏ ‌ ͏ ‌,3
1295,"Now arriving today: Your Amazon package will be delivered today. Amazon.com Hi AndyKang, Your Amazon package will be delivered today. Out for delivery Your package will arrive Today Order # 111-0004470-8671413 Track your package If you prefer, you can add delivery",3
1296,"Why creatine is suddenly everywhere, the town torn apart by cruise tourism, and more Here&#39;s what you need to know. ͏ ͏ ͏ ͏ ͏ ͏ ͏ ͏ ͏ ͏ ͏ ͏ ͏ ͏ ͏ ͏ ͏ ͏ ͏ ͏ ͏ ͏ ͏ ͏ ͏ ͏ ͏ ͏ ͏ ͏ ͏ ͏ ͏ ͏ ͏ ͏ ͏ ͏ ͏ ͏ ͏ ͏ ͏ ͏ ͏ ͏ ͏ ͏ ͏ ͏ ͏ ͏ ͏ ͏ ͏ ͏ ͏ ͏ ͏ ͏ ͏ ͏ ͏ ͏ ͏ ͏ ͏ ͏ ͏ ͏ ͏ ͏ ͏ ͏ ͏ ͏ ͏ ͏ ͏ ͏ ͏ ͏ ͏ ͏",3
1297,"🔔 Deal Ends Today - $30 off Annual Premium Showcase For LeetCoders who missed our Black Friday Deal, this is your chance! The $30 off on our annual premium subscription is extended for one day! Use code &quot;THANKS2024&quot; at checkout. What",1
1298,Your email productivity report is ready November 2024 Your email productivity report is ready. Check out your report Turn off email productivity report alerts,3
1299,"Final project New activity in the following document Final project 3 comments 대륙에 다른 차원에서 새로운 생명채들이 소환되는걸 느꼇어. Gyeongwon Youn • 10:59 PM, Dec 2 (CST) New 이 부분이 이해가 안된 단 말입니다, 이 말은즉슨, 신들도 어떤 원리로 작동 하는 지 모를 수도 있다는거에여",3
1300,Don't let $0 for 3 months of Spotify Premium go. Make the most of ad-free music listening now. Spotify Premium Take the party anywhere with Premium. 3 months of Spotify Premium now for $0. Be in the moment with your music without hearing ads. Enjoy 3,3
1301,"🔍 Discover your progress + Cyber Savings: 50% off Pro! Plus, check out how you sounded to readers last week. ‌ ‌ ‌ ‌ ‌ ‌ ‌ ‌ ‌ ‌ ‌ ‌ ‌ ‌ ‌ ‌ ‌ ‌ ‌ ‌ ‌ ‌ ‌ ‌ ‌ ‌ ‌ ‌ ‌ ‌ ‌ ‌ ‌ ‌ ‌ ‌ ‌ ‌ ‌ ‌ ‌ ‌ ‌ ‌ ‌ ‌ ‌ ‌ ‌ ‌ ‌ ‌ ‌ ‌ ‌ ‌ ‌ ‌ ‌ ‌ ‌ ‌ ‌ ‌ ‌ ‌ ‌ ‌ ‌ ‌ ‌ ‌ ‌ ‌",3
1302,Don’t miss your chance to save. Limited-time deals up to $845 off end soon. View in Browser Dell Technologies Dell Technologies View Products Call Now Live Chat View Products Call Now Live Chat Everyone loves rewards Dell Rewards,1
1303,⚠️ Cyber Monday deals have arrived! Snatch up 2 limited-time deals + a mystery offer. | View Online ‌ ‌ ‌ ‌ ‌ ‌ ‌ ‌ ‌ ‌ ‌ ‌ ‌ ‌ ‌ ‌ ‌ ‌ ‌ ‌ ‌ ‌ ‌ ‌ ‌ ‌ ‌ ‌ ‌ ‌ ‌ ‌ ‌ ‌ ‌ ‌ ‌ ‌ ‌ ‌ ‌ ‌ ‌ ‌ ‌ ‌ ‌ ‌ ‌ ‌ ‌ ‌ ‌ ‌ ‌ ‌ ‌ ‌ ‌ ‌ ‌ ‌ ‌ ‌ ‌ ‌ ‌ ‌ ‌,1
1304,"This is BIG. Don’t miss today’s Flash Sale – ENDS TONIGHT at 11:59 p.m. CT. Plus, last chance for our Cyber Monday Savings Event. Andy K. | View Account View: Web BEST BUY Top Deals Outlet TVs Computers Cell Phones Appliances Today only. Cyber Monday Flash Sale. Shop in-store",1
1306,양야야야야야야ㅑ야야야야야ㅑ야야야야야ㅑ야야야야ㅑ야 닥스 확인좀 ㅎ,3
1307,"Biggest. Sale. Of. The. Year. Right. Now. More savings, more limited-time deals. View in Browser Dell Technologies Dell Technologies View Products Call Now Live Chat View Products Call Now Live Chat Everyone loves rewards Dell Rewards members",1
1308,"Final project - Add: “자신의 일부를 떼어,”  Gyeongwon Youn added a suggestion to the following document Final project 1 suggestion Gyeongwon Youn • 10:20 AM, Dec 2 (CST) New Add: “자신의 일부를 떼어,” Open Google LLC, 1600 Amphitheatre Parkway, Mountain",3
1309,30% OFF SITEWIDE + FREE SHIPPING 🎄 &#39;Tis the season to save BIG ͏ ͏ ͏ ͏ ͏ ͏ ͏ ͏ ͏ ͏ ͏ ͏ ͏ ͏ ͏ ͏ ͏ ͏ ͏ ͏ ͏ ͏ ͏ ͏ ͏ ͏ ͏ ͏ ͏ ͏ ͏ ͏ ͏ ͏ ͏ ͏ ͏ ͏ ͏ ͏ ͏ ͏ ͏ ͏ ͏ ͏ ͏ ͏ ͏ ͏ ͏ ͏ ͏ ͏ ͏ ͏ ͏ ͏ ͏ ͏ ͏ ͏ ͏ ͏ ͏ ͏ ͏ ͏ ͏ ͏ ͏ ͏ ͏ ͏ ͏ ͏ ͏ ͏ ͏ ͏ ͏ ͏ ͏ ͏ ͏,3
1310,"Final project New activity in the following document Final project 2 suggestions Gyeongwon Youn • 9:51 AM, Dec 2 (CST) New Replace: “주인공이 노예처럼 부려짐. 몇일 후 소환된 인간들의 그룹이 주인공을 포함한 여러 다른사람들을 구하기위해 탄광에서 전투가 벌어집니다(소환된 인간들이",3
1311,"Final project New activity in the following document Final project 2 comments 구출해내었고 Gyeongwon Youn • 9:12 AM, Dec 2 (CST) New 이거 구출 맞음? 차라리 발견 되는게 낮지 않어? Gyeongwon Youn • 9:26 AM, Dec 2 (CST) New Marked as resolved",3
1312,"Final project - Add: “(필살기 그 이름 정할때 한번 만 알려줘요 ㅋㅋㅋㅋㅋ)”  Gyeongwon Youn added a suggestion to the following document Final project 1 suggestion Gyeongwon Youn • 9:02 AM, Dec 2 (CST) New Add: “(필살기 그 이름 정할때 한번 만 알려줘요 ㅋㅋㅋㅋㅋ)” Open Google LLC, 1600 Amphitheatre",3
1313,Cyber Monday Sale ends today — courses as low as $9.99 Last chance to stock up during our best sale of the season. ͏ ‌ ﻿ ͏ ‌ ﻿ ͏ ‌ ﻿ ͏ ‌ ﻿ ͏ ‌ ﻿ ͏ ‌ ﻿ ͏ ‌ ﻿ ͏ ‌ ﻿ ͏ ‌ ﻿ ͏ ‌ ﻿ ͏ ‌ ﻿ ͏ ‌ ﻿ ͏ ‌ ﻿ ͏ ‌ ﻿ ͏ ‌ ﻿ ͏ ‌ ﻿ ͏ ‌ ﻿ ͏ ‌ ﻿ ͏ ‌ ﻿ ͏ ‌ ﻿ ͏ ‌ ﻿ ͏ ‌ ﻿ ͏ ‌ ﻿ ͏ ‌,1
1314,🤖 SHOP CYBER SALE: up to 35% off lab tests! This is the biggest sale of the year! ‌ ‌ ‌ ‌ ‌ ‌ ‌ ‌ ‌ ‌ ‌ ‌ ‌ ‌ ‌ ‌ ‌ ‌ ‌ ‌ ‌ ‌ ‌ ‌ ‌ ‌ ‌ ‌ ‌ ‌ ‌ ‌ ‌ ‌ ‌ ‌ ‌ ‌ ‌ ‌ ‌ ‌ ‌ ‌ ‌ ‌ ‌ ‌ ‌ ‌ ‌ ‌ ‌ ‌ ‌ ‌ ‌ ‌ ‌ ‌ ‌ ‌ ‌ ‌ ‌ ‌ ‌ ‌ ‌ ‌ ‌ ‌ ‌ ‌ ‌ ‌ ‌ ‌ ‌ ‌ ‌ ‌,1
1315,"Save up to 40% with Cyber Monday deals Last day to shop offers on games, headsets and more.‌ ‌ ‌ ‌ ‌ ‌ ‌ ‌ ‌ ‌ ‌ ‌ ‌ ‌ ‌ ‌ ‌ ‌ ‌ ‌ ‌ ‌ ‌ ‌ ‌ ‌ ‌ ‌ ‌ ‌ ‌ ‌ ‌ ‌ ‌ ‌ ‌ ‌ ‌ ‌ ‌ ‌ ‌ ‌ ‌ ‌ ‌ ‌ ‌ ‌ ‌ ‌ ‌ ‌ ‌ ‌ ‌ ‌ ‌ ‌ ‌ ‌ ‌ ‌ ‌ ‌ ‌ ‌ ‌ ‌ ‌ ‌ ‌ ‌ ‌",1
1316,🚨 FINAL HOURS - $30 off Annual Subscription Showcase Hurry &amp; Save! Today is the last day to take advantage of Thanksgiving deals! Get $30 off on LeetCode Annual Premium Subscription. Unlock LeetCode Premium for just $129 - only $10.75/month!,1
1317,🤩Surprise! Save 70% during Avast’s Cyber Monday We&#39;re extending our most popular Black Friday deal! Avast Software View in browser Save 70% during our Cyber Monday sale Day Hour Min Today&#39;s special Avast Premium Security Help protect your,1
1318,"Cyber Monday = OFFERS Plus, don&#39;t miss our Flash Sale – TODAY – starting at 8 am CT. Andy K. | View Account View: Web BEST BUY Top Deals Outlet TVs Computers Cell Phones Appliances Save up to 50% with Cyber Monday",1
1319,"Final project - Add: “아 이번년도 베스트 상처 됐던말 10위부터 1위까지 무려... heedo Youn added a suggestion to the following document Final project 1 resolved Suggestions heedo Youn • 11:31 PM, Dec 1 (CST) New Add: “아 이번년도 베스트 상처 됐던말 10위부터 1위까지 무려 7석을 차지하고 계시는 두동씨 ㅊㅊ ㅋㅋㅋㅋㅋㅋㅋㅋㅋㅋㅋ",3
1320,"Final project New activity in the following document Final project 2 comments 아렐리스 제국이 존재했다 heedo Youn • 10:52 PM, Dec 1 (CST) New ㅈㄴ 딱딱함 다른식으로 해봐 ReplyOpen 희망에 환호성을 짓는다 heedo Youn • 10:59 PM, Dec 1 (CST) New 좐나 어색",3
1321,"Another Cyber Monday is here Plus, check out the 25 Days of Deals today only Andy K. | View Account View: Web BEST BUY Top Deals Outlet TVs Computers Cell Phones Appliances Save up to 50% with Cyber Monday Savings Events.",1
1322,Welcome to the MileagePlus program Embark on an adventure with United View Online United MileagePlus MileagePlus # XXXXX645 United MileagePlus MileagePlus # XXXXX645 United MileagePlus MileagePlus # XXXXX645 Welcome Learn how to make,2
1323,"Your Amazon.com order of ""Logitech G PRO X SUPERLIGHT..."" has shipped! Amazon.com Hello AndyKang, Your package is arriving earlier than we previously expected. Shipping Confirmation Your package will arrive by Monday, December 2 Previously expected: Tuesday, December 3",3
1324,🦾 Cyber Monday Sale 🦾 It&#39;s our biggest sale of the season. Stock up on our most popular courses. ͏ ‌ ﻿ ͏ ‌ ﻿ ͏ ‌ ﻿ ͏ ‌ ﻿ ͏ ‌ ﻿ ͏ ‌ ﻿ ͏ ‌ ﻿ ͏ ‌ ﻿ ͏ ‌ ﻿ ͏ ‌ ﻿ ͏ ‌ ﻿ ͏ ‌ ﻿ ͏ ‌ ﻿ ͏ ‌ ﻿ ͏ ‌ ﻿ ͏ ‌ ﻿ ͏ ‌ ﻿ ͏ ‌ ﻿ ͏ ‌ ﻿ ͏ ‌ ﻿ ͏,1
1325,"Big changes coming to your 401(k), the home renovations you'll reget, and more Good morning from Apple News. Here are some stories to help make the most of your money and your time. ͏ ͏ ͏ ͏ ͏ ͏ ͏ ͏ ͏ ͏ ͏ ͏ ͏ ͏ ͏ ͏ ͏ ͏ ͏ ͏ ͏ ͏ ͏ ͏ ͏ ͏ ͏ ͏ ͏ ͏ ͏ ͏ ͏ ͏ ͏ ͏ ͏ ͏ ͏ ͏ ͏ ͏ ͏ ͏ ͏ ͏ ͏ ͏ ͏",3
1327,"Cyber Monday Savings Events start today! Act quick, ends tomorrow. Andy K. | View Account View: Web BEST BUY Top Deals Outlet TVs Computers Cell Phones Appliances Save up to 50% with Cyber Monday Savings Events. Reference disclaimer. Shop now",1
1328,You have until the end of the day - Black Friday DEALS and Doorbusters - amazing savings on tech... Grab these deals before they&#39;re gone. Andy K. | View Account View: Web BEST BUY Top Deals Outlet TVs Computers Cell Phones Appliances Black Friday is here. Shop new Doorbusters. Ends today.,1
1329,Expand your knowledge with Development courses What will you learn next? Explore these recommended courses to expand your skills. ͏‌ ͏‌ ͏‌ ͏‌ ͏‌ ͏‌ ͏‌ ͏‌ ͏‌ ͏‌ ͏‌ ͏‌ ͏‌ ͏‌ ͏‌ ͏‌ ͏‌ ͏‌ ͏‌ ͏‌ ͏‌ ͏‌ ͏‌ ͏‌ ͏‌ ͏‌ ͏‌ ͏‌ ͏‌ ͏‌ ͏‌ ͏‌ ͏‌ ͏‌ ͏‌ ͏‌ ͏‌ ͏‌ ͏‌,3
1330,"The truth about intermittent fasting, the Italian village offering $1 homes to Americans, and more Good morning from Apple News. Here are some great reads for the weekend. ͏ ͏ ͏ ͏ ͏ ͏ ͏ ͏ ͏ ͏ ͏ ͏ ͏ ͏ ͏ ͏ ͏ ͏ ͏ ͏ ͏ ͏ ͏ ͏ ͏ ͏ ͏ ͏ ͏ ͏ ͏ ͏ ͏ ͏ ͏ ͏ ͏ ͏ ͏ ͏ ͏ ͏ ͏ ͏ ͏ ͏ ͏ ͏ ͏ ͏ ͏ ͏ ͏ ͏ ͏ ͏ ͏ ͏ ͏ ͏ ͏ ͏ ͏ ͏",3
1331,"The Black Friday Deals and Doorbusters Sale (and amazing tech) is only a click away... Quick, this ends today! Hours left, don&#39;t wait! Andy K. | View Account View: Web BEST BUY Top Deals Outlet TVs Computers Cell Phones Appliances Black Friday is here. Shop new Doorbusters. Ends today. Reference disclaimer.",1
1332,Black Friday savings continue with up to 25% off! Save on our expanded selection of health tests ‌ ‌ ‌ ‌ ‌ ‌ ‌ ‌ ‌ ‌ ‌ ‌ ‌ ‌ ‌ ‌ ‌ ‌ ‌ ‌ ‌ ‌ ‌ ‌ ‌ ‌ ‌ ‌ ‌ ‌ ‌ ‌ ‌ ‌ ‌ ‌ ‌ ‌ ‌ ‌ ‌ ‌ ‌ ‌ ‌ ‌ ‌ ‌ ‌ ‌ ‌ ‌ ‌ ‌ ‌ ‌ ‌ ‌ ‌ ‌ ‌ ‌ ‌ ‌ ‌ ‌ ‌ ‌ ‌ ‌ ‌ ‌ ‌ ‌ ‌ ‌ ‌,3
1333,"탑스틱 topsticks loves your comment Youtube Logo 탑스틱 topsticks loves your comment 제이스 카운터 | 탑스틱 topsticks @mocho5604 원거리 죽을때마다 속이 뻥 뚤립니다 ㅋㅋㅋ View hearted comment If you no longer wish to receive emails about comments and replies, you can",3
1334,"Your MileagePlus® account information has been updated United MileagePlus Your MileagePlus® account information has been updated Hi DONGHYUK KANG, We wanted to let you know your MileagePlus® account information has changed. For your security, we can&#39;t",5
1335,"Your MileagePlus® account information has been updated United MileagePlus Your MileagePlus® account information has been updated Hi DONGHYUN KANG, We wanted to let you know your MileagePlus® account information has changed. For your security, we can&#39;t",5
1336,"Here’s your verification code United Airlines Here&#39;s your verification code Your verification code is: 719317 This code will expire in 5 minutes. For your security, never forward or share this information with any unknown third",5
1337,Action needed: Set up your password United MileagePlus Action needed: Set up your password Finish enrolling in MileagePlus Finish enrolling in MileagePlus Finish enrolling in MileagePlus MileagePlus Number SKD27645 Complete your,3
1338,"Fwd: Your United Airlines booking confirmation – LTYRDD ---------- Forwarded message --------- From: United Airlines &lt;notifications@united.com&gt; Date: Fri, Nov 29, 2024 at 8:05 PM Subject: Your United Airlines booking confirmation – LTYRDD To: &lt;",3
1339,"Fwd: eTicket Itinerary and Receipt for Confirmation LTYRDD ---------- Forwarded message --------- From: United Airlines &lt;Receipts@united.com&gt; Date: Fri, Nov 29, 2024 at 8:05 PM Subject: eTicket Itinerary and Receipt for Confirmation LTYRDD To: &lt;TKANG@",3
1340,"[Board Game Arena] If you're not sure where to begin, follow our selections 🎯 The world&#39;s first platform to play board games online Board Game Arena My account Board Game Arena Don&#39;t worry, a tutorial is available for each game and we help you by offering several",5
1341,"dong님, Death Row Records의 Chief Executive Officer - Snoop Dogg님을 팔로우하는 게 어떠세요? 추천 보기 ͏ ͏ ͏ ͏ ͏ ͏ ͏ ͏ ͏ ͏ ͏ ͏ ͏ ͏ ͏ ͏ ͏ ͏ ͏ ͏ ͏ ͏ ͏ ͏ ͏ ͏ ͏ ͏ ͏ ͏ ͏ ͏ ͏ ͏ ͏ ͏ ͏ ͏ ͏ ͏ ͏ ͏ ͏ ͏ ͏ ͏ ͏ ͏ ͏ ͏ ͏ ͏ ͏ ͏ ͏ ͏ ͏ ͏ ͏ ͏ ͏ ͏ ͏ ͏ ͏ ͏ ͏ ͏ ͏ ͏ ͏ ͏ ͏ ͏ ͏ ͏ ͏ ͏ ͏ ͏ ͏ ͏ ͏ ͏ ͏ ͏ ͏ ͏ ͏ ͏ ͏ ͏ ͏ ͏ ͏ ͏ ͏ ͏",3
1342,"You'll like this - amazing Doorbusters can be found at Best Buy! Don&#39;t forget to check out today&#39;s Deal of the Day Andy K. | View Account View: Web BEST BUY Top Deals Outlet TVs Computers Cell Phones Appliances Stores are open Friday, November 29, 6 am to 10",1
1343,"Help Fulfill Shakatu's Requests! Reward: Shakatu's Seals, +200 Advice of Valks, and More! Bounty Alert! Do You Dare Accept? Low risk, high reward! Complete Shakatu&#39;s requests and claim a share of his fortunes! &quot;Catch that grave robber, Afuaru, and I&#39;ll see you handsomely",3
1344,"Kang, it's time to gobble up great deals! Save up to $2,100 on AI-powered home entertainmnet products Black Friday. Plus, save up to $1700+ on phones, home appliances and more. - Black Friday is finally here! Plus, save up to $1700+ on phones, home appliances and more. SAMSUNG SAMSUNG Phones TV &amp; Home Theater",1
1345,Wake up! Black Friday deals just dropped… Don&#39;t forget your mystery offer too. | View Online ‌ ‌ ‌ ‌ ‌ ‌ ‌ ‌ ‌ ‌ ‌ ‌ ‌ ‌ ‌ ‌ ‌ ‌ ‌ ‌ ‌ ‌ ‌ ‌ ‌ ‌ ‌ ‌ ‌ ‌ ‌ ‌ ‌ ‌ ‌ ‌ ‌ ‌ ‌ ‌ ‌ ‌ ‌ ‌ ‌ ‌ ‌ ‌ ‌ ‌ ‌ ‌ ‌ ‌ ‌ ‌ ‌ ‌ ‌ ‌ ‌ ‌ ‌ ‌ ‌ ‌ ‌ ‌ ‌ ‌ ‌ ‌ ‌,1
1346,Your window of savings ends 11/30. Last chance to shop lowest prices of the year! View in Browser Dell Technologies Dell Technologies View Products Call Now Live Chat View Products Call Now Live Chat Everyone loves rewards Dell Rewards,3
1347,"Don’t Miss Out—-Black Friday on Battle.net is Ending Soon, Adventurer! Secure major discounts on games, bundles, and more. Only a few days left! Only a few days left! Black Friday is drawing to a close, Adventurer! Shop through December 2 and save up to 67% off a",1
1348,"Lowest. Prices. Of. The. Year. Right. Now. Black Friday limited-time deals are on! View in Browser Dell Technologies Dell Technologies View Products Call Now Live Chat View Products Call Now Live Chat Before any task, just ask Everyone loves",1
1349,BLACK FRIDAY SALE: up to 25% off 🛒 More lab tests have just been added! ‌ ‌ ‌ ‌ ‌ ‌ ‌ ‌ ‌ ‌ ‌ ‌ ‌ ‌ ‌ ‌ ‌ ‌ ‌ ‌ ‌ ‌ ‌ ‌ ‌ ‌ ‌ ‌ ‌ ‌ ‌ ‌ ‌ ‌ ‌ ‌ ‌ ‌ ‌ ‌ ‌ ‌ ‌ ‌ ‌ ‌ ‌ ‌ ‌ ‌ ‌ ‌ ‌ ‌ ‌ ‌ ‌ ‌ ‌ ‌ ‌ ‌ ‌ ‌ ‌ ‌ ‌ ‌ ‌ ‌ ‌ ‌ ‌ ‌ ‌ ‌ ‌ ‌ ‌ ‌ ‌ ‌,1
1350,"Final project New activity in the following document Final project 12 suggestions heedo Youn • 10:56 AM, Nov 29 (CST) New Add: “(그니까 궁이라는거죠?)” ReplyOpen heedo Youn • 10:57 AM, Nov 29 (CST) New Add: “(Q스킬)” ReplyOpen",3
1351,Black Friday Just Got BIGGER! FREE SHIPPING on every order + up to $100 OFF! ͏ ͏ ͏ ͏ ͏ ͏ ͏ ͏ ͏ ͏ ͏ ͏ ͏ ͏ ͏ ͏ ͏ ͏ ͏ ͏ ͏ ͏ ͏ ͏ ͏ ͏ ͏ ͏ ͏ ͏ ͏ ͏ ͏ ͏ ͏ ͏ ͏ ͏ ͏ ͏ ͏ ͏ ͏ ͏ ͏ ͏ ͏ ͏ ͏ ͏ ͏ ͏ ͏ ͏ ͏ ͏ ͏ ͏ ͏ ͏ ͏ ͏ ͏ ͏ ͏ ͏ ͏ ͏ ͏ ͏ ͏ ͏ ͏ ͏ ͏ ͏ ͏,3
1352,💫 Today only: 55% off Grammarly Pro 💫 This Black Friday exclusive ends at midnight. ‌ ‌ ‌ ‌ ‌ ‌ ‌ ‌ ‌ ‌ ‌ ‌ ‌ ‌ ‌ ‌ ‌ ‌ ‌ ‌ ‌ ‌ ‌ ‌ ‌ ‌ ‌ ‌ ‌ ‌ ‌ ‌ ‌ ‌ ‌ ‌ ‌ ‌ ‌ ‌ ‌ ‌ ‌ ‌ ‌ ‌ ‌ ‌ ‌ ‌ ‌ ‌ ‌ ‌ ‌ ‌ ‌ ‌ ‌ ‌ ‌ ‌ ‌ ‌ ‌ ‌ ‌ ‌ ‌ ‌ ‌ ‌ ‌ ‌ ‌ ‌ ‌ ‌,1
1353,"Shop Black Friday and save up to 40% Get the year&#39;s best deals on headsets, AI glasses and games.‌ ‌ ‌ ‌ ‌ ‌ ‌ ‌ ‌ ‌ ‌ ‌ ‌ ‌ ‌ ‌ ‌ ‌ ‌ ‌ ‌ ‌ ‌ ‌ ‌ ‌ ‌ ‌ ‌ ‌ ‌ ‌ ‌ ‌ ‌ ‌ ‌ ‌ ‌ ‌ ‌ ‌ ‌ ‌ ‌ ‌ ‌ ‌ ‌ ‌ ‌ ‌ ‌ ‌ ‌ ‌ ‌ ‌ ‌ ‌ ‌ ‌ ‌ ‌ ‌ ‌ ‌ ‌ ‌",1
1354,Last chance: Black Friday Sale ends today Get courses from $9.99 while you still can. ͏ ‌ ﻿ ͏ ‌ ﻿ ͏ ‌ ﻿ ͏ ‌ ﻿ ͏ ‌ ﻿ ͏ ‌ ﻿ ͏ ‌ ﻿ ͏ ‌ ﻿ ͏ ‌ ﻿ ͏ ‌ ﻿ ͏ ‌ ﻿ ͏ ‌ ﻿ ͏ ‌ ﻿ ͏ ‌ ﻿ ͏ ‌ ﻿ ͏ ‌ ﻿ ͏ ‌ ﻿ ͏ ‌ ﻿ ͏ ‌ ﻿ ͏ ‌ ﻿ ͏ ‌ ﻿ ͏ ‌ ﻿ ͏ ‌ ﻿ ͏ ‌ ﻿ ͏ ‌ ﻿ ͏ ‌ ﻿ ͏,1
1355,"Steam 가을 할인이 진행 중입니다! 저희가 추천하는 할인을 지금 확인해보세요. 지금부터 2024년 12월 4일 10:00am PST까지 계속되는 가을 할인을 둘러보세요. Steam 안녕하세요, FakeKang님! Steam 가을 할인이 시작되었습니다 지금부터 2024년 12월 4일 10:00am PST까지 진행되는 Steam 가을 할인에서 수천 개가 넘는 타이틀을 할인가에 만나보세요. 여러분을 위한 맞춤 할인도 준비되어 있습니다.",3
1356,"How to make flying cheaper and more comfortable. Plus, the best Black Friday deals, easy recipes for your leftovers, and more. Good morning from Apple News. Here are some stories to help make the most of your money and your time. ͏ ͏ ͏ ͏ ͏ ͏ ͏ ͏ ͏ ͏ ͏ ͏ ͏ ͏ ͏ ͏ ͏ ͏ ͏ ͏ ͏ ͏ ͏ ͏ ͏ ͏ ͏ ͏ ͏ ͏ ͏ ͏ ͏ ͏ ͏ ͏ ͏ ͏ ͏ ͏ ͏ ͏ ͏ ͏ ͏ ͏ ͏ ͏ ͏",1
1357,"Hi there - amazing Black Friday Doorbusters and deals can be found at Best Buy... Your inbox just got some more OFFERS! Also inside, our Deal of the Day has arrived! Andy K. | View Account View: Web BEST BUY Top Deals Outlet TVs Computers Cell Phones Appliances Black Friday is here. Shop new Doorbusters. Ends Saturday.",1
1358,⏳70% savings — last chance to grab Avast’s Black Friday special! Act fast to take advantage of our deal of the year Avast Software View in browser Black Friday sale: save 70% Day Hour Min Today&#39;s special Avast SecureLine VPN Browse like no one&#39;s watching —,1
1359,"Your Amazon.com order of ""Logitech G PRO X SUPERLIGHT..."". Amazon.com Hello AndyKang, Thank you for shopping with us. We&#39;ll send a confirmation when your item ships. Order Confirmation Arriving: Tuesday, December 3 Ship to: AndyKang TROY, NY Order # 111-",1
1360,"Pile your plate high with our Black Friday Deals, right now Plus, check out this Deal of the Day! Andy K. | View Account View: Web BEST BUY Top Deals Outlet TVs Computers Cell Phones Appliances Our stores are closed Thursday, November 28. Stores are open Friday",1
1362,"Black Friday | Incredible prices on your favorites. Limited-time deals up to $845 off. View in Browser Dell Technologies Dell Technologies View Products Call Now Live Chat View Products Call Now Live Chat Before any task, just ask Everyone loves rewards",1
1363,"We’re updating our Terms The updated Terms will go into effect on January 1, 2025.‌ ‌ ‌ ‌ ‌ ‌ ‌ ‌ ‌ ‌ ‌ ‌ ‌ ‌ ‌ ‌ ‌ ‌ ‌ ‌ ‌ ‌ ‌ ‌ ‌ ‌ ‌ ‌ ‌ ‌ ‌ ‌ ‌ ‌ ‌ ‌ ‌ ‌ ‌ ‌ ‌ ‌ ‌ ‌ ‌ ‌ ‌ ‌ ‌ ‌ ‌ ‌ ‌ ‌ ‌ ‌ ‌ ‌ ‌ ‌ ‌ ‌ ‌ ‌ ‌ ‌ ‌ ‌ ‌ ‌ ‌ ‌",3
1364,Save big on certification prep — courses as low as $9.99 Show off your skills with a certification — prep courses now on sale. ͏ ‌ ﻿ ͏ ‌ ﻿ ͏ ‌ ﻿ ͏ ‌ ﻿ ͏ ‌ ﻿ ͏ ‌ ﻿ ͏ ‌ ﻿ ͏ ‌ ﻿ ͏ ‌ ﻿ ͏ ‌ ﻿ ͏ ‌ ﻿ ͏ ‌ ﻿ ͏ ‌ ﻿ ͏ ‌ ﻿ ͏ ‌ ﻿ ͏ ‌ ﻿ ͏ ‌ ﻿ ͏ ‌ ﻿ ͏ ‌ ﻿ ͏ ‌ ﻿ ͏ ‌ ﻿ ͏ ‌ ﻿,1
1365,"How to handle tricky dinner conversations, Oprah's favorite things, and more Good morning from Apple News. Here are some great reads for the weekend. ͏ ͏ ͏ ͏ ͏ ͏ ͏ ͏ ͏ ͏ ͏ ͏ ͏ ͏ ͏ ͏ ͏ ͏ ͏ ͏ ͏ ͏ ͏ ͏ ͏ ͏ ͏ ͏ ͏ ͏ ͏ ͏ ͏ ͏ ͏ ͏ ͏ ͏ ͏ ͏ ͏ ͏ ͏ ͏ ͏ ͏ ͏ ͏ ͏ ͏ ͏ ͏ ͏ ͏ ͏ ͏ ͏ ͏ ͏ ͏ ͏ ͏ ͏ ͏",3
1366,"Black Friday is here. Shop Doorbusters and deals right now. Shop online today. Stores open tomorrow at 6 am Andy K. | View Account View: Web BEST BUY Top Deals Outlet TVs Computers Cell Phones Appliances Our stores are closed Thursday, November 28. Stores are",1
1367,"탑스틱 topsticks loves your comment Youtube Logo 탑스틱 topsticks loves your comment 세트 카운터 | 탑스틱 topsticks @mocho5604 뚜벅vs뚜벅 결국 뚜벅이가 승리하는 영상이군요.. View hearted comment If you no longer wish to receive emails about comments and replies, you",3
1369,"Good news! These Black Friday Deals and Doorbusters are great Don&#39;t forget to check out today&#39;s Deal of the Day Andy K. | View Account View: Web BEST BUY Top Deals Outlet TVs Computers Cell Phones Appliances Our stores are closed Thursday, November 28.",1
1370,🔮 Why wait ‘til Black Friday for a mystery offer? We also see 70% off in your future. | View Online ‌ ‌ ‌ ‌ ‌ ‌ ‌ ‌ ‌ ‌ ‌ ‌ ‌ ‌ ‌ ‌ ‌ ‌ ‌ ‌ ‌ ‌ ‌ ‌ ‌ ‌ ‌ ‌ ‌ ‌ ‌ ‌ ‌ ‌ ‌ ‌ ‌ ‌ ‌ ‌ ‌ ‌ ‌ ‌ ‌ ‌ ‌ ‌ ‌ ‌ ‌ ‌ ‌ ‌ ‌ ‌ ‌ ‌ ‌ ‌ ‌ ‌ ‌ ‌ ‌ ‌ ‌ ‌ ‌ ‌ ‌ ‌ ‌ ‌ ‌ ‌,3
1371,Step into success—Black Friday 50% off ends soon ✍️ Discover the building blocks of an excellent reputation. ‌ ‌ ‌ ‌ ‌ ‌ ‌ ‌ ‌ ‌ ‌ ‌ ‌ ‌ ‌ ‌ ‌ ‌ ‌ ‌ ‌ ‌ ‌ ‌ ‌ ‌ ‌ ‌ ‌ ‌ ‌ ‌ ‌ ‌ ‌ ‌ ‌ ‌ ‌ ‌ ‌ ‌ ‌ ‌ ‌ ‌ ‌ ‌ ‌ ‌ ‌ ‌ ‌ ‌ ‌ ‌ ‌ ‌ ‌ ‌ ‌ ‌ ‌ ‌ ‌ ‌ ‌ ‌ ‌ ‌ ‌ ‌,3
1373,It's time: Doorbusters and deals are happening right now Get Black Friday Deals before they&#39;re over... Andy K. | View Account View: Web BEST BUY Top Deals Outlet TVs Computers Cell Phones Appliances Black Friday is here. Shop new Doorbusters. Reference,1
1374,Courses on sale from $9.99 Learn the latest skills from our newest courses. ͏ ‌ ﻿ ͏ ‌ ﻿ ͏ ‌ ﻿ ͏ ‌ ﻿ ͏ ‌ ﻿ ͏ ‌ ﻿ ͏ ‌ ﻿ ͏ ‌ ﻿ ͏ ‌ ﻿ ͏ ‌ ﻿ ͏ ‌ ﻿ ͏ ‌ ﻿ ͏ ‌ ﻿ ͏ ‌ ﻿ ͏ ‌ ﻿ ͏ ‌ ﻿ ͏ ‌ ﻿ ͏ ‌ ﻿ ͏ ‌ ﻿ ͏ ‌ ﻿ ͏ ‌ ﻿ ͏ ‌ ﻿ ͏ ‌ ﻿ ͏ ‌ ﻿ ͏ ‌ ﻿ ͏,1
1375,"Why everyone is ""sober-ish"" all of a sudden, five home-decor trends to ditch, and more Here&#39;s what you need to know. ͏ ͏ ͏ ͏ ͏ ͏ ͏ ͏ ͏ ͏ ͏ ͏ ͏ ͏ ͏ ͏ ͏ ͏ ͏ ͏ ͏ ͏ ͏ ͏ ͏ ͏ ͏ ͏ ͏ ͏ ͏ ͏ ͏ ͏ ͏ ͏ ͏ ͏ ͏ ͏ ͏ ͏ ͏ ͏ ͏ ͏ ͏ ͏ ͏ ͏ ͏ ͏ ͏ ͏ ͏ ͏ ͏ ͏ ͏ ͏ ͏ ͏ ͏ ͏ ͏ ͏ ͏ ͏ ͏ ͏ ͏ ͏ ͏ ͏ ͏ ͏ ͏ ͏ ͏ ͏ ͏ ͏ ͏ ͏",3
1376,"Save up to 40% when you shop Black Friday early Be the first to shop deals on Meta Quest, Ray-Ban Meta glasses and more.‌ ‌ ‌ ‌ ‌ ‌ ‌ ‌ ‌ ‌ ‌ ‌ ‌ ‌ ‌ ‌ ‌ ‌ ‌ ‌ ‌ ‌ ‌ ‌ ‌ ‌ ‌ ‌ ‌ ‌ ‌ ‌ ‌ ‌ ‌ ‌ ‌ ‌ ‌ ‌ ‌ ‌ ‌ ‌ ‌ ‌ ‌ ‌ ‌ ‌ ‌ ‌ ‌ ‌ ‌ ‌ ‌ ‌ ‌ ‌ ‌ ‌ ‌ ‌ ‌",1
1377,Enjoy our Black Friday DEALS! Doorbusters are here! Get them before they&#39;re gone 🚪 Andy K. | View Account View: Web BEST BUY Top Deals Outlet TVs Computers Cell Phones Appliances Black Friday is here. Shop new Doorbusters.,1
1378,"Don’t Forget to Save Big With Black Friday on Battle.net, Adventurer! Secure major discounts on games, bundles, and more. Save big before your next quest or mission Save big before your next quest or mission Black Friday deals are still going strong, Adventurer! Shop",1
1379,Today's big deal: Up to 50% off sports & fitness Epic savings on great gear for everyday adventures͏ ‌ ͏ ‌ ͏ ‌ ͏ ‌ ͏ ‌ ͏ ‌ ͏ ‌ ͏ ‌ ͏ ‌ ͏ ‌ ͏ ‌ ͏ ‌ ͏ ‌ ͏ ‌ ͏ ‌ ͏ ‌ ͏ ‌ ͏ ‌ ͏ ‌ ͏ ‌ ͏ ‌ ͏ ‌ ͏ ‌ ͏ ‌ ͏ ‌ ͏ ‌ ͏ ‌ ͏ ‌ ͏ ‌ ͏ ‌ ͏ ‌ ͏ ‌ ͏ ‌ ͏ ‌ ͏ ‌ ͏ ‌ ͏ ‌ ͏ ‌,1
1380,Black Friday Sale: Top courses starting at $9.99 Increase the ROI in your career. ͏ ‌ ﻿ ͏ ‌ ﻿ ͏ ‌ ﻿ ͏ ‌ ﻿ ͏ ‌ ﻿ ͏ ‌ ﻿ ͏ ‌ ﻿ ͏ ‌ ﻿ ͏ ‌ ﻿ ͏ ‌ ﻿ ͏ ‌ ﻿ ͏ ‌ ﻿ ͏ ‌ ﻿ ͏ ‌ ﻿ ͏ ‌ ﻿ ͏ ‌ ﻿ ͏ ‌ ﻿ ͏ ‌ ﻿ ͏ ‌ ﻿ ͏ ‌ ﻿ ͏ ‌ ﻿ ͏ ‌ ﻿ ͏ ‌ ﻿ ͏ ‌ ﻿ ͏ ‌ ﻿ ͏ ‌ ﻿ ͏ ‌ ﻿ ͏ ‌ ﻿,1
1381,"The secrets to a perfect turkey, how to reduce your risk of dementia, and more Here&#39;s what you need to know. ͏ ͏ ͏ ͏ ͏ ͏ ͏ ͏ ͏ ͏ ͏ ͏ ͏ ͏ ͏ ͏ ͏ ͏ ͏ ͏ ͏ ͏ ͏ ͏ ͏ ͏ ͏ ͏ ͏ ͏ ͏ ͏ ͏ ͏ ͏ ͏ ͏ ͏ ͏ ͏ ͏ ͏ ͏ ͏ ͏ ͏ ͏ ͏ ͏ ͏ ͏ ͏ ͏ ͏ ͏ ͏ ͏ ͏ ͏ ͏ ͏ ͏ ͏ ͏ ͏ ͏ ͏ ͏ ͏ ͏ ͏ ͏ ͏ ͏ ͏ ͏ ͏ ͏ ͏ ͏ ͏ ͏ ͏ ͏",3
1382,"TECH ON SALE - we're treating you to great deals PS, Time is ticking on Deal of the Day. Andy K. | View Account View: Web BEST BUY Top Deals Outlet TVs Computers Cell Phones Appliances Black Friday is here. Shop new Doorbusters. Reference disclaimer.",1
1383,"Document shared with you: ""파이널 - 뚜똥"" Youn Cindy shared a document Youn Cindy (cindyyoun22@gmail.com) has invited you to edit the following document: 파이널 - 뚜똥 Open If you don&#39;t want to receive files from this person, block the sender",4
1384,"[Board Game Arena] Our best online board games just for you ⚡ The world&#39;s first platform to play board games online Board Game Arena My account Board Game Arena The best board games of yesterday and today, adapted for online play. Discover +500 games CATAN",5
1385,🎅 Santa-stic news: our sale is extended! Enjoy more time to get 55% off sitewide. | View Online ‌ ‌ ‌ ‌ ‌ ‌ ‌ ‌ ‌ ‌ ‌ ‌ ‌ ‌ ‌ ‌ ‌ ‌ ‌ ‌ ‌ ‌ ‌ ‌ ‌ ‌ ‌ ‌ ‌ ‌ ‌ ‌ ‌ ‌ ‌ ‌ ‌ ‌ ‌ ‌ ‌ ‌ ‌ ‌ ‌ ‌ ‌ ‌ ‌ ‌ ‌ ‌ ‌ ‌ ‌ ‌ ‌ ‌ ‌ ‌ ‌ ‌ ‌ ‌ ‌ ‌ ‌ ‌ ‌ ‌ ‌ ‌ ‌,1
1386,We’re stocked with awe. Black Friday Deals are here. Plus Doorbusters - while they last! Andy K. | View Account View: Web BEST BUY Top Deals Outlet TVs Computers Cell Phones Appliances Black Friday is here. Shop new Doorbusters. Reference disclaimer.,1
1387,✨ Unveil your stats + save 50% this Black Friday! Your dedication is reflected in last week&#39;s stats! ‌ ‌ ‌ ‌ ‌ ‌ ‌ ‌ ‌ ‌ ‌ ‌ ‌ ‌ ‌ ‌ ‌ ‌ ‌ ‌ ‌ ‌ ‌ ‌ ‌ ‌ ‌ ‌ ‌ ‌ ‌ ‌ ‌ ‌ ‌ ‌ ‌ ‌ ‌ ‌ ‌ ‌ ‌ ‌ ‌ ‌ ‌ ‌ ‌ ‌ ‌ ‌ ‌ ‌ ‌ ‌ ‌ ‌ ‌ ‌ ‌ ‌ ‌ ‌ ‌ ‌ ‌ ‌ ‌ ‌ ‌ ‌ ‌,3
1388,Find your next great creative idea Kick-start your creativity with pro tips and the chance to win $10K. ‌ ‌ ‌ ‌ ‌ ‌ ‌ ‌ ‌ ‌ ‌ ‌ ‌ ‌ ‌ ‌ ‌ ‌ ‌ ‌ ‌ ‌ ‌ ‌ ‌ ‌ ‌ ‌ ‌ ‌ ‌ ‌ ‌ ‌ ‌ ‌ ‌ ‌ ‌ ‌ ‌ ‌ ‌ ‌ ‌ ‌ ‌ ‌ ‌ ‌ ‌ ‌ ‌ ‌ ‌ ‌ ‌ ‌ ‌ ‌ ‌ ‌ ‌ ‌ ‌ ‌,3
1389,Our Biggest Black Friday EVER! Up to $100 OFF! ͏ ͏ ͏ ͏ ͏ ͏ ͏ ͏ ͏ ͏ ͏ ͏ ͏ ͏ ͏ ͏ ͏ ͏ ͏ ͏ ͏ ͏ ͏ ͏ ͏ ͏ ͏ ͏ ͏ ͏ ͏ ͏ ͏ ͏ ͏ ͏ ͏ ͏ ͏ ͏ ͏ ͏ ͏ ͏ ͏ ͏ ͏ ͏ ͏ ͏ ͏ ͏ ͏ ͏ ͏ ͏ ͏ ͏ ͏ ͏ ͏ ͏ ͏ ͏ ͏ ͏ ͏ ͏ ͏ ͏ ͏ ͏ ͏ ͏ ͏ ͏ ͏ ͏ ͏ ͏ ͏ ͏ ͏ ͏ ͏ ͏ ͏ ͏ ͏ ͏ ͏ ͏ ͏,3
1390,"손님 님이 ""Social degital design.xlsx""을(를) 편집했습니다. 다음은 궁금해할 수 있는 변경 내용을 일일 요약한 것입니다. File icon Social degital design.xlsx Action arrow 손님 알림 설정 이 전자 메일은 Microsoft Microsoft 365 사용을 통해 생성되며 Microsoft 제어되는 콘텐츠를 포함할 수 있습니다.",3
1391,"Epic Black Friday Week deals continue! Discover today's big deal Up to 50% off fashion, and more deals for you͏ ‌ ͏ ‌ ͏ ‌ ͏ ‌ ͏ ‌ ͏ ‌ ͏ ‌ ͏ ‌ ͏ ‌ ͏ ‌ ͏ ‌ ͏ ‌ ͏ ‌ ͏ ‌ ͏ ‌ ͏ ‌ ͏ ‌ ͏ ‌ ͏ ‌ ͏ ‌ ͏ ‌ ͏ ‌ ͏ ‌ ͏ ‌ ͏ ‌ ͏ ‌ ͏ ‌ ͏ ‌ ͏ ‌ ͏ ‌ ͏ ‌ ͏ ‌ ͏ ‌ ͏ ‌ ͏ ‌ ͏ ‌ ͏ ‌ ͏ ‌ ͏ ‌",1
1392,KNOCK KNOCK... Black Friday Deals! Save at Best Buy Don&#39;t forget to check out today&#39;s Deal of the Day. Andy K. | View Account View: Web BEST BUY Top Deals Outlet TVs Computers Cell Phones Appliances Black Friday is here. Shop new Doorbusters.,1
1393,📣 Big sale on certification prep courses — from $9.99 Prep for your certification exam with instructors dedicated to your success. ͏ ‌ ﻿ ͏ ‌ ﻿ ͏ ‌ ﻿ ͏ ‌ ﻿ ͏ ‌ ﻿ ͏ ‌ ﻿ ͏ ‌ ﻿ ͏ ‌ ﻿ ͏ ‌ ﻿ ͏ ‌ ﻿ ͏ ‌ ﻿ ͏ ‌ ﻿ ͏ ‌ ﻿ ͏ ‌ ﻿ ͏ ‌ ﻿ ͏ ‌ ﻿ ͏ ‌ ﻿ ͏ ‌ ﻿ ͏ ‌ ﻿ ͏ ‌ ﻿ ͏ ‌,1
1394,"A new virus that's worrying scientists, baby-name mistakes, and more Here&#39;s what you need to know. ͏ ͏ ͏ ͏ ͏ ͏ ͏ ͏ ͏ ͏ ͏ ͏ ͏ ͏ ͏ ͏ ͏ ͏ ͏ ͏ ͏ ͏ ͏ ͏ ͏ ͏ ͏ ͏ ͏ ͏ ͏ ͏ ͏ ͏ ͏ ͏ ͏ ͏ ͏ ͏ ͏ ͏ ͏ ͏ ͏ ͏ ͏ ͏ ͏ ͏ ͏ ͏ ͏ ͏ ͏ ͏ ͏ ͏ ͏ ͏ ͏ ͏ ͏ ͏ ͏ ͏ ͏ ͏ ͏ ͏ ͏ ͏ ͏ ͏ ͏ ͏ ͏ ͏ ͏ ͏ ͏ ͏ ͏ ͏",3
1395,⏳LIMITED TIME OFFER - $30 off Annual Subscription Showcase Get $30 off on LeetCode Annual Premium Subscription. Unlock LeetCode Premium for just $129 - only $10.75/month! Use code &quot;THANKS2024&quot; at checkout. What You Get with LeetCode Premium:,3
1396,"Mailsuite Daily Report Nov 24, 2024: 1 email sent Mailsuite Mailsuite Daily Report Nov 24, 2024 Summary (11/24/24, 7:00 AM - 11/25/24, 7:00 AM) 1 emails sent 100% were read 0% were clicked Already read (1) Andy Kang Nov 24, 2024 at 1:59 PM Read twice",3
1397,🏷️Save 70% with Avast this Black Friday Don&#39;t miss out on these amazing deals Avast Software View in browser Black Friday sale: save 70% Day Hour Min Today&#39;s special Avast Cleanup Premium Get your device running like new again —,1
1398,"동혁, Get $100 when you buy Meta Quest 3 or 3S Upgrade by December 31 and get a Meta Quest Gift Card to spend on games.‌ ‌ ‌ ‌ ‌ ‌ ‌ ‌ ‌ ‌ ‌ ‌ ‌ ‌ ‌ ‌ ‌ ‌ ‌ ‌ ‌ ‌ ‌ ‌ ‌ ‌ ‌ ‌ ‌ ‌ ‌ ‌ ‌ ‌ ‌ ‌ ‌ ‌ ‌ ‌ ‌ ‌ ‌ ‌ ‌ ‌ ‌ ‌ ‌ ‌ ‌ ‌ ‌ ‌ ‌ ‌ ‌ ‌ ‌ ‌ ‌ ‌ ‌ ‌ ‌",3
1399,TECH ON SALE! We've got Black Friday Deals and Doorbusters for you Find great deals on top tech today! Andy K. | View Account View: Web BEST BUY Top Deals Outlet TVs Computers Cell Phones Appliances Black Friday is here. Shop new Doorbusters. Reference disclaimer.,1
1400,"Re: Andy Kang Thank you so much! On Sun, Nov 24, 2024 at 10:30 AM Elayna Melchior &lt;elayna.melchior@gmail.com&gt; wrote: Andy, I don&#39;t have excel, so I had to export it to PDF. I hope that is okay. There were",2
1401,"Re: Andy Kang Andy, I don&#39;t have excel, so I had to export it to PDF. I hope that is okay. There were very small corrections. Very good job.:) I sent you the link for googledoc as well. Let me know if I did",3
1402,"Document shared with you: ""Kanga4 Social system GDD"" Elayna Melchior shared a document Elayna Melchior (elayna.melchior@gmail.com) has invited you to edit the following document: I made the correction. It all looks really good. The word &quot;trues&quot;",4
1403,"Today's big deal: Up to 45% off Thanksgiving essentials Huge savings on cookware, pantry items, and more͏ ‌ ͏ ‌ ͏ ‌ ͏ ‌ ͏ ‌ ͏ ‌ ͏ ‌ ͏ ‌ ͏ ‌ ͏ ‌ ͏ ‌ ͏ ‌ ͏ ‌ ͏ ‌ ͏ ‌ ͏ ‌ ͏ ‌ ͏ ‌ ͏ ‌ ͏ ‌ ͏ ‌ ͏ ‌ ͏ ‌ ͏ ‌ ͏ ‌ ͏ ‌ ͏ ‌ ͏ ‌ ͏ ‌ ͏ ‌ ͏ ‌ ͏ ‌ ͏ ‌ ͏ ‌ ͏ ‌ ͏ ‌ ͏ ‌ ͏ ‌ ͏",1
1404,"Medicine's new ""It job,"" the best countries for Americans to move to, and more of the month's most popular reads Good morning from Apple News. Here are some of the most popular reads of the month. ͏ ͏ ͏ ͏ ͏ ͏ ͏ ͏ ͏ ͏ ͏ ͏ ͏ ͏ ͏ ͏ ͏ ͏ ͏ ͏ ͏ ͏ ͏ ͏ ͏ ͏ ͏ ͏ ͏ ͏ ͏ ͏ ͏ ͏ ͏ ͏ ͏ ͏ ͏ ͏ ͏ ͏ ͏ ͏ ͏ ͏ ͏ ͏ ͏ ͏ ͏ ͏ ͏ ͏ ͏ ͏ ͏ ͏ ͏",3
1405,⭐ Open now for Black Friday savings ⭐ Shop courses for as low as $9.99 and learn skills to boost your career. ͏ ‌ ﻿ ͏ ‌ ﻿ ͏ ‌ ﻿ ͏ ‌ ﻿ ͏ ‌ ﻿ ͏ ‌ ﻿ ͏ ‌ ﻿ ͏ ‌ ﻿ ͏ ‌ ﻿ ͏ ‌ ﻿ ͏ ‌ ﻿ ͏ ‌ ﻿ ͏ ‌ ﻿ ͏ ‌ ﻿ ͏ ‌ ﻿ ͏ ‌ ﻿ ͏ ‌ ﻿ ͏ ‌ ﻿ ͏ ‌ ﻿ ͏ ‌ ﻿ ͏ ‌ ﻿ ͏ ‌,3
1406,"TECH ON SALE - save at Best Buy Go on, take a peek... Save at Best Buy! Andy K. | View Account View: Web BEST BUY Top Deals Outlet TVs Computers Cell Phones Appliances Black Friday is here. Shop Doorbusters and deals right now.",1
1407,"Mailsuite Daily Report Nov 23, 2024: 2 emails sent, 1 unread Mailsuite Mailsuite Daily Report Nov 23, 2024 Summary (11/23/24, 7:00 AM - 11/24/24, 7:00 AM) 2 emails sent 50% were read 0% were clicked Unread (1) Andy Kang Nov 24, 2024 at 2:42 AM To: Elayna",3
1408,"Re: Andy Kang https://docs.google.com/document/d/1EHbr4PezTvRlrdbMZu3sy5V_Un8CAlNpyNqoN4AH7t8/edit?usp=sharing On Sun, Nov 24, 2024 at 2:42 AM mo Cho &lt;skk126skk126@gmail.com&gt; wrote: Hi Ms.Elayna. I Finished",3
1409,"Andy Kang Hi Ms.Elayna. I Finished the Writing part of my GDD project. Could you look and fix my grammar? Also, could you look at the grammar on my Excel sheet? Thank you Excel Link: Social degital design.xlsx",2
1410,"[Board Game Arena] SleepyDoDong, we are eager to play with you The world&#39;s first platform to play board games online Board Game Arena My account Board Game Arena Thank you for joining us! Board Game Arena is the largest online board gaming service in the world",2
1411,🌟 Savings that will spark your holiday spirit Celebrate the season with a flash sale. | View Online ‌ ‌ ‌ ‌ ‌ ‌ ‌ ‌ ‌ ‌ ‌ ‌ ‌ ‌ ‌ ‌ ‌ ‌ ‌ ‌ ‌ ‌ ‌ ‌ ‌ ‌ ‌ ‌ ‌ ‌ ‌ ‌ ‌ ‌ ‌ ‌ ‌ ‌ ‌ ‌ ‌ ‌ ‌ ‌ ‌ ‌ ‌ ‌ ‌ ‌ ‌ ‌ ‌ ‌ ‌ ‌ ‌ ‌ ‌ ‌ ‌ ‌ ‌ ‌ ‌ ‌ ‌ ‌ ‌ ‌ ‌ ‌ ‌ ‌,1
1412,"Today's big deal: Up to 40% off tech & gaming Epic savings on laptops, headphones, and more͏ ‌ ͏ ‌ ͏ ‌ ͏ ‌ ͏ ‌ ͏ ‌ ͏ ‌ ͏ ‌ ͏ ‌ ͏ ‌ ͏ ‌ ͏ ‌ ͏ ‌ ͏ ‌ ͏ ‌ ͏ ‌ ͏ ‌ ͏ ‌ ͏ ‌ ͏ ‌ ͏ ‌ ͏ ‌ ͏ ‌ ͏ ‌ ͏ ‌ ͏ ‌ ͏ ‌ ͏ ‌ ͏ ‌ ͏ ‌ ͏ ‌ ͏ ‌ ͏ ‌ ͏ ‌ ͏ ‌ ͏ ‌ ͏ ‌ ͏ ‌ ͏ ‌",1
1413,Always check Best Buy for great Black Friday DEALS Don&#39;t miss out... gift ideas for everyone on your list! Andy K. | View Account View: Web BEST BUY Top Deals Outlet TVs Computers Cell Phones Appliances Black Friday is here. Shop Doorbusters and,1
1414,We've got Black Friday DEALS and Doorbusters for you... Want to pay less for amazing items? Time is ticking on Deal of the Day! Andy K. | View Account View: Web BEST BUY Top Deals Outlet TVs Computers Cell Phones Appliances Black Friday is here. Shop Doorbusters and deals right now. Reference,1
1415,"How to cut your taxes before it's too late, chilling footage of JFK, and more Good morning from Apple News. Here are some great reads for the weekend. ͏ ͏ ͏ ͏ ͏ ͏ ͏ ͏ ͏ ͏ ͏ ͏ ͏ ͏ ͏ ͏ ͏ ͏ ͏ ͏ ͏ ͏ ͏ ͏ ͏ ͏ ͏ ͏ ͏ ͏ ͏ ͏ ͏ ͏ ͏ ͏ ͏ ͏ ͏ ͏ ͏ ͏ ͏ ͏ ͏ ͏ ͏ ͏ ͏ ͏ ͏ ͏ ͏ ͏ ͏ ͏ ͏ ͏ ͏ ͏ ͏ ͏ ͏ ͏",3
1416,Black Friday Deal: Certification prep from $9.99. Prep for certification exams with courses taught by real-world experts. ͏ ‌ ﻿ ͏ ‌ ﻿ ͏ ‌ ﻿ ͏ ‌ ﻿ ͏ ‌ ﻿ ͏ ‌ ﻿ ͏ ‌ ﻿ ͏ ‌ ﻿ ͏ ‌ ﻿ ͏ ‌ ﻿ ͏ ‌ ﻿ ͏ ‌ ﻿ ͏ ‌ ﻿ ͏ ‌ ﻿ ͏ ‌ ﻿ ͏ ‌ ﻿ ͏ ‌ ﻿ ͏ ‌ ﻿ ͏ ‌ ﻿ ͏ ‌ ﻿ ͏ ‌ ﻿ ͏ ‌,1
1417,"약관이 개정됩니다 개정된 약관은 2025년 1월 1일에 시행됩니다. 약관이 개정됩니다 강동혁님, 안녕하세요. Meta 약관이 개정됩니다. 개정된 약관은 2025년 1월 1일에 시행됩니다. 알아두어야 할 정보 서비스 약관 저희 약관에서는 회원님이 저희 서비스를 이용할 때 저희에게 기대하는 사항과 서비스를 이용하는 회원님에게 저희가 기대하는 사항을 자세하게 설명합니다. 약관을",3
1418,"약관이 개정됩니다 개정된 약관은 2025년 1월 1일에 시행됩니다. 약관이 개정됩니다 8_8dodong님, 안녕하세요. Meta 약관이 개정됩니다. 개정된 약관은 2025년 1월 1일에 시행됩니다. 알아두어야 할 정보 서비스 약관 저희 약관에서는 회원님이 저희 서비스를 이용할 때 저희에게 기대하는 사항과 서비스를 이용하는 회원님에게 저희가 기대하는 사항을 자세하게 설명합니다.",3
1419,"November news: Be the first to shop epic Black Friday deals Plus, check out new releases and must-see live events. ‌ ‌ ‌ ‌ ‌ ‌ ‌ ‌ ‌ ‌ ‌ ‌ ‌ ‌ ‌ ‌ ‌ ‌ ‌ ‌ ‌ ‌ ‌ ‌ ‌ ‌ ‌ ‌ ‌ ‌ ‌ ‌ ‌ ‌ ‌ ‌ ‌ ‌ ‌ ‌ ‌ ‌ ‌ ‌ ‌ ‌ ‌ ‌ ‌ ‌ ‌ ‌ ‌ ‌ ‌ ‌ ‌ ‌ ‌ ‌ ‌ ‌ ‌ ‌ ‌ ‌ ‌ ‌ ‌ ‌ ‌ ‌ ‌",1
1420,"dong님, Bill & Melinda Gates Foundation의 Co-chair - Bill Gates님을 팔로우하는 게 어떠세요? 추천 보기 ͏ ͏ ͏ ͏ ͏ ͏ ͏ ͏ ͏ ͏ ͏ ͏ ͏ ͏ ͏ ͏ ͏ ͏ ͏ ͏ ͏ ͏ ͏ ͏ ͏ ͏ ͏ ͏ ͏ ͏ ͏ ͏ ͏ ͏ ͏ ͏ ͏ ͏ ͏ ͏ ͏ ͏ ͏ ͏ ͏ ͏ ͏ ͏ ͏ ͏ ͏ ͏ ͏ ͏ ͏ ͏ ͏ ͏ ͏ ͏ ͏ ͏ ͏ ͏ ͏ ͏ ͏ ͏ ͏ ͏ ͏ ͏ ͏ ͏ ͏ ͏ ͏ ͏ ͏ ͏ ͏ ͏ ͏ ͏ ͏ ͏ ͏ ͏ ͏ ͏ ͏ ͏ ͏ ͏ ͏ ͏ ͏ ͏",3
1421,Your 575 My Nintendo Gold Points are expiring soon. ͏ ͏ ͏ ͏ ͏ ͏ ͏ ͏ ͏ ͏ ͏ ͏ ͏ ͏ ͏ ͏ ͏ ͏ ͏ ͏ ͏ ͏ ͏ ͏ ͏ ͏ ͏ ͏ ͏ ͏ ͏ ͏ ͏ ͏ ͏ ͏ ͏ ͏ ͏ ͏ ͏ ͏ ͏ ͏ ͏ ͏ ͏ ͏ ͏ ͏ ͏ ͏ ͏ ͏ ͏ ͏ ͏ ͏ ͏ ͏ ͏ ͏ ͏ ͏ ͏ ͏ ͏ ͏ ͏ ͏ ͏ ͏ ͏ ͏ ͏ ͏ ͏ ͏ ͏ ͏ ͏ ͏ ͏ ͏ ͏ ͏ ͏ ͏ ͏ ͏ ͏ ͏ ͏ ͏ ͏ ͏ ͏ ͏ ͏ ͏ ͏,3
1422,"Today's big deal: Up to 60% off toys for all Save on fun gifts from Mattel, Disney, and more͏ ‌ ͏ ‌ ͏ ‌ ͏ ‌ ͏ ‌ ͏ ‌ ͏ ‌ ͏ ‌ ͏ ‌ ͏ ‌ ͏ ‌ ͏ ‌ ͏ ‌ ͏ ‌ ͏ ‌ ͏ ‌ ͏ ‌ ͏ ‌ ͏ ‌ ͏ ‌ ͏ ‌ ͏ ‌ ͏ ‌ ͏ ‌ ͏ ‌ ͏ ‌ ͏ ‌ ͏ ‌ ͏ ‌ ͏ ‌ ͏ ‌ ͏ ‌ ͏ ‌ ͏ ‌ ͏ ‌ ͏ ‌ ͏ ‌ ͏ ‌ ͏",1
1423,"Go on, take a peek... Your inbox just got some more OFFERS! Don&#39;t let today&#39;s offers slip by Andy K. | View Account View: Web BEST BUY Top Deals Outlet TVs Computers Cell Phones Appliances Black Friday is here. Shop Doorbusters and deals right now.",1
1424,"WoW Classic: 20th Anniversary Edition is Live, Adventurer! Relive legendary battles in new Classic realms, play a new Warcraft-themed event in Candy Crush Saga for a limited time, and more. START FRESH IN CLASSIC NOW START FRESH IN CLASSIC NOW Your moment has",3
1425,"MEET SANTA at Disney Springs! 🎁 Enjoy limited-time, holiday-inspired treats, see enchanting trees &amp; shop all season long at Disney Springs! VIEW in your browser Walt Disney World | Disney Springs A group of friends dancing with",3
1426,"This is how you become a lifelong learner We all have things we&#39;d love to know more about, but staying dedicated to learning isn&#39;t always easy. Use these tips to build a habit. ͏‌ ͏‌ ͏‌ ͏‌ ͏‌ ͏‌ ͏‌ ͏‌ ͏‌ ͏‌ ͏‌ ͏‌ ͏‌ ͏‌ ͏‌ ͏‌ ͏‌ ͏‌ ͏‌",3
1427,Dropbox Plus로 언제나 최고의 성과를 거두세요. 필요한 모든 것이 한 곳에 �‌�‌�‌�‌�‌�‌�‌�‌�‌�‌�‌�‌�‌��‌�‌�‌�‌�‌�‌�‌�‌�‌�‌�‌�‌�‌��‌�‌�‌�‌�‌�‌�‌�‌�‌�‌��‌�‌�‌�‌�‌�‌�‌�‌�‌�‌��‌�‌�‌�‌�‌�‌�‌�‌�‌�‌��‌�‌�‌�‌�‌�‌�‌�‌�‌�‌��‌�‌�‌�‌�‌�‌�‌�‌�‌�‌��‌�‌�‌�‌�‌�‌�‌�‌�‌�‌��‌�‌�‌,3
1428,"재밌는 프로젝트 101 - 이거 후반이야기임 초반엔 그냥 멸망 이우의 스토리만 나옴 Gyeongwon Youn replied to a comment in the following document 재밌는 프로젝트 101 1 comment (스킵 마려우면 안돼애애ㅐㅠㅠㅠ 최대한 간단해야함) mo Cho • 6:57 PM, Nov 20 (CST) 이거 후반이야기임 초반엔 그냥 멸망 이우의 스토리만 나옴 Gyeongwon Youn • 8:53 AM",3
1429,Our Black Friday Sale starts now Stock up on courses for as low as $9.99 each. ͏ ‌ ﻿ ͏ ‌ ﻿ ͏ ‌ ﻿ ͏ ‌ ﻿ ͏ ‌ ﻿ ͏ ‌ ﻿ ͏ ‌ ﻿ ͏ ‌ ﻿ ͏ ‌ ﻿ ͏ ‌ ﻿ ͏ ‌ ﻿ ͏ ‌ ﻿ ͏ ‌ ﻿ ͏ ‌ ﻿ ͏ ‌ ﻿ ͏ ‌ ﻿ ͏ ‌ ﻿ ͏ ‌ ﻿ ͏ ‌ ﻿ ͏ ‌ ﻿ ͏ ‌ ﻿ ͏ ‌ ﻿ ͏ ‌ ﻿ ͏ ‌ ﻿ ͏ ‌ ﻿ ͏ ‌ ﻿,1
1430,Up to 25% OFF | Count your blessings and your savings 🦃 Save on a wide variety of health tests ‌ ‌ ‌ ‌ ‌ ‌ ‌ ‌ ‌ ‌ ‌ ‌ ‌ ‌ ‌ ‌ ‌ ‌ ‌ ‌ ‌ ‌ ‌ ‌ ‌ ‌ ‌ ‌ ‌ ‌ ‌ ‌ ‌ ‌ ‌ ‌ ‌ ‌ ‌ ‌ ‌ ‌ ‌ ‌ ‌ ‌ ‌ ‌ ‌ ‌ ‌ ‌ ‌ ‌ ‌ ‌ ‌ ‌ ‌ ‌ ‌ ‌ ‌ ‌ ‌ ‌ ‌ ‌ ‌ ‌ ‌ ‌ ‌ ‌ ‌ ‌ ‌ ‌ ‌ ‌ ‌,3
1431,"AndyKang, will you rate your transaction at Amazon.com? Hi AndyKang, Rate your experience with the seller, PGA PREMIER SOLUTIONS: 1 (Awful) 2 (Poor) 3 (Neutral) 4 (Good) 5 (Excellent) PGA PREMIER SOLUTIONS Order details Product Image Samyang Hot chicken",3
1432,The Doorbuster deals don't stop Don&#39;t forget to check out today&#39;s Deal of the Day Andy K. | View Account View: Web BEST BUY Top Deals Outlet TVs Computers Cell Phones Appliances Black Friday is here. Shop Doorbusters and,1
1433,"The surprising upsides of aging, a top college just made tuition free for most families, and more Here&#39;s what you need to know. ͏ ͏ ͏ ͏ ͏ ͏ ͏ ͏ ͏ ͏ ͏ ͏ ͏ ͏ ͏ ͏ ͏ ͏ ͏ ͏ ͏ ͏ ͏ ͏ ͏ ͏ ͏ ͏ ͏ ͏ ͏ ͏ ͏ ͏ ͏ ͏ ͏ ͏ ͏ ͏ ͏ ͏ ͏ ͏ ͏ ͏ ͏ ͏ ͏ ͏ ͏ ͏ ͏ ͏ ͏ ͏ ͏ ͏ ͏ ͏ ͏ ͏ ͏ ͏ ͏ ͏ ͏ ͏ ͏ ͏ ͏ ͏ ͏ ͏ ͏ ͏ ͏ ͏ ͏ ͏ ͏ ͏ ͏ ͏",3
1434,"🤑Black Friday is here! Hurry to save 70% with Avast. Our deal of the year is waiting for you! Avast Software View in browser Black Friday sale: save 70% Day Hour Min Today&#39;s special Avast Premium Security Help protect your personal data, email, and",1
1435,"Stay alert about the latest scams Tips to protect yourself from impersonation scams Scammers posing as various organizations like Amazon may send you calls, texts, and emails with various tactics to try to deceive you to provide",3
1436,Black Friday is on! Shop Doorbusters and deals today. Plus another great Deal of the Day. Andy K. | View Account View: Web BEST BUY Top Deals Outlet TVs Computers Cell Phones Appliances Black Friday is here. Shop Doorbusters and deals right now. Reference,1
1437,"Kang, we've missed you. Enter for a chance to win up to $5,000 in Samsung credit Plus, find savings on incredible gifts before the holiday rush. Plus, find savings on incredible gifts before the holiday rush. Samsung Logo Enter for a chance to win $5000 Can&#39;t-miss deals for the",1
1438,"Unreal Friday is almost here! New Promotional Announcement Hi AndyKang, an announcement has been made from David, instructor of Unreal Engine 5: The Complete Beginner&#39;s Course. It&#39;s that time of year again! That&#39;s right",1
1439,Black Friday Week is here! Deals drop every day Today&#39;s big deal: Up to 50% off holiday prep͏ ‌ ͏ ‌ ͏ ‌ ͏ ‌ ͏ ‌ ͏ ‌ ͏ ‌ ͏ ‌ ͏ ‌ ͏ ‌ ͏ ‌ ͏ ‌ ͏ ‌ ͏ ‌ ͏ ‌ ͏ ‌ ͏ ‌ ͏ ‌ ͏ ‌ ͏ ‌ ͏ ‌ ͏ ‌ ͏ ‌ ͏ ‌ ͏ ‌ ͏ ‌ ͏ ‌ ͏ ‌ ͏ ‌ ͏ ‌ ͏ ‌ ͏ ‌ ͏ ‌ ͏ ‌ ͏ ‌ ͏ ‌ ͏ ‌ ͏ ‌ ͏,1
1441,"$30 Off LeetCode Annual Premium—Starting Nov 25! Showcase Get Ready for $30 Off Annual Premium! Our Black Friday deal is almost here—get Annual Premium for only $129! Starting Nov 25, use code &quot;THANKS2024&quot; at checkout. Offer ends at 11:59pm",1
1442,"The destructive effects of hypochondria, the fight that tore apart a wealthy town, and more Here&#39;s what you need to know. ͏ ͏ ͏ ͏ ͏ ͏ ͏ ͏ ͏ ͏ ͏ ͏ ͏ ͏ ͏ ͏ ͏ ͏ ͏ ͏ ͏ ͏ ͏ ͏ ͏ ͏ ͏ ͏ ͏ ͏ ͏ ͏ ͏ ͏ ͏ ͏ ͏ ͏ ͏ ͏ ͏ ͏ ͏ ͏ ͏ ͏ ͏ ͏ ͏ ͏ ͏ ͏ ͏ ͏ ͏ ͏ ͏ ͏ ͏ ͏ ͏ ͏ ͏ ͏ ͏ ͏ ͏ ͏ ͏ ͏ ͏ ͏ ͏ ͏ ͏ ͏ ͏ ͏ ͏ ͏ ͏ ͏ ͏ ͏",3
1443,Are you ready to shop Black Friday Deals right now? Become a gifting legend. Andy K. | View Account View: Web BEST BUY Top Deals Outlet TVs Computers Cell Phones Appliances Black Friday is here. Shop Doorbusters and deals right now. Reference disclaimer,1
1444,"Shopping on a popular app? What to know to stay safer Plus, quick tips to help you save your phone battery life Avast Software View in browser The Download Your monthly security news Check out the latest security news and tips from Avast How to avoid",1
1446,Heads up... These Black Friday Deals Right NOW offers are great! We&#39;ve got gift ideas for everyone on your list! Andy K. | View Account View: Web BEST BUY Top Deals Outlet TVs Computers Cell Phones Appliances Black Friday Deals Right Now. New Doorbusters every,1
1447,See the Design Trends set to define 2025 🤩 Explore everything you and the community envisioned ͏ ‌ ﻿ ͏ ‌ ﻿ ͏ ‌ ﻿ ͏ ‌ ﻿ ͏ ‌ ﻿ ͏ ‌ ﻿ ͏ ‌ ﻿ ͏ ‌ ﻿ ͏ ‌ ﻿ ͏ ‌ ﻿ ͏ ‌ ﻿ ͏ ‌ ﻿ ͏ ‌ ﻿ ͏ ‌ ﻿ ͏ ‌ ﻿ ͏ ‌ ﻿ ͏ ‌ ﻿ ͏ ‌ ﻿ ͏ ‌ ﻿ ͏ ‌ ﻿ ͏ ‌ ﻿ ͏ ‌ ﻿ ͏ ‌ ﻿ ͏ ‌ ﻿ ͏ ‌ ﻿,3
1449,Black Friday: 50% off Pro—starts now! Better writing + better connections = better opportunities. ‌ ‌ ‌ ‌ ‌ ‌ ‌ ‌ ‌ ‌ ‌ ‌ ‌ ‌ ‌ ‌ ‌ ‌ ‌ ‌ ‌ ‌ ‌ ‌ ‌ ‌ ‌ ‌ ‌ ‌ ‌ ‌ ‌ ‌ ‌ ‌ ‌ ‌ ‌ ‌ ‌ ‌ ‌ ‌ ‌ ‌ ‌ ‌ ‌ ‌ ‌ ‌ ‌ ‌ ‌ ‌ ‌ ‌ ‌ ‌ ‌ ‌ ‌ ‌ ‌ ‌ ‌ ‌ ‌ ‌ ‌,3
1450,"Why cars are getting more expensive, the controversial gift everyone wants, and more Here&#39;s what you need to know. ͏ ͏ ͏ ͏ ͏ ͏ ͏ ͏ ͏ ͏ ͏ ͏ ͏ ͏ ͏ ͏ ͏ ͏ ͏ ͏ ͏ ͏ ͏ ͏ ͏ ͏ ͏ ͏ ͏ ͏ ͏ ͏ ͏ ͏ ͏ ͏ ͏ ͏ ͏ ͏ ͏ ͏ ͏ ͏ ͏ ͏ ͏ ͏ ͏ ͏ ͏ ͏ ͏ ͏ ͏ ͏ ͏ ͏ ͏ ͏ ͏ ͏ ͏ ͏ ͏ ͏ ͏ ͏ ͏ ͏ ͏ ͏ ͏ ͏ ͏ ͏ ͏ ͏ ͏ ͏ ͏ ͏ ͏ ͏",3
1451,Don’t wait until Black Friday: up to 25% off starts NOW! Save on a wide variety of Quest lab tests ‌ ‌ ‌ ‌ ‌ ‌ ‌ ‌ ‌ ‌ ‌ ‌ ‌ ‌ ‌ ‌ ‌ ‌ ‌ ‌ ‌ ‌ ‌ ‌ ‌ ‌ ‌ ‌ ‌ ‌ ‌ ‌ ‌ ‌ ‌ ‌ ‌ ‌ ‌ ‌ ‌ ‌ ‌ ‌ ‌ ‌ ‌ ‌ ‌ ‌ ‌ ‌ ‌ ‌ ‌ ‌ ‌ ‌ ‌ ‌ ‌ ‌ ‌ ‌ ‌ ‌ ‌ ‌ ‌ ‌ ‌ ‌ ‌ ‌ ‌ ‌ ‌ ‌ ‌ ‌,3
1452,"Document shared with you: ""재밌는 프로젝트 101"" Youn Cindy shared a document Youn Cindy (cindyyoun22@gmail.com) has invited you to edit the following document: 재밌는 프로젝트 101 Open If you don&#39;t want to receive files from this person, block the",4
1453,Did your recent Amazon order meet your expectations? Review it on Amazon Your opinion matters! Seller Oskal requests you to share your experience for your recent order with other Amazon shoppers. Please take a moment to review your recent Amazon purchase. 113-7822097-,3
1454,"Save Up to 67% During the Battle.net Black Friday Sale, Adventurer! Secure major discounts on games, bundles, and more. Save big today Save big today Black Friday is happening now, Adventurer! Shop through December 2 and save up to 67% off a selection of Battle.net®",1
1455,[[ Want to spend less? ]] Black Friday doesn't last forever...hurry before it's gone Don&#39;t forget to check out today&#39;s Deal of the Day. Andy K. | View Account View: Web BEST BUY Top Deals Outlet TVs Computers Cell Phones Appliances Black Friday Deals Right Now. New Doorbusters,1
1456,Final hours for 20% off men’s health tests Don&#39;t miss out! Prioritize your health and save ‌ ‌ ‌ ‌ ‌ ‌ ‌ ‌ ‌ ‌ ‌ ‌ ‌ ‌ ‌ ‌ ‌ ‌ ‌ ‌ ‌ ‌ ‌ ‌ ‌ ‌ ‌ ‌ ‌ ‌ ‌ ‌ ‌ ‌ ‌ ‌ ‌ ‌ ‌ ‌ ‌ ‌ ‌ ‌ ‌ ‌ ‌ ‌ ‌ ‌ ‌ ‌ ‌ ‌ ‌ ‌ ‌ ‌ ‌ ‌ ‌ ‌ ‌ ‌ ‌ ‌ ‌ ‌ ‌ ‌ ‌ ‌ ‌ ‌ ‌,3
1457,"The future of genetic discrimination, when to ask for a flight upgrade, and more Here&#39;s what you need to know. ͏ ͏ ͏ ͏ ͏ ͏ ͏ ͏ ͏ ͏ ͏ ͏ ͏ ͏ ͏ ͏ ͏ ͏ ͏ ͏ ͏ ͏ ͏ ͏ ͏ ͏ ͏ ͏ ͏ ͏ ͏ ͏ ͏ ͏ ͏ ͏ ͏ ͏ ͏ ͏ ͏ ͏ ͏ ͏ ͏ ͏ ͏ ͏ ͏ ͏ ͏ ͏ ͏ ͏ ͏ ͏ ͏ ͏ ͏ ͏ ͏ ͏ ͏ ͏ ͏ ͏ ͏ ͏ ͏ ͏ ͏ ͏ ͏ ͏ ͏ ͏ ͏ ͏ ͏ ͏ ͏ ͏ ͏ ͏",3
1458,"New reply to a comment on ""나서스 카운터"" New reply to a comment on &quot;나서스 카운터&quot; Youtube Logo @심재희-p8y replied to mo Cho&#39;s comment 나서스 카운터 @심재희-p8y 그럼 피들이 사기였다는건가요? Reply If you no longer wish to receive emails about comments and",3
1459,"Andy, the creativity on Behance will amaze you Sumida Hokusai Museum by Kazuyo Sejima, VIB Billboard 2024, and more trending Photoshop projects on Behance. ‌ ‌ ‌ ‌ ‌ ‌ ‌ ‌ ‌ ‌ ‌ ‌ ‌ ‌ ‌ ‌ ‌ ‌ ‌ ‌ ‌ ‌ ‌ ‌ ‌ ‌ ‌ ‌ ‌ ‌ ‌ ‌ ‌ ‌ ‌ ‌ ‌ ‌ ‌ ‌ ‌ ‌ ‌ ‌ ‌ ‌",3
1460,"Find perfect stocking stuffers, toys, electronics & more Plus, shop holiday deals picked just for you͏ ‌ ͏ ‌ ͏ ‌ ͏ ‌ ͏ ‌ ͏ ‌ ͏ ‌ ͏ ‌ ͏ ‌ ͏ ‌ ͏ ‌ ͏ ‌ ͏ ‌ ͏ ‌ ͏ ‌ ͏ ‌ ͏ ‌ ͏ ‌ ͏ ‌ ͏ ‌ ͏ ‌ ͏ ‌ ͏ ‌ ͏ ‌ ͏ ‌ ͏ ‌ ͏ ‌ ͏ ‌ ͏ ‌ ͏ ‌ ͏ ‌ ͏ ‌ ͏ ‌ ͏ ‌ ͏ ‌ ͏ ‌ ͏ ‌ ͏ ‌ ͏ ‌ ͏",1
1461,Updates from Best Buy... We've got the perfect OFFERS for you! 👏 Time is ticking on Deal of the Day! Andy K. | View Account View: Web BEST BUY Top Deals Outlet TVs Computers Cell Phones Appliances Black Friday Deals Right Now. New Doorbusters every Friday. Shop now.,1
1462,🏆 Weekly progress + 50% off Black Friday deal! This is your sign to keep writing. ‌ ‌ ‌ ‌ ‌ ‌ ‌ ‌ ‌ ‌ ‌ ‌ ‌ ‌ ‌ ‌ ‌ ‌ ‌ ‌ ‌ ‌ ‌ ‌ ‌ ‌ ‌ ‌ ‌ ‌ ‌ ‌ ‌ ‌ ‌ ‌ ‌ ‌ ‌ ‌ ‌ ‌ ‌ ‌ ‌ ‌ ‌ ‌ ‌ ‌ ‌ ‌ ‌ ‌ ‌ ‌ ‌ ‌ ‌ ‌ ‌ ‌ ‌ ‌ ‌ ‌ ‌ ‌ ‌ ‌ ‌ ‌ ‌ ‌ ‌ ‌ ‌ ‌ ‌ ‌ ‌ ‌ ‌,1
1463,"Could you benefit from Health Coaching? Get dedicated support, digital learning modules, and more ‌ ‌ ‌ ‌ ‌ ‌ ‌ ‌ ‌ ‌ ‌ ‌ ‌ ‌ ‌ ‌ ‌ ‌ ‌ ‌ ‌ ‌ ‌ ‌ ‌ ‌ ‌ ‌ ‌ ‌ ‌ ‌ ‌ ‌ ‌ ‌ ‌ ‌ ‌ ‌ ‌ ‌ ‌ ‌ ‌ ‌ ‌ ‌ ‌ ‌ ‌ ‌ ‌ ‌ ‌ ‌ ‌ ‌ ‌ ‌ ‌ ‌ ‌ ‌ ‌ ‌ ‌ ‌ ‌ ‌ ‌ ‌",3
1464,Black Friday limited-time deals inside. Save up to $845 off on top PCs &amp; more! View in Browser Dell Technologies Dell Technologies View Products Call Now Live Chat View Products Call Now Live Chat Most secure Windows ever Everyone loves,1
1467,"The new face of cancer survival, the 10 most tax-friendly states, and more Here&#39;s what you need to know. ͏ ͏ ͏ ͏ ͏ ͏ ͏ ͏ ͏ ͏ ͏ ͏ ͏ ͏ ͏ ͏ ͏ ͏ ͏ ͏ ͏ ͏ ͏ ͏ ͏ ͏ ͏ ͏ ͏ ͏ ͏ ͏ ͏ ͏ ͏ ͏ ͏ ͏ ͏ ͏ ͏ ͏ ͏ ͏ ͏ ͏ ͏ ͏ ͏ ͏ ͏ ͏ ͏ ͏ ͏ ͏ ͏ ͏ ͏ ͏ ͏ ͏ ͏ ͏ ͏ ͏ ͏ ͏ ͏ ͏ ͏ ͏ ͏ ͏ ͏ ͏ ͏ ͏ ͏ ͏ ͏ ͏ ͏ ͏",3
1468,"This won't be here tomorrow - are you ready for amazing offers on Doorbusters? Plus, get started on your holiday shopping with Black Friday Deals Right Now. Andy K. | View Account View: Web BEST BUY Top Deals Outlet TVs Computers Cell Phones Appliances Black Friday Deals Now. New",1
1469,Last chance for seasonal savings! 🎄 Shop holiday offers before they&#39;re gone. | View Online ‌ ‌ ‌ ‌ ‌ ‌ ‌ ‌ ‌ ‌ ‌ ‌ ‌ ‌ ‌ ‌ ‌ ‌ ‌ ‌ ‌ ‌ ‌ ‌ ‌ ‌ ‌ ‌ ‌ ‌ ‌ ‌ ‌ ‌ ‌ ‌ ‌ ‌ ‌ ‌ ‌ ‌ ‌ ‌ ‌ ‌ ‌ ‌ ‌ ‌ ‌ ‌ ‌ ‌ ‌ ‌ ‌ ‌ ‌ ‌ ‌ ‌ ‌ ‌ ‌ ‌ ‌ ‌ ‌ ‌ ‌,3
1470,"*** An update from Best Buy *** Enjoy Black Friday Deals Right NOW! You can save on the latest tech Better act quick, doorbuster deals end today. Andy K. | View Account View: Web BEST BUY Top Deals Outlet TVs Computers Cell Phones Appliances Black Friday Deals Right Now. New Doorbusters are here.",1
1471,"Why your brain can't focus, a possible cure for hair loss, and more Good morning from Apple News. Here are some stories about health and well-being for your Sunday. ͏ ͏ ͏ ͏ ͏ ͏ ͏ ͏ ͏ ͏ ͏ ͏ ͏ ͏ ͏ ͏ ͏ ͏ ͏ ͏ ͏ ͏ ͏ ͏ ͏ ͏ ͏ ͏ ͏ ͏ ͏ ͏ ͏ ͏ ͏ ͏ ͏ ͏ ͏ ͏ ͏ ͏ ͏ ͏ ͏ ͏ ͏ ͏ ͏ ͏ ͏ ͏",3
1472,"""What the fuck?"" r/UMD: What the fuck? in front of SECU stadium r/UMD · Posted by u/kanyesh 6h ago What the fuck? in front of SECU stadium Read More 106 Votes 27 Comments Hide r/UMD r/RPI · Posted by u/",3
1473,"⏰ 박주현님이 방금 24시간 후에 만료되는 스토리를 게시했습니다 The story will expire 오늘 오후 11:53, so don&#39;t miss out on the opportunity to see it. 사라지기 전에 박주현의 최근 스토리를 확인해보세요. 박주현 added to his story. 11월 15일 오후 11:53 스토리 보기 다른 스토리 보기 skk126skk126@gmail.com 주소로",3
1474,"Enjoy the Holidays with the New Version 3.5 Update - Now Live!! 🍂 A new adventure awaits in PUBG MOBILE&#39;s latest update! Keep warm as you explore the new Icemire Frontier, take a ride on exclusive new vehicles, and join in on our incredible crossover events.",1
1475,💸 These Doorbusters deals are great. 💸 Don&#39;t miss out on today&#39;s Deal of the Day. Andy K. | View Account View: Web BEST BUY Top Deals Outlet TVs Computers Cell Phones Appliances Black Friday Deals Now. New Doorbusters are here.,1
1476,탑스틱 topsticks loves your comment Youtube Logo 탑스틱 topsticks loves your comment [ 탑 피들스틱 vs 암베사 ] 와 이거 하드카운터인데? | 탑스틱 topsticks @mocho5604 암베사 체급이 안좋아서 피들이 이기드라고요 View hearted comment If you no longer wish to receive emails about,3
1477,"A strange syndrome linked to cannabis use, the ""monster tenant,"" and more Good morning from Apple News. Here are some great reads for the weekend. ͏ ͏ ͏ ͏ ͏ ͏ ͏ ͏ ͏ ͏ ͏ ͏ ͏ ͏ ͏ ͏ ͏ ͏ ͏ ͏ ͏ ͏ ͏ ͏ ͏ ͏ ͏ ͏ ͏ ͏ ͏ ͏ ͏ ͏ ͏ ͏ ͏ ͏ ͏ ͏ ͏ ͏ ͏ ͏ ͏ ͏ ͏ ͏ ͏ ͏ ͏ ͏ ͏ ͏ ͏ ͏ ͏ ͏ ͏ ͏ ͏ ͏ ͏ ͏",3
1478,"Spend your Worlds 2024 Event Tokens by Nov. 18 3 days left for Token and Event Pass purchases TOKENS EXPIRING SOON With champions crowned and Arcane heating up, it&#39;s time to put the Worlds 2024 Event Shop to bed! Make sure to redeem your Event",3
1479,"Your Saturday update! Best Buy is bringing you TVs as low as $64.99... Plus, check BLACK FRIDAY deals right now! Andy K. | View Account View: Web BEST BUY Top Deals Outlet TVs Computers Cell Phones Appliances Explore TVs as low as $64.99 Shop now Black Friday Deals Right",1
1480,"AndyKang, will you rate your transaction at Amazon.com? Hi AndyKang, Rate your experience with the seller, Oskal: 1 (Awful) 2 (Poor) 3 (Neutral) 4 (Good) 5 (Excellent) Oskal (Fulfilled by Amazon) Order details Product Image 10 Pcs Dungeons and Dragons Dice",3
1481,"dong님, Microsoft의 Chairman and CEO - Satya Nadella님을 팔로우하는 게 어떠세요? 추천 보기 ͏ ͏ ͏ ͏ ͏ ͏ ͏ ͏ ͏ ͏ ͏ ͏ ͏ ͏ ͏ ͏ ͏ ͏ ͏ ͏ ͏ ͏ ͏ ͏ ͏ ͏ ͏ ͏ ͏ ͏ ͏ ͏ ͏ ͏ ͏ ͏ ͏ ͏ ͏ ͏ ͏ ͏ ͏ ͏ ͏ ͏ ͏ ͏ ͏ ͏ ͏ ͏ ͏ ͏ ͏ ͏ ͏ ͏ ͏ ͏ ͏ ͏ ͏ ͏ ͏ ͏ ͏ ͏ ͏ ͏ ͏ ͏ ͏ ͏ ͏ ͏ ͏ ͏ ͏ ͏ ͏ ͏ ͏ ͏ ͏ ͏ ͏ ͏ ͏ ͏ ͏ ͏ ͏ ͏ ͏ ͏ ͏ ͏",3
1482,"과거의 오늘 있었던 추억을 확인해보세요. 과거의 오늘에 대한 추억을 확인해보세요. 과거의 오늘: 11월 15일 강동혁님, 안녕하세요! 2019년의 이 게시물이 기억나시나요? 과거의 오늘 어떤 추억이 있었는지 떠올려보세요. 추억 돌아보기 skk126skk126@gmail.com 주소로 전송된 메시지입니다. 앞으로 Meta로부터 이와 같은 이메일을 받지 않으려면 그만 받기를 누르세요. Meta",3
1483,"💸 Doorbusters: top DEALS are inside Plus, check out Black Friday Deals right now! Andy K. | View Account View: Web BEST BUY Top Deals Outlet TVs Computers Cell Phones Appliances Black Friday Deals Now. New Doorbusters are here. Reference",1
1484,"Up to 50% off toys. Save even more on favorite toy brands. Shop games, learning toys, plushies, and more͏ ‌ ͏ ‌ ͏ ‌ ͏ ‌ ͏ ‌ ͏ ‌ ͏ ‌ ͏ ‌ ͏ ‌ ͏ ‌ ͏ ‌ ͏ ‌ ͏ ‌ ͏ ‌ ͏ ‌ ͏ ‌ ͏ ‌ ͏ ‌ ͏ ‌ ͏ ‌ ͏ ‌ ͏ ‌ ͏ ‌ ͏ ‌ ͏ ‌ ͏ ‌ ͏ ‌ ͏ ‌ ͏ ‌ ͏ ‌ ͏ ‌ ͏ ‌ ͏ ‌ ͏ ‌ ͏ ‌ ͏ ‌ ͏ ‌ ͏ ‌ ͏ ‌",3
1485,"Good news - your inbox just got some more OFFERS. Plus, shop Black Friday Deals Right Now Andy K. | View Account View: Web BEST BUY Top Deals Outlet TVs Computers Cell Phones Appliances Black Friday Deals Right Now. New Doorbusters are here.",1
1488,"Jury sides with woman fired over COVID shot, Michelin honors the wrong restaurant, and more Here&#39;s what you need to know. ͏ ͏ ͏ ͏ ͏ ͏ ͏ ͏ ͏ ͏ ͏ ͏ ͏ ͏ ͏ ͏ ͏ ͏ ͏ ͏ ͏ ͏ ͏ ͏ ͏ ͏ ͏ ͏ ͏ ͏ ͏ ͏ ͏ ͏ ͏ ͏ ͏ ͏ ͏ ͏ ͏ ͏ ͏ ͏ ͏ ͏ ͏ ͏ ͏ ͏ ͏ ͏ ͏ ͏ ͏ ͏ ͏ ͏ ͏ ͏ ͏ ͏ ͏ ͏ ͏ ͏ ͏ ͏ ͏ ͏ ͏ ͏ ͏ ͏ ͏ ͏ ͏ ͏ ͏ ͏ ͏ ͏ ͏ ͏",3
1489,"White elephant gifts under $10, Friendsgiving, stocking stuffers, and more Stock up for all your holiday traditions͏ ‌ ͏ ‌ ͏ ‌ ͏ ‌ ͏ ‌ ͏ ‌ ͏ ‌ ͏ ‌ ͏ ‌ ͏ ‌ ͏ ‌ ͏ ‌ ͏ ‌ ͏ ‌ ͏ ‌ ͏ ‌ ͏ ‌ ͏ ‌ ͏ ‌ ͏ ‌ ͏ ‌ ͏ ‌ ͏ ‌ ͏ ‌ ͏ ‌ ͏ ‌ ͏ ‌ ͏ ‌ ͏ ‌ ͏ ‌ ͏ ‌ ͏ ‌ ͏ ‌ ͏ ‌ ͏ ‌ ͏ ‌ ͏ ‌ ͏ ‌ ͏ ‌ ͏ ‌ ͏",3
1490,ChatGPT - Your new plan Manage your account: https://chatgpt.com/account/manage?account_id=dfdacef4-e4b4-4aab-b529-0d77bb1605a9. You&#39;ve successfully subscribed to ChatGPT Plus. Your subscription will automatically renew,3
1491,"(광고) 🎁 김영한님으로부터 선물이 도착했습니다. 인프런 최초, 누적수강생 40만 명 달성! 인프런 최초로 40만 수강생을 달성하여 수강생들의 인생 멘토가 된 지식공유자 김영한 님! 감사한 마음을 담아, 김영한 님의 전 강의 30% 할인 중! 이벤트 기간 | 11월 15일 (금) ~ 11월 28일 (목) | 여러분에게 감사한 마음을 담아서 40만 수강생까지 달려오며 많은 응원과 관심을 보내준 여러분을 위해,",1
1492,"Coming Soon to Battle.net from Obsidian Entertainment—Avowed! Adventurer, pre-purchase to play at launch. Get the Premium Edition for additional bonuses, including up to 5 days early access and more. Pre-purchase and play Avowed on Battle.net Pre-purchase and",3
1493,"💰 We’ve missed you, A! Stop by for an exclusive 75% off cards Send season&#39;s greetings with custom cards. | View Online ‌ ‌ ‌ ‌ ‌ ‌ ‌ ‌ ‌ ‌ ‌ ‌ ‌ ‌ ‌ ‌ ‌ ‌ ‌ ‌ ‌ ‌ ‌ ‌ ‌ ‌ ‌ ‌ ‌ ‌ ‌ ‌ ‌ ‌ ‌ ‌ ‌ ‌ ‌ ‌ ‌ ‌ ‌ ‌ ‌ ‌ ‌ ‌ ‌ ‌ ‌ ‌ ‌ ‌ ‌ ‌ ‌ ‌ ‌ ‌ ‌ ‌ ‌ ‌ ‌ ‌ ‌ ‌ ‌ ‌",1
1495,Become a gifting legend. Shop Black Friday Deals Right Now. Don&#39;t forget to check out today&#39;s Deal of the Day Andy K. | View Account View: Web BEST BUY Top Deals Outlet TVs Computers Cell Phones Appliances Black Friday Deals Right Now. New Doorbusters,1
1497,Delivered: Your Amazon.com order #113-7822097-5803447 Delivered: Your Amazon.com order #113-7822097-5803447͏ ‌ ͏ ‌ ͏ ‌ ͏ ‌ ͏ ‌ ͏ ‌ ͏ ‌ ͏ ‌ ͏ ‌ ͏ ‌ ͏ ‌ ͏ ‌ ͏ ‌ ͏ ‌ ͏ ‌ ͏ ‌ ͏ ‌ ͏ ‌ ͏ ‌ ͏ ‌ ͏ ‌ ͏ ‌ ͏ ‌ ͏ ‌ ͏ ‌ ͏ ‌ ͏ ‌ ͏ ‌ ͏ ‌ ͏ ‌ ͏ ‌ ͏ ‌ ͏ ‌ ͏ ‌ ͏ ‌ ͏ ‌ ͏ ‌,3
1498,Black Friday savings are live. Don&#39;t miss these early savings! View in Browser Dell Technologies Dell Technologies View Products Call Now Live Chat View Products Call Now Live Chat Everyone loves rewards Earn 6% (2X) back in,3
1499,"Republicans clinch full control of Congress, why dogs and their owners look alike, and more Here&#39;s what you need to know. ͏ ͏ ͏ ͏ ͏ ͏ ͏ ͏ ͏ ͏ ͏ ͏ ͏ ͏ ͏ ͏ ͏ ͏ ͏ ͏ ͏ ͏ ͏ ͏ ͏ ͏ ͏ ͏ ͏ ͏ ͏ ͏ ͏ ͏ ͏ ͏ ͏ ͏ ͏ ͏ ͏ ͏ ͏ ͏ ͏ ͏ ͏ ͏ ͏ ͏ ͏ ͏ ͏ ͏ ͏ ͏ ͏ ͏ ͏ ͏ ͏ ͏ ͏ ͏ ͏ ͏ ͏ ͏ ͏ ͏ ͏ ͏ ͏ ͏ ͏ ͏ ͏ ͏ ͏ ͏ ͏ ͏ ͏ ͏",3
1500,Final days for 20% off men’s health tests Screen for health conditions that commonly affect men ‌ ‌ ‌ ‌ ‌ ‌ ‌ ‌ ‌ ‌ ‌ ‌ ‌ ‌ ‌ ‌ ‌ ‌ ‌ ‌ ‌ ‌ ‌ ‌ ‌ ‌ ‌ ‌ ‌ ‌ ‌ ‌ ‌ ‌ ‌ ‌ ‌ ‌ ‌ ‌ ‌ ‌ ‌ ‌ ‌ ‌ ‌ ‌ ‌ ‌ ‌ ‌ ‌ ‌ ‌ ‌ ‌ ‌ ‌ ‌ ‌ ‌ ‌ ‌ ‌ ‌ ‌ ‌ ‌ ‌ ‌ ‌ ‌ ‌,3
1501,Google Play 주문 영수증(2024. 11. 13.) Google Play 감사합니다. Google Play의 YOSTAR (HONG KONG) LIMITED에서 구매하셨습니다. 주문 번호: GPA.3378-0827-2366-64209 주문 날짜: 2024. 11. 13. 오후 11시 2분 10초 GMT-5 상품 가격 로도스 아일랜드 헤드헌팅 팩 (명일방주) $23.99 세금: $0.00 합계: $23.99,3
1503,"Popular gifts for kids, teens, and adults Find the perfect present for everyone on your list͏ ‌ ͏ ‌ ͏ ‌ ͏ ‌ ͏ ‌ ͏ ‌ ͏ ‌ ͏ ‌ ͏ ‌ ͏ ‌ ͏ ‌ ͏ ‌ ͏ ‌ ͏ ‌ ͏ ‌ ͏ ‌ ͏ ‌ ͏ ‌ ͏ ‌ ͏ ‌ ͏ ‌ ͏ ‌ ͏ ‌ ͏ ‌ ͏ ‌ ͏ ‌ ͏ ‌ ͏ ‌ ͏ ‌ ͏ ‌ ͏ ‌ ͏ ‌ ͏ ‌ ͏ ‌ ͏ ‌ ͏ ‌ ͏ ‌ ͏ ‌",3
1504,"Your Amazon.com order of ""10 Pcs Dungeons and Dragons..."" has shipped! Amazon.com Hello AndyKang, We wanted to let you know that we have shipped your items. Shipping Confirmation Your package will arrive by Thursday, November 14 Ship to AndyKang TROY, NY Order # 113-",3
1505,"💬 김용님이 게시물에 댓글을 남겼습니다 제가 할배가 됐네예! I am a grandpa now! Meet... 💬 김용님이 게시물에 댓글을 남겼습니다 11월 13일 오전 8:09 보기 김용님 외 73명이 공감했습니다. skk126skk126@gmail.com 주소로 전송된 메시지입니다. 앞으로 Meta로부터 이와 같은 이메일을 받지 않으려면 그만 받기를 누르세요. Meta Platforms,",5
1506,"💲 TECH ON SALE! Get Black Friday Deals before they're over... PS, Time is ticking on our Deal of the Day! Andy K. | View Account View: Web BEST BUY Top Deals Outlet TVs Computers Cell Phones Appliances Black Friday Deals Right Now. New Doorbusters every Friday.",1
1507,📣 Health Coaching now available on questhealth.com Get support to achieve your health goals ‌ ‌ ‌ ‌ ‌ ‌ ‌ ‌ ‌ ‌ ‌ ‌ ‌ ‌ ‌ ‌ ‌ ‌ ‌ ‌ ‌ ‌ ‌ ‌ ‌ ‌ ‌ ‌ ‌ ‌ ‌ ‌ ‌ ‌ ‌ ‌ ‌ ‌ ‌ ‌ ‌ ‌ ‌ ‌ ‌ ‌ ‌ ‌ ‌ ‌ ‌ ‌ ‌ ‌ ‌ ‌ ‌ ‌ ‌ ‌ ‌ ‌ ‌ ‌ ‌ ‌ ‌ ‌ ‌ ‌ ‌ ‌ ‌ ‌ ‌ ‌ ‌ ‌ ‌ ‌,3
1508,"Trump picks Fox News host as Pentagon chief, why November has been weirdly warm, and more Here&#39;s what you need to know. ͏ ͏ ͏ ͏ ͏ ͏ ͏ ͏ ͏ ͏ ͏ ͏ ͏ ͏ ͏ ͏ ͏ ͏ ͏ ͏ ͏ ͏ ͏ ͏ ͏ ͏ ͏ ͏ ͏ ͏ ͏ ͏ ͏ ͏ ͏ ͏ ͏ ͏ ͏ ͏ ͏ ͏ ͏ ͏ ͏ ͏ ͏ ͏ ͏ ͏ ͏ ͏ ͏ ͏ ͏ ͏ ͏ ͏ ͏ ͏ ͏ ͏ ͏ ͏ ͏ ͏ ͏ ͏ ͏ ͏ ͏ ͏ ͏ ͏ ͏ ͏ ͏ ͏ ͏ ͏ ͏ ͏ ͏ ͏",3
1509,"(광고) AI 개발의 현주소, 궁금하지 않으세요? 11월 퇴근길 밋업 참가 신청 오픈! 발표도 듣고 네트워킹 하며 AI 개발의 현재를 만나보세요. 안녕하세요, 인프런입니다. 요즘 개발 분야에서 뜨거운 감자 중 하나가 바로 AI 죠. 퇴근길 밋업에 참여하신 많은 분들이 AI를 주제로 밋업을 열어달라는 이야기를 종종 해주셨는데요. 그래서....!! 이번 밋업에서는 AI 개발을 주제로 진행해보려 합니다. AI 개발의 현재를 알아가고 싶은 분들이라면,",1
1510,"그룹 추천에 �The Boyz 더보이즈 Update� 외 3개가 추가되었습니다 강동혁님, 그룹에 가입하여 같은 관심사를 공유하는 사람들과 소통해보세요. 그룹에 가입하여 같은 관심사를 공유하는 사람들과 소통해보세요. 회원님을 위한 추천 �The Boyz 더보이즈 Update� THE BOYZ (더보이즈) lnternational 그룹 방문 그룹 방문 THE BOYZ - The B Mechanicville&#39;s Thoughtful",2
1511,"Andy, do what you love at S&T 💚 Missouri S&amp;T Hello Andy, Finding the right college doesn&#39;t have to be rocket science—unless that&#39;s your thing! 🚀 At Missouri S&amp;T, you&#39;ll get the chance to do what you love, when you",3
1512,Prepare to be amazed... These are some really awesome offers! Don&#39;t forget to check out today&#39;s Deal of the Day. Andy K. | View Account View: Web BEST BUY Top Deals Outlet TVs Computers Cell Phones Appliances Black Friday Deals Right Now. New Doorbusters,1
1513,You received money with Zelle(R) Wells Fargo home page TAEG KANG sent you $500.00 Date: 11/12/2024 Confirmation: WFCT0Y7Q66DN Memo: For your dream We deposited the money in your Wells Fargo account. Go to accounts Have any questions?,3
1514,"Don’t Miss the Warcraft 30th Anniversary Direct, Adventurer! Get the scoop on the Warcraft universe and earn rewards for World of Warcraft, Hearthstone, and Warcraft Rumble. JOIN US TOMORROW FOR A SPECIAL EVENT JOIN US TOMORROW FOR A SPECIAL EVENT Watch the",3
1515,Sale ends today We&#39;re here to guide you toward your goals. Shop this sale — and get started on your success. ͏ ‌ ﻿ ͏ ‌ ﻿ ͏ ‌ ﻿ ͏ ‌ ﻿ ͏ ‌ ﻿ ͏ ‌ ﻿ ͏ ‌ ﻿ ͏ ‌ ﻿ ͏ ‌ ﻿ ͏ ‌ ﻿ ͏ ‌ ﻿ ͏ ‌ ﻿ ͏ ‌ ﻿ ͏ ‌ ﻿ ͏ ‌ ﻿ ͏ ‌ ﻿ ͏ ‌ ﻿ ͏,1
1516,Delivered: Your Amazon.com order #111-0002333-2640200 Delivered: Your Amazon.com order #111-0002333-2640200͏ ‌ ͏ ‌ ͏ ‌ ͏ ‌ ͏ ‌ ͏ ‌ ͏ ‌ ͏ ‌ ͏ ‌ ͏ ‌ ͏ ‌ ͏ ‌ ͏ ‌ ͏ ‌ ͏ ‌ ͏ ‌ ͏ ‌ ͏ ‌ ͏ ‌ ͏ ‌ ͏ ‌ ͏ ‌ ͏ ‌ ͏ ‌ ͏ ‌ ͏ ‌ ͏ ‌ ͏ ‌ ͏ ‌ ͏ ‌ ͏ ‌ ͏ ‌ ͏ ‌ ͏ ‌ ͏ ‌ ͏ ‌ ͏ ‌,3
1518,Get 20% off men’s health tests Save on the Prostate Screening (PSA) and more ‌ ‌ ‌ ‌ ‌ ‌ ‌ ‌ ‌ ‌ ‌ ‌ ‌ ‌ ‌ ‌ ‌ ‌ ‌ ‌ ‌ ‌ ‌ ‌ ‌ ‌ ‌ ‌ ‌ ‌ ‌ ‌ ‌ ‌ ‌ ‌ ‌ ‌ ‌ ‌ ‌ ‌ ‌ ‌ ‌ ‌ ‌ ‌ ‌ ‌ ‌ ‌ ‌ ‌ ‌ ‌ ‌ ‌ ‌ ‌ ‌ ‌ ‌ ‌ ‌ ‌ ‌ ‌ ‌ ‌ ‌ ‌ ‌ ‌ ‌ ‌ ‌ ‌,3
1520,"Celebrate Our Bicentennial Giving Day! Today is 24 for 1824, our Bicentennial giving day! View this email in a webpage Rensselaer Bicentennial logo The 24 for 1824 logo with a fade in and fade out of an old Ferris wheel in black and white,",3
1521,"The top U.S. cities people are moving to for cheaper rent, America's onion problem, and more Here&#39;s what you need to know. ͏ ͏ ͏ ͏ ͏ ͏ ͏ ͏ ͏ ͏ ͏ ͏ ͏ ͏ ͏ ͏ ͏ ͏ ͏ ͏ ͏ ͏ ͏ ͏ ͏ ͏ ͏ ͏ ͏ ͏ ͏ ͏ ͏ ͏ ͏ ͏ ͏ ͏ ͏ ͏ ͏ ͏ ͏ ͏ ͏ ͏ ͏ ͏ ͏ ͏ ͏ ͏ ͏ ͏ ͏ ͏ ͏ ͏ ͏ ͏ ͏ ͏ ͏ ͏ ͏ ͏ ͏ ͏ ͏ ͏ ͏ ͏ ͏ ͏ ͏ ͏ ͏ ͏ ͏ ͏ ͏ ͏ ͏ ͏",3
1522,"Make personal projects shine Explore stunning templates to kick-start your invites, flyers, posters, and more. ‌ ‌ ‌ ‌ ‌ ‌ ‌ ‌ ‌ ‌ ‌ ‌ ‌ ‌ ‌ ‌ ‌ ‌ ‌ ‌ ‌ ‌ ‌ ‌ ‌ ‌ ‌ ‌ ‌ ‌ ‌ ‌ ‌ ‌ ‌ ‌ ‌ ‌ ‌ ‌ ‌ ‌ ‌ ‌ ‌ ‌ ‌ ‌ ‌ ‌ ‌ ‌ Designs to love",4
1523,"Order the new MacBook Pro (M4). Starting at $799 with qualifying trade-in. Plus, order the new iMac (M4). Starting at $875 with qualifying trade-in. Andy K. | View Account View: Web BEST BUY Top Deals Outlet TVs Computers Cell Phones Appliances MacBook Pro. A work of smart.",1
1524,You’re a writing powerhouse! Last week&#39;s stats point to peak productivity. ‌ ‌ ‌ ‌ ‌ ‌ ‌ ‌ ‌ ‌ ‌ ‌ ‌ ‌ ‌ ‌ ‌ ‌ ‌ ‌ ‌ ‌ ‌ ‌ ‌ ‌ ‌ ‌ ‌ ‌ ‌ ‌ ‌ ‌ ‌ ‌ ‌ ‌ ‌ ‌ ‌ ‌ ‌ ‌ ‌ ‌ ‌ ‌ ‌ ‌ ‌ ‌ ‌ ‌ ‌ ‌ ‌ ‌ ‌ ‌ ‌ ‌ ‌ ‌ ‌ ‌ ‌ ‌ ‌ ‌ ‌ ‌ ‌ ‌ ‌ ‌,3
1525,Courses are on sale. We’ll help guide you to your goals. Learn from scratch or dive deep into advanced concepts. We&#39;ve got courses that cover it all. ͏ ‌ ﻿ ͏ ‌ ﻿ ͏ ‌ ﻿ ͏ ‌ ﻿ ͏ ‌ ﻿ ͏ ‌ ﻿ ͏ ‌ ﻿ ͏ ‌ ﻿ ͏ ‌ ﻿ ͏ ‌ ﻿ ͏ ‌ ﻿ ͏ ‌ ﻿ ͏ ‌ ﻿ ͏ ‌ ﻿ ͏ ‌ ﻿ ͏ ‌ ﻿ ͏ ‌ ﻿ ͏,1
1526,Your annual notice about our customer service and error resolution policy Learn more about this Google Pay policy.‍ ‍ ‍ ‍ ‍ ‍ ‍ ‍ ‍ ‍ ‍ ‍ ‍ ‍ ‍ ‍ ‍ ‍ ‍ ‍ ‍ ‍ ‍ ‍ ‍ ‍ ‍ ‍ ‍ ‍ ‍ ‍ ‍ ‍ ‍ ‍ ‍ ‍ ‍ ‍ ‍ ‍ ‍ ‍ ‍ ‍ ‍ ‍ ‍ ‍ ‍ ‍ ‍ ‍ ‍ ‍ ‍ ‍ ‍ ‍ ‍ ‍ ‍ ‍ ‍ ‍ ‍ ‍ ‍ ‍ ‍ ‍ ‍ ‍ ‍ ‍ ‍ ‍ ‍ ‍ ‍,3
1527,"Hi creator, we miss you! Still interested in our emails? ﻿͏ ﻿͏ ﻿͏ ﻿͏ ﻿͏ ﻿͏ ﻿͏ ﻿͏ ﻿͏ ﻿͏ ﻿͏ ﻿͏ ﻿͏ ﻿͏ ﻿͏ ﻿͏ ﻿͏ ﻿͏ ﻿͏ ﻿͏ ﻿͏ ﻿͏ ﻿͏ ﻿͏ ﻿͏ ﻿͏ ﻿͏ ﻿͏ ﻿͏ ﻿͏ ﻿͏ ﻿͏ ﻿͏ ﻿͏ ﻿͏ ﻿͏ ﻿͏ ﻿͏ ﻿͏ ﻿͏ ﻿͏ ﻿͏ ﻿͏ ﻿͏ ﻿͏ ﻿͏ ﻿͏ ﻿͏ ﻿͏ ﻿͏ ﻿͏ ﻿͏ ﻿͏ ﻿͏ ﻿͏ ﻿͏ ﻿",3
1528,"Trump names his ""border czar,"" the symptoms endocrinologists say to never ignore, and more Here&#39;s what you need to know. ͏ ͏ ͏ ͏ ͏ ͏ ͏ ͏ ͏ ͏ ͏ ͏ ͏ ͏ ͏ ͏ ͏ ͏ ͏ ͏ ͏ ͏ ͏ ͏ ͏ ͏ ͏ ͏ ͏ ͏ ͏ ͏ ͏ ͏ ͏ ͏ ͏ ͏ ͏ ͏ ͏ ͏ ͏ ͏ ͏ ͏ ͏ ͏ ͏ ͏ ͏ ͏ ͏ ͏ ͏ ͏ ͏ ͏ ͏ ͏ ͏ ͏ ͏ ͏ ͏ ͏ ͏ ͏ ͏ ͏ ͏ ͏ ͏ ͏ ͏ ͏ ͏ ͏ ͏ ͏ ͏ ͏ ͏ ͏",3
1529,"Your Amazon.com order of ""Nongshim Gourmet Spicy Shin..."" has shipped! Amazon.com Hello AndyKang, We wanted to let you know that we have shipped your items. Shipping Confirmation Your package will arrive by Tuesday, November 12 Ship to AndyKang TROY, NY Order # 111-",3
1530,"Your Amazon.com order of ""Samyang Buldak Spicy Ramen..."" and 1 more item has shipped! Amazon.com Hello AndyKang, We wanted to let you know that we have shipped your items. Shipping Confirmation Your package will arrive by Tuesday, November 12 Ship to AndyKang TROY, NY Order # 111-",3
1531,"Your Amazon.com order of ""10 Pcs Dungeons and Dragons..."". Amazon.com Hello AndyKang, Thank you for shopping with us. We&#39;ll send a confirmation when your item ships. Order Confirmation Arriving: Thursday, November 14 Ship to: AndyKang TROY, NY Order # 113-",1
1532,"Unlock Premium Worlds Rewards Unlock Orbs, Essence, icons and more with a Worlds 2024 Event Pass. MISSIONS ACCOMPLISHED You flew through Worlds 2024 Event Pass levels. It&#39;s time to reap the rewards! Pick up your Event Pass for",3
1533,"Thanksgiving is November 28. Shop hosting, cookware, and more Find everything for the big day on Amazon͏ ‌ ͏ ‌ ͏ ‌ ͏ ‌ ͏ ‌ ͏ ‌ ͏ ‌ ͏ ‌ ͏ ‌ ͏ ‌ ͏ ‌ ͏ ‌ ͏ ‌ ͏ ‌ ͏ ‌ ͏ ‌ ͏ ‌ ͏ ‌ ͏ ‌ ͏ ‌ ͏ ‌ ͏ ‌ ͏ ‌ ͏ ‌ ͏ ‌ ͏ ‌ ͏ ‌ ͏ ‌ ͏ ‌ ͏ ‌ ͏ ‌ ͏ ‌ ͏ ‌ ͏ ‌ ͏ ‌ ͏ ‌ ͏ ‌ ͏ ‌ ͏ ‌ ͏ ‌",3
1534,Last chance for 20% off diabetes tests Act now—this sale ends tomorrow ‌ ‌ ‌ ‌ ‌ ‌ ‌ ‌ ‌ ‌ ‌ ‌ ‌ ‌ ‌ ‌ ‌ ‌ ‌ ‌ ‌ ‌ ‌ ‌ ‌ ‌ ‌ ‌ ‌ ‌ ‌ ‌ ‌ ‌ ‌ ‌ ‌ ‌ ‌ ‌ ‌ ‌ ‌ ‌ ‌ ‌ ‌ ‌ ‌ ‌ ‌ ‌ ‌ ‌ ‌ ‌ ‌ ‌ ‌ ‌ ‌ ‌ ‌ ‌ ‌ ‌ ‌ ‌ ‌ ‌ ‌ ‌ ‌ ‌ ‌ ‌ ‌ ‌ ‌ ‌ ‌ ‌ ‌ ‌ ‌,1
1535,Get a holiday jump-start. Don't miss Doorbusters at Best Buy These Doorbusters end today! Andy K. | View Account View: Web BEST BUY Top Deals Outlet TVs Computers Cell Phones Appliances Black Friday Deals Right Now. New Doorbusters are here. Reference disclaimer,1
1536,"Why older women aren't remarrying, how to cut your dementia risk, and more Good morning from Apple News. Here are some of our readers&#39; favorite stories right now. ͏ ͏ ͏ ͏ ͏ ͏ ͏ ͏ ͏ ͏ ͏ ͏ ͏ ͏ ͏ ͏ ͏ ͏ ͏ ͏ ͏ ͏ ͏ ͏ ͏ ͏ ͏ ͏ ͏ ͏ ͏ ͏ ͏ ͏ ͏ ͏ ͏ ͏ ͏ ͏ ͏ ͏ ͏ ͏ ͏ ͏ ͏ ͏ ͏ ͏ ͏ ͏ ͏ ͏ ͏",3
1537,"Get that “done” feeling. Shop Doorbusters now. Better act quick, doorbuster deals end today. Andy K. | View Account View: Web BEST BUY Top Deals Outlet TVs Computers Cell Phones Appliances Black Friday Deals Right Now. New Doorbusters are here.",1
1538,Don’t miss this Black Friday sneak peek! Come back + shop our holiday gift guide to win the holidays. | View Online ‌ ‌ ‌ ‌ ‌ ‌ ‌ ‌ ‌ ‌ ‌ ‌ ‌ ‌ ‌ ‌ ‌ ‌ ‌ ‌ ‌ ‌ ‌ ‌ ‌ ‌ ‌ ‌ ‌ ‌ ‌ ‌ ‌ ‌ ‌ ‌ ‌ ‌ ‌ ‌ ‌ ‌ ‌ ‌ ‌ ‌ ‌ ‌ ‌ ‌ ‌ ‌ ‌ ‌ ‌ ‌ ‌ ‌ ‌ ‌ ‌ ‌ ‌,3
1539,"You should see these offers. Doorbusters inside, ending soon! Andy K. | View Account View: Web BEST BUY Top Deals Outlet TVs Computers Cell Phones Appliances Black Friday Deals Right Now. New Doorbusters are here. Reference",1
1540,"Your Saturday update! Best Buy is bringing you TVs as low as $59.99... Plus, explore Black Friday deals right now! Andy K. | View Account View: Web BEST BUY Top Deals Outlet TVs Computers Cell Phones Appliances Discover TVs as low as $59.99. Shop now. Reference disclaimer",1
1541,"The question dividing America's doctors, what Trump's win could mean for your taxes, and more Good morning from Apple News. Here are some great reads for the weekend. ͏ ͏ ͏ ͏ ͏ ͏ ͏ ͏ ͏ ͏ ͏ ͏ ͏ ͏ ͏ ͏ ͏ ͏ ͏ ͏ ͏ ͏ ͏ ͏ ͏ ͏ ͏ ͏ ͏ ͏ ͏ ͏ ͏ ͏ ͏ ͏ ͏ ͏ ͏ ͏ ͏ ͏ ͏ ͏ ͏ ͏ ͏ ͏ ͏ ͏ ͏ ͏ ͏ ͏ ͏ ͏ ͏ ͏ ͏ ͏ ͏ ͏ ͏ ͏",3
1543,"보내신 Steam 선물이 수락되었습니다 Steam 안녕하세요, skk750 님. heedo 님이 귀하의 선물을 수락했습니다 Lethal Company 친구에게 보낸 선물 중 아직 수락되지 않은 선물은 모두 선물 보관함 페이지에서 확인할 수 있습니다. 감사합니다. Steam 팀 일동 이 알림은 Steam 계정에 등록된 이메일 주소로 전송되었습니다. 본 이메일은 발신 전용이므로 답장하지 마세요. 추가",3
1544,"선물로 구매해주셔서 감사합니다! Steam 안녕하세요, skk750 님. Steam에서 선물을 구매해 주셔서 감사합니다. 내 Steam 포인트 Steam 포인트를 획득했습니다 포인트 상점 방문하기 999 선물 구매 받는 친구: heedo Lethal Company $9.99 구매하신 선물의 상태를 대기 중인 선물 페이지에서 확인하실 수 있습니다. 친구가 선물을 계정에 등록하면 상태가",3
1545,"Steam에 새 로그인 Steam Steam에 새 로그인 로그인을 시도한 계정: &#39;skk750&#39; 로그인 위치: Troy, NY, US 승인 방법: 이메일로 전송된 Steam Guard 코드 위의 로그인 정보가 올바른 경우 이 이메일은 무시하셔도 됩니다. 그렇지 않은 경우, 지금 Steam 비밀번호를 다시 설정하세요. Steam 모바일 인증기를 사용하여 계정에 접근할",3
1546,"내 Steam 계정: 새로운 웹 브라우저 혹은 모바일 기기로 접속 Steam skk750 님, 새로운 기기로 로그인하시려는 것 같습니다. 계정에 접근하려면 Steam Guard 코드가 필요합니다. 로그인 요청 지역 New York, 미국 QWXCG 본인이 아닌 경우 누군가가 귀하의 Steam 계정에 로그인을 시도했기 때문에 보내드리는 이메일입니다. 로그인 시도 당시 정확한 계정 이름과 비밀번호가 사용되었습니다. 귀하가",3
1547,"⏰ 박주현님이 방금 24시간 후에 만료되는 스토리를 게시했습니다 The story will expire 내일 오전 5:34, so don&#39;t miss out on the opportunity to see it. 사라지기 전에 박주현의 최근 스토리를 확인해보세요. 박주현 added to his story. 11월 8일 오전 5:34 스토리 보기 다른 스토리 보기 skk126skk126@gmail.com 주소로 전송된",3
1548,"Earn Rewards During the Warcraft 30th Anniversary Direct, Adventurer! Take on the Firelands raid, browse new Trading Post offerings, and help a good cause with The Reven Pack. DON&#39;T MISS BIG NEWS NEXT WEEK DON&#39;T MISS BIG NEWS NEXT WEEK Watch the Warcraft® 30th",3
1549,"dong님, happy™의 Co-Founder - Robert Downey Jr.님을 팔로우하는 게 어떠세요? 추천 보기 ͏ ͏ ͏ ͏ ͏ ͏ ͏ ͏ ͏ ͏ ͏ ͏ ͏ ͏ ͏ ͏ ͏ ͏ ͏ ͏ ͏ ͏ ͏ ͏ ͏ ͏ ͏ ͏ ͏ ͏ ͏ ͏ ͏ ͏ ͏ ͏ ͏ ͏ ͏ ͏ ͏ ͏ ͏ ͏ ͏ ͏ ͏ ͏ ͏ ͏ ͏ ͏ ͏ ͏ ͏ ͏ ͏ ͏ ͏ ͏ ͏ ͏ ͏ ͏ ͏ ͏ ͏ ͏ ͏ ͏ ͏ ͏ ͏ ͏ ͏ ͏ ͏ ͏ ͏ ͏ ͏ ͏ ͏ ͏ ͏ ͏ ͏ ͏ ͏ ͏ ͏ ͏ ͏ ͏ ͏ ͏ ͏ ͏",3
1550,🤗 Here’s two email exclusive offers—because we miss you! Come back + shop our holiday gift guide to win the holidays. | View Online ‌ ‌ ‌ ‌ ‌ ‌ ‌ ‌ ‌ ‌ ‌ ‌ ‌ ‌ ‌ ‌ ‌ ‌ ‌ ‌ ‌ ‌ ‌ ‌ ‌ ‌ ‌ ‌ ‌ ‌ ‌ ‌ ‌ ‌ ‌ ‌ ‌ ‌ ‌ ‌ ‌ ‌ ‌ ‌ ‌ ‌ ‌ ‌ ‌ ‌ ‌ ‌ ‌ ‌ ‌ ‌ ‌ ‌ ‌ ‌ ‌ ‌ ‌,1
1551,"Your Amazon.com order of ""Samyang Hot chicken stir..."" has shipped! Amazon.com Hello AndyKang, We wanted to let you know that we have shipped your items. Shipping Confirmation Your package will arrive by Friday, November 15 - Tuesday, November 19 Ship to AndyKang TROY,",3
1552,"Steam 구매를 해주셔서 감사합니다! Steam 안녕하세요, skk750 님. 최근 Steam에서 게임을 구매해 주셔서 감사합니다. 아래 항목이 Steam 라이브러리에 추가되었습니다. Steam이 처음이시라면 여기서 Steam 앱을 무료로 다운로드할 수 있습니다. 내 Steam 포인트 Steam 포인트를 획득했습니다 포인트 상점 방문하기 3999 The Witness $39.99 계정 이름:",3
1553,Sale ends tonight. Save on courses now. Get ahead and stay ahead. Learn the leading skills from experts committed to helping you achieve your goals. ͏ ‌ ﻿ ͏ ‌ ﻿ ͏ ‌ ﻿ ͏ ‌ ﻿ ͏ ‌ ﻿ ͏ ‌ ﻿ ͏ ‌ ﻿ ͏ ‌ ﻿ ͏ ‌ ﻿ ͏ ‌ ﻿ ͏ ‌ ﻿ ͏ ‌ ﻿ ͏ ‌ ﻿ ͏ ‌ ﻿ ͏ ‌ ﻿ ͏,1
1554,"Doorbusters are here. Also, shop Black Friday Deals right now These doorbusters won&#39;t be around for long. Andy K. | View Account View: Web BEST BUY Top Deals Outlet TVs Computers Cell Phones Appliances Black Friday Deals Right Now. New Doorbusters are here.",1
1556,"Your Amazon.com order of ""Nongshim Gourmet Spicy Shin..."" and 3 more items. Amazon.com Hello AndyKang, Thank you for shopping with us. We&#39;ll send a confirmation when your items ship. Your purchase has been divided into 2 orders. Order Confirmation Arriving: Tuesday,",1
1558,"Shop early Black Friday Deals and Doorbusters ending soon Time is ticking, act quick. Andy K. | View Account View: Web BEST BUY Top Deals Outlet TVs Computers Cell Phones Appliances Black Friday Deals Right Now. New Doorbusters are here. Doorbusters end",1
1559,"Trump's first White House hire, what the Fed decision means for your wallet, and more Here&#39;s what you need to know. ͏ ͏ ͏ ͏ ͏ ͏ ͏ ͏ ͏ ͏ ͏ ͏ ͏ ͏ ͏ ͏ ͏ ͏ ͏ ͏ ͏ ͏ ͏ ͏ ͏ ͏ ͏ ͏ ͏ ͏ ͏ ͏ ͏ ͏ ͏ ͏ ͏ ͏ ͏ ͏ ͏ ͏ ͏ ͏ ͏ ͏ ͏ ͏ ͏ ͏ ͏ ͏ ͏ ͏ ͏ ͏ ͏ ͏ ͏ ͏ ͏ ͏ ͏ ͏ ͏ ͏ ͏ ͏ ͏ ͏ ͏ ͏ ͏ ͏ ͏ ͏ ͏ ͏ ͏ ͏ ͏ ͏ ͏ ͏",3
1561,"Shop holiday decor, stocking stuffers under $10, festive sweaters, and more Get ready for guests with festive upgrades for your home͏ ‌ ͏ ‌ ͏ ‌ ͏ ‌ ͏ ‌ ͏ ‌ ͏ ‌ ͏ ‌ ͏ ‌ ͏ ‌ ͏ ‌ ͏ ‌ ͏ ‌ ͏ ‌ ͏ ‌ ͏ ‌ ͏ ‌ ͏ ‌ ͏ ‌ ͏ ‌ ͏ ‌ ͏ ‌ ͏ ‌ ͏ ‌ ͏ ‌ ͏ ‌ ͏ ‌ ͏ ‌ ͏ ‌ ͏ ‌ ͏ ‌ ͏ ‌ ͏ ‌ ͏ ‌ ͏ ‌ ͏ ‌ ͏",3
1562,"Create more with generative AI Design with generative AI features like Generate Image, Generate Text Effects, and Generative Fill. ‌ ‌ ‌ ‌ ‌ ‌ ‌ ‌ ‌ ‌ ‌ ‌ ‌ ‌ ‌ ‌ ‌ ‌ ‌ ‌ ‌ ‌ ‌ ‌ ‌ ‌ ‌ ‌ ‌ ‌ ‌ ‌ ‌ ‌ ‌ ‌ ‌ ‌ ‌ ‌ ‌ ‌ ‌ ‌ ‌ ‌ ‌ ‌ ‌ ‌ ‌",3
1563,"Save the Date for 24 for 1824: November 12, 2024! In honor of Founders Day and our Bicentennial, RPI will host its annual fall giving day, 24 for 1824. View this email in a webpage Rensselaer Bicentennial logo The 24 for 1824 logo with a fade in and",3
1564,Our leading courses. On sale now. Lean into learning with top courses rated by learners just like you. Our real-world experts can lead you to your goals. ͏ ‌ ﻿ ͏ ‌ ﻿ ͏ ‌ ﻿ ͏ ‌ ﻿ ͏ ‌ ﻿ ͏ ‌ ﻿ ͏ ‌ ﻿ ͏ ‌ ﻿ ͏ ‌ ﻿ ͏ ‌ ﻿ ͏ ‌ ﻿ ͏ ‌ ﻿ ͏ ‌ ﻿ ͏ ‌,1
1565,"We've Updated our Privacy Notice and Terms of Service Hey players, We&#39;re updating our Terms of Service to clarify how we issue penalties and how we resolve disputes. These changes will go into effect on December 1, 2024. You can read the new terms in",3
1566,Don’t miss out on 20% off diabetes tests Understand your diabetes risk with Quest ‌ ‌ ‌ ‌ ‌ ‌ ‌ ‌ ‌ ‌ ‌ ‌ ‌ ‌ ‌ ‌ ‌ ‌ ‌ ‌ ‌ ‌ ‌ ‌ ‌ ‌ ‌ ‌ ‌ ‌ ‌ ‌ ‌ ‌ ‌ ‌ ‌ ‌ ‌ ‌ ‌ ‌ ‌ ‌ ‌ ‌ ‌ ‌ ‌ ‌ ‌ ‌ ‌ ‌ ‌ ‌ ‌ ‌ ‌ ‌ ‌ ‌ ‌ ‌ ‌ ‌ ‌ ‌ ‌ ‌ ‌ ‌ ‌ ‌ ‌ ‌ ‌ ‌ ‌ ‌,3
1567,"Discover can’t-miss BOGO deals and more holiday savings today Plus, preview the tech featured in our hottest Black Friday deals. Andy K. | View Account View: Web BEST BUY Top Deals Outlet TVs Computers Cell Phones Appliances Holiday Savings. Featuring BOGO deals.",1
1568,"What Trump has said he'll do in office, how young people's bodies are aging faster, and more Here&#39;s what you need to know. ͏ ͏ ͏ ͏ ͏ ͏ ͏ ͏ ͏ ͏ ͏ ͏ ͏ ͏ ͏ ͏ ͏ ͏ ͏ ͏ ͏ ͏ ͏ ͏ ͏ ͏ ͏ ͏ ͏ ͏ ͏ ͏ ͏ ͏ ͏ ͏ ͏ ͏ ͏ ͏ ͏ ͏ ͏ ͏ ͏ ͏ ͏ ͏ ͏ ͏ ͏ ͏ ͏ ͏ ͏ ͏ ͏ ͏ ͏ ͏ ͏ ͏ ͏ ͏ ͏ ͏ ͏ ͏ ͏ ͏ ͏ ͏ ͏ ͏ ͏ ͏ ͏ ͏ ͏ ͏ ͏ ͏ ͏ ͏",3
1569,"""TMC THURSDAY"" r/RPI: TMC THURSDAY Thunder Mountain Curry will be making Pad Thai on the corner tomorrow, 6th November 11-2! While it&#39;s nice we will cook our famous noodles outside. Stop by and get some custom",3
1570,"🌎 mo, your October update mo, here&#39;s your new Timeline update You&#39;re receiving this email because you turned on Location History, a Google Account-level setting that creates Timeline, a personal map of your visited",3
1571,"Heard of the new unbreakable accessories in Black Desert? New Shatterproof Kharazad Accessories A new approach to accessory enhancement is here! The latest Kharazad accessories are shatterproof and have 10 enhancement levels with reduced difficulty, tackling",3
1572,[Last chance] 90% off MuseScore PRO+ A hauntingly good offer just for you ͏ ͏ ͏ ͏ ͏ ͏ ͏ ͏ ͏ ͏ ͏ ͏ ͏ ͏ ͏ ͏ ͏ ͏ ͏ ͏ ͏ ͏ ͏ ͏ ͏ ͏ ͏ ͏ ͏ ͏ ͏ ͏ ͏ ͏ ͏ ͏ ͏ ͏ ͏ ͏ ͏ ͏ ͏ ͏ ͏ ͏ ͏ ͏ ͏ ͏ ͏ ͏ ͏ ͏ ͏ ͏ ͏ ͏ ͏ ͏ ͏ ͏ ͏ ͏ ͏ ͏ ͏ ͏ ͏ ͏ ͏ ͏ ͏ ͏ ͏ ͏ ͏ ͏ ͏ ͏ ͏ ͏,3
1573,"Andy: still time to join and change in 2025 Metropolitan Community College Enrollment now open for Spring 2025 Andy, Spring classes mean returning to your goals of getting to your own anywhere. Classes start January 21. Re-join Metropolitan",3
1574,언리얼에 오신 것을 환영합니다 여러분의 아이디어를 현실로 만들 수 있도록 도와드리겠습니다. ‍͏ ͏ ‍͏ ͏ ‍͏ ͏ ‍͏ ͏ ‍͏ ͏ ‍͏ ͏ ‍͏ ͏ ‍͏ ͏ ‍͏ ͏ ‍͏ ͏ ‍͏ ͏ ‍͏ ͏ ‍͏ ͏ ‍͏ ͏ ‍͏ ͏ ‍͏ ͏ ‍͏ ͏ ‍͏ ͏ ‍͏ ͏ ‍͏ ͏ ‍͏ ͏ ‍͏ ͏ ‍͏ ͏ ‍͏ ͏ ‍͏ ͏ ‍͏ ͏ ‍͏ ͏ ‍͏ ͏ ‍͏ ͏ ‍͏ ͏ ‍͏ ͏ ‍͏ ͏ ‍͏ ͏ ‍͏,3
1575,Trump wins the presidency in historic comeback. Here's what to know. Here&#39;s what you need to know. ͏ ͏ ͏ ͏ ͏ ͏ ͏ ͏ ͏ ͏ ͏ ͏ ͏ ͏ ͏ ͏ ͏ ͏ ͏ ͏ ͏ ͏ ͏ ͏ ͏ ͏ ͏ ͏ ͏ ͏ ͏ ͏ ͏ ͏ ͏ ͏ ͏ ͏ ͏ ͏ ͏ ͏ ͏ ͏ ͏ ͏ ͏ ͏ ͏ ͏ ͏ ͏ ͏ ͏ ͏ ͏ ͏ ͏ ͏ ͏ ͏ ͏ ͏ ͏ ͏ ͏ ͏ ͏ ͏ ͏ ͏ ͏ ͏ ͏ ͏ ͏ ͏ ͏ ͏ ͏ ͏ ͏ ͏ ͏,3
1576,"Save up to 30% on gifts, toys, fashion, electronics, and more Check off your holiday list with presents for everyone͏ ‌ ͏ ‌ ͏ ‌ ͏ ‌ ͏ ‌ ͏ ‌ ͏ ‌ ͏ ‌ ͏ ‌ ͏ ‌ ͏ ‌ ͏ ‌ ͏ ‌ ͏ ‌ ͏ ‌ ͏ ‌ ͏ ‌ ͏ ‌ ͏ ‌ ͏ ‌ ͏ ‌ ͏ ‌ ͏ ‌ ͏ ‌ ͏ ‌ ͏ ‌ ͏ ‌ ͏ ‌ ͏ ‌ ͏ ‌ ͏ ‌ ͏ ‌ ͏ ‌ ͏ ‌ ͏ ‌ ͏ ‌ ͏ ‌",3
1577,Huge savings right now on open-box major appliances Don&#39;t forget to check out today&#39;s Deal of the Day Andy K. | View Account View: Web BEST BUY Top Deals Outlet TVs Computers Cell Phones Appliances Save 50% on select open-box major appliances.,1
1579,"What to know about voting today, when to expect election results, and more Here&#39;s what you need to know. ͏ ͏ ͏ ͏ ͏ ͏ ͏ ͏ ͏ ͏ ͏ ͏ ͏ ͏ ͏ ͏ ͏ ͏ ͏ ͏ ͏ ͏ ͏ ͏ ͏ ͏ ͏ ͏ ͏ ͏ ͏ ͏ ͏ ͏ ͏ ͏ ͏ ͏ ͏ ͏ ͏ ͏ ͏ ͏ ͏ ͏ ͏ ͏ ͏ ͏ ͏ ͏ ͏ ͏ ͏ ͏ ͏ ͏ ͏ ͏ ͏ ͏ ͏ ͏ ͏ ͏ ͏ ͏ ͏ ͏ ͏ ͏ ͏ ͏ ͏ ͏ ͏ ͏ ͏ ͏ ͏ ͏ ͏ ͏",3
1580,"Your photo reached 1,000 views 📸 Let&#39;s celebrate your impact‍ ‍ ‍ ‍ ‍ ‍ ‍ ‍ ‍ ‍ ‍ ‍ ‍ ‍ ‍ ‍ ‍ ‍ ‍ ‍ ‍ ‍ ‍ ‍ ‍ ‍ ‍ ‍ ‍ ‍ ‍ ‍ ‍ ‍ ‍ ‍ ‍ ‍ ‍ ‍ ‍ ‍ ‍ ‍ ‍ ‍ ‍ ‍ ‍ ‍ ‍ ‍ ‍ ‍ ‍ ‍ ‍ ‍ ‍ ‍ ‍ ‍ ‍ ‍ ‍ ‍ ‍ ‍ ‍ ‍ ‍ ‍ ‍ ‍ ‍ ‍ ‍ ‍ ‍ ‍ ‍ ‍ ‍ ‍ ‍",3
1581,Bye-bye backgrounds Fast-track edits with Quick Actions in Adobe Express. ‌ ‌ ‌ ‌ ‌ ‌ ‌ ‌ ‌ ‌ ‌ ‌ ‌ ‌ ‌ ‌ ‌ ‌ ‌ ‌ ‌ ‌ ‌ ‌ ‌ ‌ ‌ ‌ ‌ ‌ ‌ ‌ ‌ ‌ ‌ ‌ ‌ ‌ ‌ ‌ ‌ ‌ ‌ ‌ ‌ ‌ ‌ ‌ ‌ ‌ ‌ ‌ Easy edits in a click. Now you can pull out,3
1582,"Gifts under $10, hosting must-haves, holiday baking, and more  Find everything you need for gifting and gathering͏ ‌ ͏ ‌ ͏ ‌ ͏ ‌ ͏ ‌ ͏ ‌ ͏ ‌ ͏ ‌ ͏ ‌ ͏ ‌ ͏ ‌ ͏ ‌ ͏ ‌ ͏ ‌ ͏ ‌ ͏ ‌ ͏ ‌ ͏ ‌ ͏ ‌ ͏ ‌ ͏ ‌ ͏ ‌ ͏ ‌ ͏ ‌ ͏ ‌ ͏ ‌ ͏ ‌ ͏ ‌ ͏ ‌ ͏ ‌ ͏ ‌ ͏ ‌ ͏ ‌ ͏ ‌ ͏ ‌ ͏ ‌ ͏ ‌ ͏ ‌",3
1583,Don’t wait! Get your BOGO on today at Best Buy. Save today on AirPods Pro 2nd Gen. Andy K. | View Account View: Web BEST BUY Top Deals Outlet TVs Computers Cell Phones Appliances Holiday Savings. Featuring BOGO deals. Reference disclaimer. What if,1
1584,Your writing is taking you places 🌎 Here&#39;s to exploring uncharted territories with this new tone! ‌ ‌ ‌ ‌ ‌ ‌ ‌ ‌ ‌ ‌ ‌ ‌ ‌ ‌ ‌ ‌ ‌ ‌ ‌ ‌ ‌ ‌ ‌ ‌ ‌ ‌ ‌ ‌ ‌ ‌ ‌ ‌ ‌ ‌ ‌ ‌ ‌ ‌ ‌ ‌ ‌ ‌ ‌ ‌ ‌ ‌ ‌ ‌ ‌ ‌ ‌ ‌ ‌ ‌ ‌ ‌ ‌ ‌ ‌ ‌ ‌ ‌ ‌ ‌ ‌ ‌ ‌ ‌,3
1585,Get 20% off diabetes tests Save in recognition of National Diabetes Awareness Month ‌ ‌ ‌ ‌ ‌ ‌ ‌ ‌ ‌ ‌ ‌ ‌ ‌ ‌ ‌ ‌ ‌ ‌ ‌ ‌ ‌ ‌ ‌ ‌ ‌ ‌ ‌ ‌ ‌ ‌ ‌ ‌ ‌ ‌ ‌ ‌ ‌ ‌ ‌ ‌ ‌ ‌ ‌ ‌ ‌ ‌ ‌ ‌ ‌ ‌ ‌ ‌ ‌ ‌ ‌ ‌ ‌ ‌ ‌ ‌ ‌ ‌ ‌ ‌ ‌ ‌ ‌ ‌ ‌ ‌ ‌ ‌,3
1586,"Celebrate the holidays at Disney Springs starting 11/8 ☃️ Jolly-filled days of magical shopping, dining and playing are on their way at Disney Springs! VIEW in your browser WALT DISNEY WORLD | DISNEY SPRINGS A young family share a hug during in front of the",1
1587,Discover the Disney collection ✨ Design with templates featuring some of your favorite Disney characters. ͏ ‌ ﻿ ͏ ‌ ﻿ ͏ ‌ ﻿ ͏ ‌ ﻿ ͏ ‌ ﻿ ͏ ‌ ﻿ ͏ ‌ ﻿ ͏ ‌ ﻿ ͏ ‌ ﻿ ͏ ‌ ﻿ ͏ ‌ ﻿ ͏ ‌ ﻿ ͏ ‌ ﻿ ͏ ‌ ﻿ ͏ ‌ ﻿ ͏ ‌ ﻿ ͏ ‌ ﻿ ͏ ‌ ﻿ ͏ ‌ ﻿ ͏ ‌ ﻿ ͏ ‌ ﻿ ͏,3
1588,Early holiday savings are here! Save $750 inside. View in Browser Dell Technologies Dell Technologies View Products Call Now Live Chat View Products Call Now Live Chat Smart Security Everyone loves rewards Join Dell Rewards and earn,3
1589,"Harris and Trump make their final pitches, the truth about zinc, and more Here&#39;s what you need to know. ͏ ͏ ͏ ͏ ͏ ͏ ͏ ͏ ͏ ͏ ͏ ͏ ͏ ͏ ͏ ͏ ͏ ͏ ͏ ͏ ͏ ͏ ͏ ͏ ͏ ͏ ͏ ͏ ͏ ͏ ͏ ͏ ͏ ͏ ͏ ͏ ͏ ͏ ͏ ͏ ͏ ͏ ͏ ͏ ͏ ͏ ͏ ͏ ͏ ͏ ͏ ͏ ͏ ͏ ͏ ͏ ͏ ͏ ͏ ͏ ͏ ͏ ͏ ͏ ͏ ͏ ͏ ͏ ͏ ͏ ͏ ͏ ͏ ͏ ͏ ͏ ͏ ͏ ͏ ͏ ͏ ͏ ͏ ͏",3
1590,Your email productivity report is ready October 2024 Your email productivity report is ready. Check out your report Turn off email productivity report alerts,3
1591,"October news: The all-new Batman: Arkham Shadow has landed Plus, three other new releases coming your way.‌ ‌ ‌ ‌ ‌ ‌ ‌ ‌ ‌ ‌ ‌ ‌ ‌ ‌ ‌ ‌ ‌ ‌ ‌ ‌ ‌ ‌ ‌ ‌ ‌ ‌ ‌ ‌ ‌ ‌ ‌ ‌ ‌ ‌ ‌ ‌ ‌ ‌ ‌ ‌ ‌ ‌ ‌ ‌ ‌ ‌ ‌ ‌ ‌ ‌ ‌ ‌ ‌ ‌ ‌ ‌ ‌ ‌ ‌ ‌ ‌ ‌ ‌ ‌ ‌ ‌ ‌ ‌ ‌ ‌ ‌ ‌ ‌ ‌ ‌ ‌ ‌",3
1592,"Holiday savings are HERE! 🙋 Don't miss our BOGO deals. Also inside, don&#39;t miss our Deal of the Day! Andy K. | View Account View: Web BEST BUY Top Deals Outlet TVs Computers Cell Phones Appliances Holiday Savings. Featuring BOGO deals. Reference",1
1593,Low prices that go big. Discover our Top Deals on tech. Don&#39;t forget to check out today&#39;s Deal of the Day Andy K. | View Account View: Web BEST BUY Top Deals Outlet TVs Computers Cell Phones Appliances Top Deals. Savings mode. On. Shop now Computing,1
1594,"👻 뭐아아, Don't Miss Out on Scary Savings Ends At MIDNIGHT! Don&#39;t ghost this deal! ͏ ͏ ͏ ͏ ͏ ͏ ͏ ͏ ͏ ͏ ͏ ͏ ͏ ͏ ͏ ͏ ͏ ͏ ͏ ͏ ͏ ͏ ͏ ͏ ͏ ͏ ͏ ͏ ͏ ͏ ͏ ͏ ͏ ͏ ͏ ͏ ͏ ͏ ͏ ͏ ͏ ͏ ͏ ͏ ͏ ͏ ͏ ͏ ͏ ͏ ͏ ͏ ͏ ͏ ͏ ͏ ͏ ͏ ͏ ͏ ͏ ͏ ͏ ͏ ͏ ͏ ͏ ͏ ͏ ͏ ͏ ͏ ͏ ͏ ͏ ͏ ͏ ͏ ͏ ͏ ͏ ͏ ͏ ͏ ͏ ͏ ͏",1
1595,"Re: Document shared with you: ""GDD"" https://docs.google.com/document/d/1uM2ynLjSd_WFR8uDw9hue9UacZ7S_Nj9oCPgl6HxeXk/edit?usp=sharing On Sun, Nov 3, 2024 at 1:36 AM mo Cho (via Google Docs) &lt;drive-shares-dm-noreply@google.com&gt; wrote",3
1596,"GDD Corrected Grammer It looked really good! Just a few grammar corrections, but overall very good! -- Kind Regards, Elayna sent by magic!",3
1597,What to know before Election Day Here&#39;s what you need to know. ͏ ͏ ͏ ͏ ͏ ͏ ͏ ͏ ͏ ͏ ͏ ͏ ͏ ͏ ͏ ͏ ͏ ͏ ͏ ͏ ͏ ͏ ͏ ͏ ͏ ͏ ͏ ͏ ͏ ͏ ͏ ͏ ͏ ͏ ͏ ͏ ͏ ͏ ͏ ͏ ͏ ͏ ͏ ͏ ͏ ͏ ͏ ͏ ͏ ͏ ͏ ͏ ͏ ͏ ͏ ͏ ͏ ͏ ͏ ͏ ͏ ͏ ͏ ͏ ͏ ͏ ͏ ͏ ͏ ͏ ͏ ͏ ͏ ͏ ͏ ͏ ͏ ͏ ͏ ͏ ͏ ͏ ͏ ͏,3
1598,"Don’t let Halloween memories fade away, A Use our unlimited penny prints sale to bring them to life. | View Online ‌ ‌ ‌ ‌ ‌ ‌ ‌ ‌ ‌ ‌ ‌ ‌ ‌ ‌ ‌ ‌ ‌ ‌ ‌ ‌ ‌ ‌ ‌ ‌ ‌ ‌ ‌ ‌ ‌ ‌ ‌ ‌ ‌ ‌ ‌ ‌ ‌ ‌ ‌ ‌ ‌ ‌ ‌ ‌ ‌ ‌ ‌ ‌ ‌ ‌ ‌ ‌ ‌ ‌ ‌ ‌ ‌ ‌ ‌ ‌ ‌ ‌ ‌ ‌",1
1599,"AndyKang, will you rate your transaction at Amazon.com? Hi AndyKang, Rate your experience with the seller, Khana Store: 1 (Awful) 2 (Poor) 3 (Neutral) 4 (Good) 5 (Excellent) Khana Store Order details Product Image Nongshim Korean Ramen Familiy Pack (",3
1600,"Meet the app that’s free, fast, and already yours Adobe Express comes with your Creative Cloud membership. Make social posts, invites, videos, and more. ‌ ‌ ‌ ‌ ‌ ‌ ‌ ‌ ‌ ‌ ‌ ‌ ‌ ‌ ‌ ‌ ‌ ‌ ‌ ‌ ‌ ‌ ‌ ‌ ‌ ‌ ‌ ‌ ‌ ‌ ‌ ‌ ‌ ‌ ‌ ‌ ‌ ‌ ‌ ‌ ‌ ‌ ‌ ‌ ‌ ‌ ‌ ‌ ‌",4
1601,⏰ Don't miss out on exciting BOGO deals. Don&#39;t forget to check out today&#39;s Deal of the Day. Andy K. | View Account View: Web BEST BUY Top Deals Outlet TVs Computers Cell Phones Appliances Holiday Savings. Featuring BOGO deals.,1
1602,"A, come back for an exclusive 75% off Explore our new holiday cards and save. | View Online ‌ ‌ ‌ ‌ ‌ ‌ ‌ ‌ ‌ ‌ ‌ ‌ ‌ ‌ ‌ ‌ ‌ ‌ ‌ ‌ ‌ ‌ ‌ ‌ ‌ ‌ ‌ ‌ ‌ ‌ ‌ ‌ ‌ ‌ ‌ ‌ ‌ ‌ ‌ ‌ ‌ ‌ ‌ ‌ ‌ ‌ ‌ ‌ ‌ ‌ ‌ ‌ ‌ ‌ ‌ ‌ ‌ ‌ ‌ ‌ ‌ ‌ ‌ ‌ ‌ ‌ ‌ ‌ ‌ ‌ ‌ ‌ ‌ ‌",1
1603,"Adventurer, You're a Champion in the Making—Resume Your Adventure Today! Use the Newcomer Chat channel, our combat guide, and additional aids to ease your journey in Azeroth. GET A HELPING HAND GET A HELPING HAND Need a helping hand, Adventurer? Join the Newcomer Chat",3
1604,** WHOA ** These TVs should be at the top of your list Andy K. | View Account View: Web BEST BUY Top Deals Outlet TVs Computers Cell Phones Appliances Discover TVs under $500 Shop now Holiday Savings. Featuring BOGO deals. Reference disclaimer. What if you,1
1605,"The best countries for Americans to move to, why road rage is getting worse, and more Good morning from Apple News. Here are some great reads for the weekend. ͏ ͏ ͏ ͏ ͏ ͏ ͏ ͏ ͏ ͏ ͏ ͏ ͏ ͏ ͏ ͏ ͏ ͏ ͏ ͏ ͏ ͏ ͏ ͏ ͏ ͏ ͏ ͏ ͏ ͏ ͏ ͏ ͏ ͏ ͏ ͏ ͏ ͏ ͏ ͏ ͏ ͏ ͏ ͏ ͏ ͏ ͏ ͏ ͏ ͏ ͏ ͏ ͏ ͏ ͏ ͏ ͏ ͏ ͏ ͏ ͏ ͏ ͏ ͏",3
1606,"탑스틱 topsticks loves your comment Youtube Logo 탑스틱 topsticks loves your comment 마스터까지 날먹... 드리블 함 보쉴? | 탑스틱 topsticks @mocho5604 정글보단 탑이지~ View hearted comment If you no longer wish to receive emails about comments and replies, you can",3
1607,"GoTo 암호 재설정 새 암호 만들기 skk126skk126@gmail.com에 대한 암호 변경 요청을 받았습니다. 암호 재설정 암호 재설정 링크는 7일 후 만료됩니다. 이 요청을 하지 않았거나 도움이 필요하면 문의하십시오. © 2024 GoTo Group, Inc. All rights reserved.",3
1608,"""Sublet"" r/RPI: Sublet Hi everyone! Me and my partner are looking for a sublet for the spring semester and/or over the summer! We can share one room and everything so space isn&#39;t really an issue, let us",3
1610,"dong님, BSM Productions LLC의 Mindset Coach - Rebecca Schocker님을 팔로우하는 게 어떠세요? 추천 보기 ͏ ͏ ͏ ͏ ͏ ͏ ͏ ͏ ͏ ͏ ͏ ͏ ͏ ͏ ͏ ͏ ͏ ͏ ͏ ͏ ͏ ͏ ͏ ͏ ͏ ͏ ͏ ͏ ͏ ͏ ͏ ͏ ͏ ͏ ͏ ͏ ͏ ͏ ͏ ͏ ͏ ͏ ͏ ͏ ͏ ͏ ͏ ͏ ͏ ͏ ͏ ͏ ͏ ͏ ͏ ͏ ͏ ͏ ͏ ͏ ͏ ͏ ͏ ͏ ͏ ͏ ͏ ͏ ͏ ͏ ͏ ͏ ͏ ͏ ͏ ͏ ͏ ͏ ͏ ͏ ͏ ͏ ͏ ͏ ͏ ͏ ͏ ͏ ͏ ͏ ͏ ͏ ͏ ͏ ͏ ͏ ͏ ͏",3
1611,"Our BOGO deals are hard to miss... Your wallet will thank you 💸 Also inside, shop our Deal of the Day. Andy K. | View Account View: Web BEST BUY Top Deals Outlet TVs Computers Cell Phones Appliances Holiday Savings. Featuring BOGO deals. Reference disclaimer. What",1
1612,"Shop Thanksgiving groceries, decor, and up to 30% off 4+ star gifts Now serving deals to make your holidays easier͏ ‌ ͏ ‌ ͏ ‌ ͏ ‌ ͏ ‌ ͏ ‌ ͏ ‌ ͏ ‌ ͏ ‌ ͏ ‌ ͏ ‌ ͏ ‌ ͏ ‌ ͏ ‌ ͏ ‌ ͏ ‌ ͏ ‌ ͏ ‌ ͏ ‌ ͏ ‌ ͏ ‌ ͏ ‌ ͏ ‌ ͏ ‌ ͏ ‌ ͏ ‌ ͏ ‌ ͏ ‌ ͏ ‌ ͏ ‌ ͏ ‌ ͏ ‌ ͏ ‌ ͏ ‌ ͏ ‌ ͏ ‌ ͏ ‌ ͏ ‌ ͏ ‌",1
1614,You MUST check out these open-box major appliances... Plus another great Deal of the Day. Andy K. | View Account View: Web BEST BUY Top Deals Outlet TVs Computers Cell Phones Appliances Save 50% on select open-box major appliances. Shop now Holiday,1
1615,"What experts are saying about the polls, why it's harder to bounce back after 40, and more Here&#39;s what you need to know. ͏ ͏ ͏ ͏ ͏ ͏ ͏ ͏ ͏ ͏ ͏ ͏ ͏ ͏ ͏ ͏ ͏ ͏ ͏ ͏ ͏ ͏ ͏ ͏ ͏ ͏ ͏ ͏ ͏ ͏ ͏ ͏ ͏ ͏ ͏ ͏ ͏ ͏ ͏ ͏ ͏ ͏ ͏ ͏ ͏ ͏ ͏ ͏ ͏ ͏ ͏ ͏ ͏ ͏ ͏ ͏ ͏ ͏ ͏ ͏ ͏ ͏ ͏ ͏ ͏ ͏ ͏ ͏ ͏ ͏ ͏ ͏ ͏ ͏ ͏ ͏ ͏ ͏ ͏ ͏ ͏ ͏ ͏ ͏",3
1616,"""Supplemental Essays"" r/RPI: Supplemental Essays Hello! I am applying for RPI&#39;s bs/md program and I was hoping if someone would be willing to share their &quot;Why RPI&quot; essay for examples. I am struggling to write",3
1617,Don't let 2 months of Premium for $0 creep away Grab this offer before it ghosts you. What&#39;s in the cards? 2 months of Premium for $0 The night awaits with ad-free music listening. Uncover 2 months of Premium for $0 and see what your musical,3
1618,Courses that are on point (and on sale) These trending courses can help you get started on your next goals for less. ͏ ‌ ﻿ ͏ ‌ ﻿ ͏ ‌ ﻿ ͏ ‌ ﻿ ͏ ‌ ﻿ ͏ ‌ ﻿ ͏ ‌ ﻿ ͏ ‌ ﻿ ͏ ‌ ﻿ ͏ ‌ ﻿ ͏ ‌ ﻿ ͏ ‌ ﻿ ͏ ‌ ﻿ ͏ ‌ ﻿ ͏ ‌ ﻿ ͏ ‌ ﻿ ͏ ‌ ﻿ ͏ ‌ ﻿ ͏ ‌ ﻿ ͏ ‌ ﻿ ͏ ‌,1
1619,👻 Boo! We have a $10 discount on blood tests for you. Happy Halloween from Quest ‌ ‌ ‌ ‌ ‌ ‌ ‌ ‌ ‌ ‌ ‌ ‌ ‌ ‌ ‌ ‌ ‌ ‌ ‌ ‌ ‌ ‌ ‌ ‌ ‌ ‌ ‌ ‌ ‌ ‌ ‌ ‌ ‌ ‌ ‌ ‌ ‌ ‌ ‌ ‌ ‌ ‌ ‌ ‌ ‌ ‌ ‌ ‌ ‌ ‌ ‌ ‌ ‌ ‌ ‌ ‌ ‌ ‌ ‌ ‌ ‌ ‌ ‌ ‌ ‌ ‌ ‌ ‌ ‌ ‌ ‌ ‌ ‌ ‌ ‌ ‌ ‌ ‌ ‌ ‌ ‌ ‌ ‌ ‌ ‌ ‌ ‌,1
1620,"Are You Making This Mistake With Your Supplements? Anti-aging secrets, healthy snack ideas, and more inside! ͏ ͏ ͏ ͏ ͏ ͏ ͏ ͏ ͏ ͏ ͏ ͏ ͏ ͏ ͏ ͏ ͏ ͏ ͏ ͏ ͏ ͏ ͏ ͏ ͏ ͏ ͏ ͏ ͏ ͏ ͏ ͏ ͏ ͏ ͏ ͏ ͏ ͏ ͏ ͏ ͏ ͏ ͏ ͏ ͏ ͏ ͏ ͏ ͏ ͏ ͏ ͏ ͏ ͏ ͏ ͏ ͏ ͏ ͏ ͏ ͏ ͏ ͏ ͏ ͏ ͏ ͏ ͏ ͏ ͏ ͏ ͏",3
1621,"Early shopping, smart savings. Save on AI-ready PCs &amp; more. View in Browser Dell Technologies Dell Technologies View Products Call Now Live Chat View Products Call Now Live Chat Everyone loves rewards Dell Rewards members earn 3",1
1623,"When Wall Street buys your neighbor's house, why you should throw out your plastic spatula, and more Here&#39;s what you need to know. ͏ ͏ ͏ ͏ ͏ ͏ ͏ ͏ ͏ ͏ ͏ ͏ ͏ ͏ ͏ ͏ ͏ ͏ ͏ ͏ ͏ ͏ ͏ ͏ ͏ ͏ ͏ ͏ ͏ ͏ ͏ ͏ ͏ ͏ ͏ ͏ ͏ ͏ ͏ ͏ ͏ ͏ ͏ ͏ ͏ ͏ ͏ ͏ ͏ ͏ ͏ ͏ ͏ ͏ ͏ ͏ ͏ ͏ ͏ ͏ ͏ ͏ ͏ ͏ ͏ ͏ ͏ ͏ ͏ ͏ ͏ ͏ ͏ ͏ ͏ ͏ ͏ ͏ ͏ ͏ ͏ ͏ ͏ ͏",3
1624,Google Play 주문 영수증(2024. 10. 31.) Google Play 감사합니다. Google Play의 YOSTAR (HONG KONG) LIMITED에서 구매하셨습니다. 주문 번호: GPA.3305-3091-8943-61287 주문 날짜: 2024. 10. 31. 오전 3시 49분 33초 GMT-4 상품 가격 상급 특훈 의향 패키지 (명일방주) $18.99 세금: $0.00 합계: $18.99 결제,3
1625,Google Play 주문 영수증(2024. 10. 31.) Google Play 감사합니다. Google Play의 YOSTAR (HONG KONG) LIMITED에서 구매하셨습니다. 주문 번호: GPA.3344-5371-0795-40073 주문 날짜: 2024. 10. 31. 오전 3시 49분 4초 GMT-4 상품 가격 위셔델의 브리프케이스 (명일방주) $8.49 세금: $0.00 합계: $8.49 혜택: $2,1
1626,"Order the new MacBook Pro (M4). A work of smart. Plus, check out the new iMac and Mac mini View: Web Andy K. | View Account &gt; My Best Buy™ Free next-day delivery on thousands of items.* BEST BUY Top Deals &gt; Clearance &gt; TVs Computers Cell",1
1627,"Last chance: 2 free months of Premium Try Premium today. This Premium offer ends soon Want to listen to music without ads, anywhere, anytime? Now you can. For free. Try Premium for 2 months and enjoy uninterrupted, on-demand music",3
1628,"Celebrate World of Warcraft with New Anniversary Mounts, Adventurer! Tower above atop the Trader&#39;s Gilded Brutosaur mount, get the new 4-mount bundle and save 30% off select Game Services! RIDE IN STYLE AND CELEBRATE RIDE IN STYLE AND CELEBRATE Cheers for new mounts",3
1629,"⏰ 박주현님이 방금 24시간 후에 만료되는 스토리를 게시했습니다 The story will expire 내일 오전 8:37, so don&#39;t miss out on the opportunity to see it. 사라지기 전에 박주현의 최근 스토리를 확인해보세요. 박주현 added to his story. 10월 30일 오전 8:37 스토리 보기 다른 스토리 보기 skk126skk126@gmail.com 주소로",3
1630,"Discover presentation launches you’ll love, Mo. Here&#39;s the latest and greatest in presentations to help you thrive. ͏ ‌ ﻿ ͏ ‌ ﻿ ͏ ‌ ﻿ ͏ ‌ ﻿ ͏ ‌ ﻿ ͏ ‌ ﻿ ͏ ‌ ﻿ ͏ ‌ ﻿ ͏ ‌ ﻿ ͏ ‌ ﻿ ͏ ‌ ﻿ ͏ ‌ ﻿ ͏ ‌ ﻿ ͏ ‌ ﻿ ͏ ‌ ﻿ ͏ ‌ ﻿ ͏ ‌ ﻿ ͏ ‌ ﻿ ͏ ‌ ﻿ ͏ ‌ ﻿ ͏ ‌ ﻿ ͏ ‌",3
1631,83% off MuseScore Learn 🎃 Treat yourself this Halloween ͏ ͏ ͏ ͏ ͏ ͏ ͏ ͏ ͏ ͏ ͏ ͏ ͏ ͏ ͏ ͏ ͏ ͏ ͏ ͏ ͏ ͏ ͏ ͏ ͏ ͏ ͏ ͏ ͏ ͏ ͏ ͏ ͏ ͏ ͏ ͏ ͏ ͏ ͏ ͏ ͏ ͏ ͏ ͏ ͏ ͏ ͏ ͏ ͏ ͏ ͏ ͏ ͏ ͏ ͏ ͏ ͏ ͏ ͏ ͏ ͏ ͏ ͏ ͏ ͏ ͏ ͏ ͏ ͏ ͏ ͏ ͏ ͏ ͏ ͏ ͏ ͏ ͏ ͏ ͏ ͏ ͏ ͏ ͏ ͏ ͏,3
1632,"Welcome to the World of Warcraft, Adventurer! Your journey begins now! Here&#39;s some helpful information to guide you through your first choices in World of Warcraft. WELCOME TO AZEROTH WELCOME TO AZEROTH Congratulations Adventurer on beginning",2
1633,이 날의 추억 이 날짜에 10월 30 이날의 추억을 되돌아보세요. 제목 없음 4 (1).avi 제목 없음 4 (1).mp4 제목 없음 4 - 복사본.mp4 제목 없음 4.mp4 새 비디오 만들기.mp4 모든 추억 보기 개인 정보 보호 문제 이 사진을 본 사람이 없으며 이 컬렉션이 만들어졌을 때 추가 저장소가 사용되지 않았습니다. 이 이메일이 마음에 드세요? 피드백을 제공해,3
1634,"The suburbs that could swing North Carolina, in-demand jobs that don't require a college degree, and more Here&#39;s what you need to know. ͏ ͏ ͏ ͏ ͏ ͏ ͏ ͏ ͏ ͏ ͏ ͏ ͏ ͏ ͏ ͏ ͏ ͏ ͏ ͏ ͏ ͏ ͏ ͏ ͏ ͏ ͏ ͏ ͏ ͏ ͏ ͏ ͏ ͏ ͏ ͏ ͏ ͏ ͏ ͏ ͏ ͏ ͏ ͏ ͏ ͏ ͏ ͏ ͏ ͏ ͏ ͏ ͏ ͏ ͏ ͏ ͏ ͏ ͏ ͏ ͏ ͏ ͏ ͏ ͏ ͏ ͏ ͏ ͏ ͏ ͏ ͏ ͏ ͏ ͏ ͏ ͏ ͏ ͏ ͏ ͏ ͏ ͏ ͏",3
1635,🎃🍬 Treat yourself to $10 off select lab tests 🦇🧛 Learn about blood types this Health Literacy Month ‌ ‌ ‌ ‌ ‌ ‌ ‌ ‌ ‌ ‌ ‌ ‌ ‌ ‌ ‌ ‌ ‌ ‌ ‌ ‌ ‌ ‌ ‌ ‌ ‌ ‌ ‌ ‌ ‌ ‌ ‌ ‌ ‌ ‌ ‌ ‌ ‌ ‌ ‌ ‌ ‌ ‌ ‌ ‌ ‌ ‌ ‌ ‌ ‌ ‌ ‌ ‌ ‌ ‌ ‌ ‌ ‌ ‌ ‌ ‌ ‌ ‌ ‌ ‌ ‌ ‌ ‌ ‌ ‌ ‌ ‌ ‌ ‌ ‌ ‌,3
1636,"최근 OneDrive에서 많은 파일이 삭제되었습니다. LogoOneDrive 파일은 삭제 후 30일이 지나면 OneDrive 휴지통에서 영구적으로 제거됩니다. 최근에 OneDrive에서 많은 수의 파일이 삭제되었습니다. 파일은 삭제 후 30일이 지나면 OneDrive 휴지통에서 영구적으로 제거됩니다. Kangdong 님, 안녕하세요. 최근에 OneDrive에서 많은 수의 파일이 삭제되었습니다. 파일을 삭제하면",3
1637,Regarding your Amazon Order for Paldo Bibim Cold Noodle Instant Ramen 5 pack (113-6549396-6822634) You have received a message from the Amazon Seller - JDJ Trading Co View this message on Amazon Order ID: 113-6549396-6822634 B016DS5BAG Paldo Bibim Cold Noodle Instant Ramen 5 pack B016DS5BAG Count: 1,3
1638,"Popular gifts under $50, premium presents, holiday decor, and more You&#39;ll love the price. They&#39;ll love the gift.͏ ‌ ͏ ‌ ͏ ‌ ͏ ‌ ͏ ‌ ͏ ‌ ͏ ‌ ͏ ‌ ͏ ‌ ͏ ‌ ͏ ‌ ͏ ‌ ͏ ‌ ͏ ‌ ͏ ‌ ͏ ‌ ͏ ‌ ͏ ‌ ͏ ‌ ͏ ‌ ͏ ‌ ͏ ‌ ͏ ‌ ͏ ‌ ͏ ‌ ͏ ‌ ͏ ‌ ͏ ‌ ͏ ‌ ͏ ‌ ͏ ‌ ͏ ‌ ͏ ‌ ͏ ‌ ͏ ‌ ͏ ‌ ͏ ‌",3
1639,"AndyKang, will you rate your transaction at Amazon.com? Hi AndyKang, Rate your experience with the seller, JDJ Trading Co: 1 (Awful) 2 (Poor) 3 (Neutral) 4 (Good) 5 (Excellent) JDJ Trading Co (Fulfilled by Amazon) Order details Product Image Paldo Bibim",3
1640,"""Sublet"" r/RPI: Sublet Me and my partner are looking for a sublet for spring semester and/or summer, please let me know if youre looking for anyone to sublet r/RPI · Posted by u/Strong-Session-4134 5h ago",3
1641,Review updates to the Zelle usage rules Wells Fargo Home New guidelines to help you use Zelle ® We&#39;re making changes to the rules and guidelines you agreed to when you enrolled in the Zelle ® Transfer Service. These changes will go into,3
1642,90% off MuseScore PRO+ A hauntingly good offer just for you ͏ ͏ ͏ ͏ ͏ ͏ ͏ ͏ ͏ ͏ ͏ ͏ ͏ ͏ ͏ ͏ ͏ ͏ ͏ ͏ ͏ ͏ ͏ ͏ ͏ ͏ ͏ ͏ ͏ ͏ ͏ ͏ ͏ ͏ ͏ ͏ ͏ ͏ ͏ ͏ ͏ ͏ ͏ ͏ ͏ ͏ ͏ ͏ ͏ ͏ ͏ ͏ ͏ ͏ ͏ ͏ ͏ ͏ ͏ ͏ ͏ ͏ ͏ ͏ ͏ ͏ ͏ ͏ ͏ ͏ ͏ ͏ ͏ ͏ ͏ ͏ ͏ ͏ ͏ ͏ ͏ ͏,3
1643,"3 threads we think you might like See what people are saying and join the conversation. 8_8dodong, see what people are saying on Threads hj_2341 13h 피아노 도-도 면 피아노 치는사람 평균이지? 1 reply · 3 likes u.juice_ 2h 게임…삭제했다 🙂‍↔️🙂‍↔️ ya_dock 10h 덥지",3
1644,"The Americans paying millions to age in luxury, the truth about iron deficiency, and more Here&#39;s what you need to know. ͏ ͏ ͏ ͏ ͏ ͏ ͏ ͏ ͏ ͏ ͏ ͏ ͏ ͏ ͏ ͏ ͏ ͏ ͏ ͏ ͏ ͏ ͏ ͏ ͏ ͏ ͏ ͏ ͏ ͏ ͏ ͏ ͏ ͏ ͏ ͏ ͏ ͏ ͏ ͏ ͏ ͏ ͏ ͏ ͏ ͏ ͏ ͏ ͏ ͏ ͏ ͏ ͏ ͏ ͏ ͏ ͏ ͏ ͏ ͏ ͏ ͏ ͏ ͏ ͏ ͏ ͏ ͏ ͏ ͏ ͏ ͏ ͏ ͏ ͏ ͏ ͏ ͏ ͏ ͏ ͏ ͏ ͏ ͏",3
1645,Discover over-the-counter hearing aids for mild to moderate hearing loss. Find the right solution for you with an easy assessment. View: Web Andy K. | View Account &gt; My Best Buy™ Free next-day delivery on thousands of items.* BEST BUY Top Deals &gt; Clearance &gt; TVs,1
1646,"Battle.net 계정 보안 관련 안내 Battle.net Battle.net 계정 보안 관련 안내 Andy 님, 안녕하세요. 최근 회원님의 Battle.net 계정 SKK126SKK126@GMAIL.COM에 로그인 시도가 있었음을 알려드리고자 이메일을 발송하였습니다. 회원님의 로그인 방식에 변화가 생기면 본 이메일을 다시 받아보실 수 있습니다. 새로운 컴퓨터에서 Battle.net에 로그인 하는",3
1647,"Battle.net 계정 인증 안녕하세요! 회원님의 BattleTag가 Adventurer#148916278 이(가) 아닐 경우 이메일 내 링크를 클릭하지 마세요! Battle.net 인증번호: L2MFWS Andy 님, 안녕하세요! Battle.net 계정 본인 확인 메일입니다. 상기 코드를 입력하여 계정이 본인 소유임을 인증하여 주시기 바랍니다. 중요: 인증번호는 10분후에 만료됩니다",3
1648,"""Burnout "" r/Temple: Burnout It&#39;s week 10 and I have no idea what is going on in any of my classes. Everything is piling up and I still had to figure out how to pay for the rest of this current semester so I",3
1649,"Andy, here’s why we need your phone number Get important text alerts and easier access to your Adobe account. ‌ ‌ ‌ ‌ ‌ ‌ ‌ ‌ ‌ ‌ ‌ ‌ ‌ ‌ ‌ ‌ ‌ ‌ ‌ ‌ ‌ ‌ ‌ ‌ ‌ ‌ ‌ ‌ ‌ ‌ ‌ ‌ ‌ ‌ ‌ ‌ ‌ ‌ ‌ ‌ ‌ ‌ ‌ ‌ ‌ ‌ ‌ ‌ ‌ ‌ ‌ ‌ Andy, Here are the benefits of",3
1650,Minerva’s Early Action Deadline is November 1 October news from the Minerva Community Minerva University Logo A MINERVA PUBLICATION October 2024 Apply Now Minerva&#39;s Early Action Deadline is November 1 What problem are you passionate about,3
1651,Movie night! Fantastic deals on select big-screen TVs available 🌝 Don&#39;t forget to check out today&#39;s Deal of the Day View: Web Andy K. | View Account &gt; My Best Buy™ Free next-day delivery on thousands of items.* BEST BUY Top Deals &gt; Clearance &gt; TVs,1
1652,"Up to 30% off beauty, deals on gifts, decor, and more Save on presents for everyone this holiday͏ ‌ ͏ ‌ ͏ ‌ ͏ ‌ ͏ ‌ ͏ ‌ ͏ ‌ ͏ ‌ ͏ ‌ ͏ ‌ ͏ ‌ ͏ ‌ ͏ ‌ ͏ ‌ ͏ ‌ ͏ ‌ ͏ ‌ ͏ ‌ ͏ ‌ ͏ ‌ ͏ ‌ ͏ ‌ ͏ ‌ ͏ ‌ ͏ ‌ ͏ ‌ ͏ ‌ ͏ ‌ ͏ ‌ ͏ ‌ ͏ ‌ ͏ ‌ ͏ ‌ ͏ ‌ ͏ ‌ ͏ ‌ ͏ ‌ ͏ ‌ ͏ ‌ ͏ ‌",1
1653,You have your eye on the prize 🥇 Discover what you accomplished last week. ‌ ‌ ‌ ‌ ‌ ‌ ‌ ‌ ‌ ‌ ‌ ‌ ‌ ‌ ‌ ‌ ‌ ‌ ‌ ‌ ‌ ‌ ‌ ‌ ‌ ‌ ‌ ‌ ‌ ‌ ‌ ‌ ‌ ‌ ‌ ‌ ‌ ‌ ‌ ‌ ‌ ‌ ‌ ‌ ‌ ‌ ‌ ‌ ‌ ‌ ‌ ‌ ‌ ‌ ‌ ‌ ‌ ‌ ‌ ‌ ‌ ‌ ‌ ‌ ‌ ‌ ‌ ‌ ‌ ‌ ‌ ‌ ‌ ‌ ‌ ‌ ‌ ‌ ‌ ‌,3
1654,Delivered: Your Amazon.com order #113-6549396-6822634 Delivered: Your Amazon.com order #113-6549396-6822634͏ ‌ ͏ ‌ ͏ ‌ ͏ ‌ ͏ ‌ ͏ ‌ ͏ ‌ ͏ ‌ ͏ ‌ ͏ ‌ ͏ ‌ ͏ ‌ ͏ ‌ ͏ ‌ ͏ ‌ ͏ ‌ ͏ ‌ ͏ ‌ ͏ ‌ ͏ ‌ ͏ ‌ ͏ ‌ ͏ ‌ ͏ ‌ ͏ ‌ ͏ ‌ ͏ ‌ ͏ ‌ ͏ ‌ ͏ ‌ ͏ ‌ ͏ ‌ ͏ ‌ ͏ ‌ ͏ ‌ ͏ ‌ ͏ ‌,3
1655,Don't know your blood type? Get $10 off your purchase and find out. Understand why your blood type is important ‌ ‌ ‌ ‌ ‌ ‌ ‌ ‌ ‌ ‌ ‌ ‌ ‌ ‌ ‌ ‌ ‌ ‌ ‌ ‌ ‌ ‌ ‌ ‌ ‌ ‌ ‌ ‌ ‌ ‌ ‌ ‌ ‌ ‌ ‌ ‌ ‌ ‌ ‌ ‌ ‌ ‌ ‌ ‌ ‌ ‌ ‌ ‌ ‌ ‌ ‌ ‌ ‌ ‌ ‌ ‌ ‌ ‌ ‌ ‌ ‌ ‌ ‌ ‌ ‌ ‌ ‌ ‌ ‌ ‌ ‌ ‌ ‌ ‌ ‌ ‌ ‌ ‌ ‌,3
1656,Holiday deals are here! Save $750 inside. View in Browser Dell Technologies Dell Technologies View Products Call Now Live Chat View Products Call Now Live Chat Smart Security Everyone loves rewards Dell Rewards members earn 3,1
1658,"The rape trial that could change France, the best places to retire in the South, and more Here&#39;s what you need to know. ͏ ͏ ͏ ͏ ͏ ͏ ͏ ͏ ͏ ͏ ͏ ͏ ͏ ͏ ͏ ͏ ͏ ͏ ͏ ͏ ͏ ͏ ͏ ͏ ͏ ͏ ͏ ͏ ͏ ͏ ͏ ͏ ͏ ͏ ͏ ͏ ͏ ͏ ͏ ͏ ͏ ͏ ͏ ͏ ͏ ͏ ͏ ͏ ͏ ͏ ͏ ͏ ͏ ͏ ͏ ͏ ͏ ͏ ͏ ͏ ͏ ͏ ͏ ͏ ͏ ͏ ͏ ͏ ͏ ͏ ͏ ͏ ͏ ͏ ͏ ͏ ͏ ͏ ͏ ͏ ͏ ͏ ͏ ͏",3
1659,"Your Amazon.com order of ""Paldo Bibim Cold Noodle..."" has shipped! Amazon.com Hello AndyKang, We wanted to let you know that we have shipped your items. Shipping Confirmation Your package will arrive by Monday, October 28 Ship to AndyKang TROY, NY Order # 113-6549396-",3
1660,"""PHEAA zeroed ;) "" r/Temple: PHEAA zeroed ;) Good evening folks, There seems to be a lot of post about PHEAA. So I want to inform people of what I&#39;ve learned. 1. If your grant was zeroed that does not mean it&#39;s",5
1661,"⏰ 박주현님이 방금 24시간 후에 만료되는 스토리를 게시했습니다 The story will expire 내일 오전 3:30, so don&#39;t miss out on the opportunity to see it. 사라지기 전에 박주현의 최근 스토리를 확인해보세요. 박주현 added to his story. 10월 27일 오전 3:30 스토리 보기 다른 스토리 보기 skk126skk126@gmail.com 주소로",3
1662,"Deal Mode Activated. Shop Best Buy's Top Deals. PS, The Gaming 3-Day Sale ends today! View: Web Andy K. | View Account &gt; My Best Buy™ Free next-day delivery on thousands of items.* BEST BUY Top Deals &gt; Clearance &gt; TVs Computers Cell Phones",1
1663,Have FSA/HSA funds? Buy lab test at 20% off Make your health savings work smarter ‌ ‌ ‌ ‌ ‌ ‌ ‌ ‌ ‌ ‌ ‌ ‌ ‌ ‌ ‌ ‌ ‌ ‌ ‌ ‌ ‌ ‌ ‌ ‌ ‌ ‌ ‌ ‌ ‌ ‌ ‌ ‌ ‌ ‌ ‌ ‌ ‌ ‌ ‌ ‌ ‌ ‌ ‌ ‌ ‌ ‌ ‌ ‌ ‌ ‌ ‌ ‌ ‌ ‌ ‌ ‌ ‌ ‌ ‌ ‌ ‌ ‌ ‌ ‌ ‌ ‌ ‌ ‌ ‌ ‌ ‌ ‌ ‌ ‌ ‌ ‌ ‌ ‌ ‌ ‌ ‌ ‌,3
1665,"Why America's young men are failing to launch, what your resting heart rate reveals, and more of the month's most popular reads Good morning from Apple News. Here are some of the most popular reads of the month. ͏ ͏ ͏ ͏ ͏ ͏ ͏ ͏ ͏ ͏ ͏ ͏ ͏ ͏ ͏ ͏ ͏ ͏ ͏ ͏ ͏ ͏ ͏ ͏ ͏ ͏ ͏ ͏ ͏ ͏ ͏ ͏ ͏ ͏ ͏ ͏ ͏ ͏ ͏ ͏ ͏ ͏ ͏ ͏ ͏ ͏ ͏ ͏ ͏ ͏ ͏ ͏ ͏ ͏ ͏ ͏ ͏ ͏ ͏",3
1666,"Create anytime, anywhere—across all your devices From desktop to web to mobile app, discover tools that travel with you. ‌ ‌ ‌ ‌ ‌ ‌ ‌ ‌ ‌ ‌ ‌ ‌ ‌ ‌ ‌ ‌ ‌ ‌ ‌ ‌ ‌ ‌ ‌ ‌ ‌ ‌ ‌ ‌ ‌ ‌ ‌ ‌ ‌ ‌ ‌ ‌ ‌ ‌ ‌ ‌ ‌ ‌ ‌ ‌ ‌ ‌ ‌ ‌ ‌ ‌ ‌ ‌ Creativity knows no",3
1668,"Discover smart TVs on sale as low as $69.99 Plus, don&#39;t miss today&#39;s Deal of the Day! View: Web Andy K. | View Account &gt; My Best Buy™ Free next-day delivery on thousands of items.* BEST BUY Top Deals &gt; Clearance &gt; TVs Computers",1
1669,이 날의 추억 이 날짜에 10월 26 이날의 추억을 되돌아보세요. favicon.png sort-arrow-sprite.png sort-arrow-sprite.png sort-arrow-sprite.png sort-arrow-sprite.png 모든 추억 보기 개인 정보 보호 문제 이 사진을 본 사람이 없으며 이 컬렉션이 만들어졌을 때 추가 저장소가 사용되지 않았습니다.,3
1670,"One mother's unfathomable crime, a common risk factor for breast cancer, and more Good morning from Apple News. Here are some great reads for the weekend. ͏ ͏ ͏ ͏ ͏ ͏ ͏ ͏ ͏ ͏ ͏ ͏ ͏ ͏ ͏ ͏ ͏ ͏ ͏ ͏ ͏ ͏ ͏ ͏ ͏ ͏ ͏ ͏ ͏ ͏ ͏ ͏ ͏ ͏ ͏ ͏ ͏ ͏ ͏ ͏ ͏ ͏ ͏ ͏ ͏ ͏ ͏ ͏ ͏ ͏ ͏ ͏ ͏ ͏ ͏ ͏ ͏ ͏ ͏ ͏ ͏ ͏ ͏ ͏",3
1671,"Get Your Tricks & Treats this Halloween in PUBG MOBILE! Greetings Battleground Combatants, The spooky season has arrived in PUBG MOBILE! From Halloween fun to thrilling Venom-themed gameplay, we&#39;ve got everything you need to elevate your experience.",3
1673,"We Invite You to Black Desert's 10th Anniversary Celebrations! Celebrating Our 10 Year Journey! Join us on Dec 14, 2024 for the main celebration! Apply now to have a chance to participate in the offline event in Suwon, South Korea! Application Deadline: Oct 27,",4
1674,"⏰ 박주현님이 방금 24시간 후에 만료되는 스토리를 게시했습니다 The story will expire 내일 오전 5:45, so don&#39;t miss out on the opportunity to see it. 사라지기 전에 박주현의 최근 스토리를 확인해보세요. 박주현 added to his story. 10월 25일 오전 5:45 스토리 보기 다른 스토리 보기 skk126skk126@gmail.com 주소로",3
1675,🥺 We miss you! Come back to save 75% Use this exclusive offer to get a head start on holiday cards + more. | View Online ‌ ‌ ‌ ‌ ‌ ‌ ‌ ‌ ‌ ‌ ‌ ‌ ‌ ‌ ‌ ‌ ‌ ‌ ‌ ‌ ‌ ‌ ‌ ‌ ‌ ‌ ‌ ‌ ‌ ‌ ‌ ‌ ‌ ‌ ‌ ‌ ‌ ‌ ‌ ‌ ‌ ‌ ‌ ‌ ‌ ‌ ‌ ‌ ‌ ‌ ‌ ‌ ‌ ‌ ‌ ‌ ‌ ‌ ‌,1
1676,Stop everything. Droptober is here. 🫳🎤 Discover new tools to help you achieve your goals. ͏ ‌ ﻿ ͏ ‌ ﻿ ͏ ‌ ﻿ ͏ ‌ ﻿ ͏ ‌ ﻿ ͏ ‌ ﻿ ͏ ‌ ﻿ ͏ ‌ ﻿ ͏ ‌ ﻿ ͏ ‌ ﻿ ͏ ‌ ﻿ ͏ ‌ ﻿ ͏ ‌ ﻿ ͏ ‌ ﻿ ͏ ‌ ﻿ ͏ ‌ ﻿ ͏ ‌ ﻿ ͏ ‌ ﻿ ͏ ‌ ﻿ ͏ ‌ ﻿ ͏ ‌ ﻿ ͏ ‌ ﻿ ͏ ‌ ﻿ ͏ ‌ ﻿ ͏ ‌ ﻿,3
1677,Jump into battle with the all-new Call of Duty: Black Ops 6. Don&#39;t forget to check out today&#39;s Deal of the Day. View: Web Andy K. | View Account &gt; My Best Buy™ Free next-day delivery on thousands of items.* BEST BUY Top Deals &gt; Clearance &gt; TVs,1
1678,"See what’s waiting for you in the Udemy app Personalized learning reminders, dark mode, and offline viewing. Get all of this and then some on our mobile app. ͏‌ ͏‌ ͏‌ ͏‌ ͏‌ ͏‌ ͏‌ ͏‌ ͏‌ ͏‌ ͏‌ ͏‌ ͏‌ ͏‌ ͏‌ ͏‌ ͏‌ ͏‌ ͏‌ ͏‌ ͏‌ ͏‌ ͏‌ ͏‌ ͏‌ ͏‌ ͏‌ ͏‌ ͏‌",3
1679,90% off MuseScore Digital Books Don&#39;t miss this enchanting deal ͏ ͏ ͏ ͏ ͏ ͏ ͏ ͏ ͏ ͏ ͏ ͏ ͏ ͏ ͏ ͏ ͏ ͏ ͏ ͏ ͏ ͏ ͏ ͏ ͏ ͏ ͏ ͏ ͏ ͏ ͏ ͏ ͏ ͏ ͏ ͏ ͏ ͏ ͏ ͏ ͏ ͏ ͏ ͏ ͏ ͏ ͏ ͏ ͏ ͏ ͏ ͏ ͏ ͏ ͏ ͏ ͏ ͏ ͏ ͏ ͏ ͏ ͏ ͏ ͏ ͏ ͏ ͏ ͏ ͏ ͏ ͏ ͏ ͏ ͏ ͏ ͏ ͏ ͏ ͏ ͏ ͏ ͏,1
1680,"Your Amazon.com order of ""Nongshim Korean Ramen..."" has shipped! Amazon.com Hello AndyKang, We wanted to let you know that we have shipped your items. Shipping Confirmation Your package will arrive by Wednesday, October 30 - Friday, November 1 Ship to AndyKang TROY,",3
1681,테디스틱Tv loves your comment Youtube Logo 테디스틱Tv loves your comment 뭣 ? 출처 : 해도리님 유튜브 | 테디스틱Tv @mocho5604 여러분 패치가 이상하다고요? 북미서ㅓㅂ 통계를 보면 됩니다. 북미서버 승률이 거의 56%? 그정도로 잡힙니다 근데 픽률이 3.4퍼로 드릅게 낮은데 이걸 너프왜해 진짜 View hearted comment If you no,3
1682,"The link between COVID and heart attacks, how Trump turned men's frustration into a movement, and more Here&#39;s what you need to know. ͏ ͏ ͏ ͏ ͏ ͏ ͏ ͏ ͏ ͏ ͏ ͏ ͏ ͏ ͏ ͏ ͏ ͏ ͏ ͏ ͏ ͏ ͏ ͏ ͏ ͏ ͏ ͏ ͏ ͏ ͏ ͏ ͏ ͏ ͏ ͏ ͏ ͏ ͏ ͏ ͏ ͏ ͏ ͏ ͏ ͏ ͏ ͏ ͏ ͏ ͏ ͏ ͏ ͏ ͏ ͏ ͏ ͏ ͏ ͏ ͏ ͏ ͏ ͏ ͏ ͏ ͏ ͏ ͏ ͏ ͏ ͏ ͏ ͏ ͏ ͏ ͏ ͏ ͏ ͏ ͏ ͏ ͏ ͏",3
1683,"Your Amazon.com order of ""Nongshim Korean Ramen..."" and 1 more item. Amazon.com Hello AndyKang, Thank you for shopping with us. We&#39;ll send a confirmation when your items ship. Your purchase has been divided into 2 orders. Order Confirmation Arriving: Wednesday,",1
1684,"(광고)(설문조사) 대한민국 2030세대 의식조사 안녕하세요. 커리어 플랫폼 사람인입니다. 사람인이 국내 대표 경제신문 매일경제와 함께 2030세대 구직자, 직장인을 대상으로 “대한민국 2030세대 의식조사”라는 주제로 설문을 진행합니다. 설문에 참여하신 회원님들의 의견을 소중히 모아 전달하겠습니다. 약 1분의 귀한 시간을 내주시길 부탁드립니다. 설문 조사 참여하기 이 설문은 개인정보가 보호되며 자료분석 및",1
1685,"""It happened again"" r/UCSD: It happened again Found meat in my salad at OVT. Was marked vegetarian. CONFIRMED WITH STAFF that it was vegetarian. This time, I&#39;m filing a complaint. Come on people. r/UCSD · Posted by u/",3
1686,"Smart resources to get your creativity rolling Start projects in a snap with free assets, generative AI, and more in your membership. ‌ ‌ ‌ ‌ ‌ ‌ ‌ ‌ ‌ ‌ ‌ ‌ ‌ ‌ ‌ ‌ ‌ ‌ ‌ ‌ ‌ ‌ ‌ ‌ ‌ ‌ ‌ ‌ ‌ ‌ ‌ ‌ ‌ ‌ ‌ ‌ ‌ ‌ ‌ ‌ ‌ ‌ ‌ ‌ ‌ ‌ ‌ ‌ ‌ ‌ ‌ ‌ Focus on",3
1687,90% off MuseScore PRO A hauntingly good offer just for you ͏ ͏ ͏ ͏ ͏ ͏ ͏ ͏ ͏ ͏ ͏ ͏ ͏ ͏ ͏ ͏ ͏ ͏ ͏ ͏ ͏ ͏ ͏ ͏ ͏ ͏ ͏ ͏ ͏ ͏ ͏ ͏ ͏ ͏ ͏ ͏ ͏ ͏ ͏ ͏ ͏ ͏ ͏ ͏ ͏ ͏ ͏ ͏ ͏ ͏ ͏ ͏ ͏ ͏ ͏ ͏ ͏ ͏ ͏ ͏ ͏ ͏ ͏ ͏ ͏ ͏ ͏ ͏ ͏ ͏ ͏ ͏ ͏ ͏ ͏ ͏ ͏ ͏ ͏ ͏ ͏ ͏,3
1689,Get 20% off lab tests this Health Literacy Month HSA vs. FSA: Learn the difference ‌ ‌ ‌ ‌ ‌ ‌ ‌ ‌ ‌ ‌ ‌ ‌ ‌ ‌ ‌ ‌ ‌ ‌ ‌ ‌ ‌ ‌ ‌ ‌ ‌ ‌ ‌ ‌ ‌ ‌ ‌ ‌ ‌ ‌ ‌ ‌ ‌ ‌ ‌ ‌ ‌ ‌ ‌ ‌ ‌ ‌ ‌ ‌ ‌ ‌ ‌ ‌ ‌ ‌ ‌ ‌ ‌ ‌ ‌ ‌ ‌ ‌ ‌ ‌ ‌ ‌ ‌ ‌ ‌ ‌ ‌ ‌ ‌ ‌ ‌ ‌ ‌ ‌ ‌ ‌ ‌ ‌ ‌ ‌,3
1690,"The invisible costs of elder care, how travel behavior is changing, and more Here&#39;s what you need to know. ͏ ͏ ͏ ͏ ͏ ͏ ͏ ͏ ͏ ͏ ͏ ͏ ͏ ͏ ͏ ͏ ͏ ͏ ͏ ͏ ͏ ͏ ͏ ͏ ͏ ͏ ͏ ͏ ͏ ͏ ͏ ͏ ͏ ͏ ͏ ͏ ͏ ͏ ͏ ͏ ͏ ͏ ͏ ͏ ͏ ͏ ͏ ͏ ͏ ͏ ͏ ͏ ͏ ͏ ͏ ͏ ͏ ͏ ͏ ͏ ͏ ͏ ͏ ͏ ͏ ͏ ͏ ͏ ͏ ͏ ͏ ͏ ͏ ͏ ͏ ͏ ͏ ͏ ͏ ͏ ͏ ͏ ͏ ͏",3
1691,"탑스틱 topsticks loves your comment Youtube Logo 탑스틱 topsticks loves your comment [ 탑 피들스틱 vs 크산테 ] 요즘 니가 잘나간다며? | 탑스틱 topsticks @mocho5604 감사합니다! View hearted comment If you no longer wish to receive emails about comments and replies,",3
1692,** WOW ** Enjoy up to 50% off select open-box major appliances right now... Time is ticking on Deal of the Day! View: Web Andy K. | View Account &gt; My Best Buy™ Free next-day delivery on thousands of items.* BEST BUY Top Deals &gt; Clearance &gt; TVs Computers Cell Phones,1
1693,"""Why"" r/UCSD: Why No more Korean corndogs at utc :( r/UCSD · Posted by u/Januscide 1d ago Why No more Korean corndogs at utc :( Read More 246 Votes 54 Comments Hide r/UCSD r/Temple · Posted by u/",3
1694,"Andy, transfer to Missouri S&T with ease Missouri S&amp;T Hello Andy, Still looking for a college that feels like home? Missouri S&amp;T is waiting for you! No matter where you are in your education, we offer something for everyone and we",3
1695,"Order iPad mini (A17 Pro). Hello, Apple Intelligence. PS, Don&#39;t miss our Deal of the Day. View: Web Andy K. | View Account &gt; My Best Buy™ Free next-day delivery on thousands of items.* BEST BUY Top Deals &gt; Clearance &gt; TVs Computers Cell",1
1696,"This week’s most-loved and what’s new Shop Oura Ring 4, now on Amazon, plus more new arrivals and holiday hosting͏ ‌ ͏ ‌ ͏ ‌ ͏ ‌ ͏ ‌ ͏ ‌ ͏ ‌ ͏ ‌ ͏ ‌ ͏ ‌ ͏ ‌ ͏ ‌ ͏ ‌ ͏ ‌ ͏ ‌ ͏ ‌ ͏ ‌ ͏ ‌ ͏ ‌ ͏ ‌ ͏ ‌ ͏ ‌ ͏ ‌ ͏ ‌ ͏ ‌ ͏ ‌ ͏ ‌ ͏ ‌ ͏ ‌ ͏ ‌ ͏ ‌ ͏",3
1698,"So good, it's scary. 2 free months of Premium. Listen to your favorite songs offline and without hearing ads. The cards have spoken: 2 months of Premium for free Get personalized recommendations and enjoy ad-free music listening this spooky season.",3
1699,"AndyKang, here’s the gameplan for your next goal We have courses for beginner to advanced skill levels. Pick one up and invest a few minutes a day toward your future. ͏‌ ͏‌ ͏‌ ͏‌ ͏‌ ͏‌ ͏‌ ͏‌ ͏‌ ͏‌ ͏‌ ͏‌ ͏‌ ͏‌ ͏‌ ͏‌ ͏‌ ͏‌ ͏‌ ͏‌ ͏‌ ͏‌ ͏‌ ͏‌ ͏‌ ͏‌ ͏‌ ͏‌",3
1700,Carnival Of Corpses Event Has Begun! Dead Frontier 2 CARNIVAL OF CORPSES HAS BEGUN! Take part in our Halloween event! Starting RIGHT NOW and continuing until November 17th you will be able to: Play our updated &amp; improved Halloween,3
1701,"The Florida residents who refuse to leave, what to know about new tax brackets, and more Here&#39;s what you need to know. ͏ ͏ ͏ ͏ ͏ ͏ ͏ ͏ ͏ ͏ ͏ ͏ ͏ ͏ ͏ ͏ ͏ ͏ ͏ ͏ ͏ ͏ ͏ ͏ ͏ ͏ ͏ ͏ ͏ ͏ ͏ ͏ ͏ ͏ ͏ ͏ ͏ ͏ ͏ ͏ ͏ ͏ ͏ ͏ ͏ ͏ ͏ ͏ ͏ ͏ ͏ ͏ ͏ ͏ ͏ ͏ ͏ ͏ ͏ ͏ ͏ ͏ ͏ ͏ ͏ ͏ ͏ ͏ ͏ ͏ ͏ ͏ ͏ ͏ ͏ ͏ ͏ ͏ ͏ ͏ ͏ ͏ ͏ ͏",3
1702,Your holiday shopping starts here! You'll love what we've got for you... Everything you need to entertain or travel with ease. View: Web Andy K. | View Account &gt; My Best Buy™ Free next-day delivery on thousands of items.* BEST BUY Top Deals &gt; Clearance &gt; TVs,1
1703,Riot Mobile Now offers QR Code login No more passwords—just scan and play! Display images to show real-time content Display images to show real-time content Privacy Notice Terms of Service Support This email was sent to skk126skk126@gmail,3
1704,"Steam 구매를 해주셔서 감사합니다! Steam 안녕하세요, skk750 님. 최근 Steam에서 게임을 구매해 주셔서 감사합니다. 아래 항목이 Steam 라이브러리에 추가되었습니다. Steam이 처음이시라면 여기서 Steam 앱을 무료로 다운로드할 수 있습니다. 내 Steam 포인트 Steam 포인트를 획득했습니다 포인트 상점 방문하기 1999 Cuphead $19.99 계정 이름: skk75",3
1705,"""Caught drunk at UCSD consequences?"" r/UCSD: Caught drunk at UCSD consequences? I may have gotten drunk enough to have gotten shipped to the ER. Campus police did see this. Are there any consequences? I&#39;m underage. r/UCSD · Posted by",3
1706,"Your membership includes more than apps Get to know your digital studio, full of new assets, templates, fonts, and freebies. ‌ ‌ ‌ ‌ ‌ ‌ ‌ ‌ ‌ ‌ ‌ ‌ ‌ ‌ ‌ ‌ ‌ ‌ ‌ ‌ ‌ ‌ ‌ ‌ ‌ ‌ ‌ ‌ ‌ ‌ ‌ ‌ ‌ ‌ ‌ ‌ ‌ ‌ ‌ ‌ ‌ ‌ ‌ ‌ ‌ ‌ ‌ ‌ ‌ ‌ ‌ ‌ Make",3
1707,The newest courses — on sale for a limited time Learn the latest skills from experienced instructors. Use your newfound knowledge to put you on the fast track to your goals. ͏ ‌ ﻿ ͏ ‌ ﻿ ͏ ‌ ﻿ ͏ ‌ ﻿ ͏ ‌ ﻿ ͏ ‌ ﻿ ͏ ‌ ﻿ ͏ ‌ ﻿ ͏ ‌ ﻿ ͏ ‌ ﻿ ͏ ‌ ﻿ ͏ ‌ ﻿ ͏ ‌,1
1708,"🔍 Discover your learner type  Find out how you learn best, discover global learning trends, and more. ͏ ‌ ﻿ ͏ ‌ ﻿ ͏ ‌ ﻿ ͏ ‌ ﻿ ͏ ‌ ﻿ ͏ ‌ ﻿ ͏ ‌ ﻿ ͏ ‌ ﻿ ͏ ‌ ﻿ ͏ ‌ ﻿ ͏ ‌ ﻿ ͏ ‌ ﻿ ͏ ‌ ﻿ ͏ ‌ ﻿ ͏ ‌ ﻿ ͏ ‌ ﻿ ͏ ‌ ﻿ ͏ ‌ ﻿ ͏ ‌ ﻿ ͏ ‌ ﻿ ͏ ‌ ﻿ ͏ ‌",3
1709,"Use your FSA/HSA funds while you can, plus save 20% Boost your budget and health ‌ ‌ ‌ ‌ ‌ ‌ ‌ ‌ ‌ ‌ ‌ ‌ ‌ ‌ ‌ ‌ ‌ ‌ ‌ ‌ ‌ ‌ ‌ ‌ ‌ ‌ ‌ ‌ ‌ ‌ ‌ ‌ ‌ ‌ ‌ ‌ ‌ ‌ ‌ ‌ ‌ ‌ ‌ ‌ ‌ ‌ ‌ ‌ ‌ ‌ ‌ ‌ ‌ ‌ ‌ ‌ ‌ ‌ ‌ ‌ ‌ ‌ ‌ ‌ ‌ ‌ ‌ ‌ ‌ ‌ ‌ ‌ ‌ ‌ ‌ ‌ ‌ ‌ ‌ ‌ ‌ ‌ ‌ ‌ ‌ ‌",3
1710,"The man who is sure Harris will win, the healthiest fruit in the world, and more Here&#39;s what you need to know. ͏ ͏ ͏ ͏ ͏ ͏ ͏ ͏ ͏ ͏ ͏ ͏ ͏ ͏ ͏ ͏ ͏ ͏ ͏ ͏ ͏ ͏ ͏ ͏ ͏ ͏ ͏ ͏ ͏ ͏ ͏ ͏ ͏ ͏ ͏ ͏ ͏ ͏ ͏ ͏ ͏ ͏ ͏ ͏ ͏ ͏ ͏ ͏ ͏ ͏ ͏ ͏ ͏ ͏ ͏ ͏ ͏ ͏ ͏ ͏ ͏ ͏ ͏ ͏ ͏ ͏ ͏ ͏ ͏ ͏ ͏ ͏ ͏ ͏ ͏ ͏ ͏ ͏ ͏ ͏ ͏ ͏ ͏ ͏",3
1711,Your reviews are really popular on Google Maps! Let&#39;s celebrate your impact‍ ‍ ‍ ‍ ‍ ‍ ‍ ‍ ‍ ‍ ‍ ‍ ‍ ‍ ‍ ‍ ‍ ‍ ‍ ‍ ‍ ‍ ‍ ‍ ‍ ‍ ‍ ‍ ‍ ‍ ‍ ‍ ‍ ‍ ‍ ‍ ‍ ‍ ‍ ‍ ‍ ‍ ‍ ‍ ‍ ‍ ‍ ‍ ‍ ‍ ‍ ‍ ‍ ‍ ‍ ‍ ‍ ‍ ‍ ‍ ‍ ‍ ‍ ‍ ‍ ‍ ‍ ‍ ‍ ‍ ‍ ‍ ‍ ‍ ‍ ‍ ‍ ‍ ‍ ‍ ‍ ‍ ‍ ‍ ‍,3
1712,"Andy, recycle and save 20% on a Rocketfish surge protector. ♻️ And check out our Deal of the Day. View: Web Andy K. | View Account &gt; My Best Buy™ Free next-day delivery on thousands of items.* BEST BUY Top Deals &gt; Clearance &gt; TVs Computers Cell Phones",1
1713,"Kang, we've missed you. Up to $1,000+ in savings are waiting for you. Join us for Samsung Week! Celebrate 55 years of innovation with a week of amazing deals. - Samsung Week. Thank you for 55 years with us! Join us for Samsung Week! Celebrate 55 years of innovation with",1
1714,SSN required for 1098-T The University of Central Missouri (UCM) is preparing to submit Internal Revenue Service (IRS) form 1098-T Tuition Statements for all students who may qualify to claim education tax benefits. You are,5
1715,You’re lapping the competition And earning a reputation for peak performance. ‌ ‌ ‌ ‌ ‌ ‌ ‌ ‌ ‌ ‌ ‌ ‌ ‌ ‌ ‌ ‌ ‌ ‌ ‌ ‌ ‌ ‌ ‌ ‌ ‌ ‌ ‌ ‌ ‌ ‌ ‌ ‌ ‌ ‌ ‌ ‌ ‌ ‌ ‌ ‌ ‌ ‌ ‌ ‌ ‌ ‌ ‌ ‌ ‌ ‌ ‌ ‌ ‌ ‌ ‌ ‌ ‌ ‌ ‌ ‌ ‌ ‌ ‌ ‌ ‌ ‌ ‌ ‌ ‌ ‌ ‌ ‌ ‌ ‌ ‌ ‌ ‌,5
1716,Seasonal Shopping ends soon. Don&#39;t miss these savings. View in Browser Dell Technologies Dell Technologies View Products Call Now Live Chat View Products Call Now Live Chat Power up performance with Windows 11 Pro for,1
1717,"💬 김용님이 게시물에 댓글을 남겼습니다 오늘 (한국시간 10월 21일) 여명이 시작되는 이른 아침에 저희... 💬 김용님이 게시물에 댓글을 남겼습니다 10월 21일 오전 2:52 보기 11명이 공감했습니다. skk126skk126@gmail.com 주소로 전송된 메시지입니다. 앞으로 Meta로부터 이와 같은 이메일을 받지 않으려면 그만 받기를 누르세요. Meta Platforms, Inc.,",5
1718,"Why mortgage rates are rising again, the discovery of one of the world's oldest churches, and more Here&#39;s what you need to know. ͏ ͏ ͏ ͏ ͏ ͏ ͏ ͏ ͏ ͏ ͏ ͏ ͏ ͏ ͏ ͏ ͏ ͏ ͏ ͏ ͏ ͏ ͏ ͏ ͏ ͏ ͏ ͏ ͏ ͏ ͏ ͏ ͏ ͏ ͏ ͏ ͏ ͏ ͏ ͏ ͏ ͏ ͏ ͏ ͏ ͏ ͏ ͏ ͏ ͏ ͏ ͏ ͏ ͏ ͏ ͏ ͏ ͏ ͏ ͏ ͏ ͏ ͏ ͏ ͏ ͏ ͏ ͏ ͏ ͏ ͏ ͏ ͏ ͏ ͏ ͏ ͏ ͏ ͏ ͏ ͏ ͏ ͏ ͏",3
1719,This MacBook could be yours... Don&#39;t forget to check out today&#39;s Deal of the Day View: Web Andy K. | View Account &gt; My Best Buy™ Free next-day delivery on thousands of items.* BEST BUY Top Deals &gt; Clearance &gt; TVs,1
1720,탑스틱 topsticks loves your comment Youtube Logo 탑스틱 topsticks loves your comment 피들스틱 솔킬 모음 21 | 탑스틱 topsticks @mocho5604 소...솔직히 요즘 그긴거가 체급 말이안되서 상대법 다시올려줘야한다고 생각해요.. View hearted comment If you no longer wish to receive emails about,3
1721,Love Grammarly so far? Your opinion counts! You&#39;re also helping others discover Grammarly by giving us a rating. ‌ ‌ ‌ ‌ ‌ ‌ ‌ ‌ ‌ ‌ ‌ ‌ ‌ ‌ ‌ ‌ ‌ ‌ ‌ ‌ ‌ ‌ ‌ ‌ ‌ ‌ ‌ ‌ ‌ ‌ ‌ ‌ ‌ ‌ ‌ ‌ ‌ ‌ ‌ ‌ ‌ ‌ ‌ ‌ ‌ ‌ ‌ ‌ ‌ ‌ ‌ ‌ ‌ ‌ ‌ ‌ ‌ ‌ ‌ ‌ ‌ ‌ ‌ ‌,3
1722,"What really causes OCD, the biggest risk factor for strokes, and more Good morning from Apple News. Here are some stories about health and well-being for your Sunday. ͏ ͏ ͏ ͏ ͏ ͏ ͏ ͏ ͏ ͏ ͏ ͏ ͏ ͏ ͏ ͏ ͏ ͏ ͏ ͏ ͏ ͏ ͏ ͏ ͏ ͏ ͏ ͏ ͏ ͏ ͏ ͏ ͏ ͏ ͏ ͏ ͏ ͏ ͏ ͏ ͏ ͏ ͏ ͏ ͏ ͏ ͏ ͏ ͏ ͏ ͏ ͏",3
1723,"Heads up... Be QUICK, ends today! Don&#39;t miss today&#39;s Deal of the Day. View: Web Andy K. | View Account &gt; My Best Buy™ Free next-day delivery on thousands of items.* BEST BUY Top Deals &gt; Clearance &gt; TVs Computers Cell",1
1724,"New reply to a comment on ""탑의 낭만은 어디 갔는가?"" New reply to a comment on &quot;탑의 낭만은 어디 갔는가?&quot; Youtube Logo 🌟 @TopSticks. replied to 겜스코 GSC&#39;s comment 탑의 낭만은 어디 갔는가? @TopSticks. 상대 만만할때 원래 리안드리부터 갔는데 요즘 시험삼아 횃불 가보고 있어요 마나도 넉넉하고 파밍이 죽이더라구요",3
1726,"Find gifts for him, her & kids. Plus white elephant favorites. The Holiday Shop is open on Amazon͏ ‌ ͏ ‌ ͏ ‌ ͏ ‌ ͏ ‌ ͏ ‌ ͏ ‌ ͏ ‌ ͏ ‌ ͏ ‌ ͏ ‌ ͏ ‌ ͏ ‌ ͏ ‌ ͏ ‌ ͏ ‌ ͏ ‌ ͏ ‌ ͏ ‌ ͏ ‌ ͏ ‌ ͏ ‌ ͏ ‌ ͏ ‌ ͏ ‌ ͏ ‌ ͏ ‌ ͏ ‌ ͏ ‌ ͏ ‌ ͏ ‌ ͏ ‌ ͏ ‌ ͏ ‌ ͏ ‌ ͏ ‌ ͏ ‌ ͏ ‌ ͏ ‌ ͏ ‌ ͏ ‌ ͏ ‌",3
1727,We found something you might like Deals and unique picks just for you.͏ ‌ ͏ ‌ ͏ ‌ ͏ ‌ ͏ ‌ ͏ ‌ ͏ ‌ ͏ ‌ ͏ ‌ ͏ ‌ ͏ ‌ ͏ ‌ ͏ ‌ ͏ ‌ ͏ ‌ ͏ ‌ ͏ ‌ ͏ ‌ ͏ ‌ ͏ ‌ ͏ ‌ ͏ ‌ ͏ ‌ ͏ ‌ ͏ ‌ ͏ ‌ ͏ ‌ ͏ ‌ ͏ ‌ ͏ ‌ ͏ ‌ ͏ ‌ ͏ ‌ ͏ ‌ ͏ ‌ ͏ ‌ ͏ ‌ ͏ ‌ ͏ ‌ ͏ ‌ ͏ ‌ ͏,1
1728,O.M.G. Get TVs (for as low as $69.99)! Don&#39;t forget to check out today&#39;s Deal of the Day View: Web Andy K. | View Account &gt; My Best Buy™ Free next-day delivery on thousands of items.* BEST BUY Top Deals &gt; Clearance &gt; TVs,1
1731,"A new class of millionaires, what to do if you're tired all the time, and more Good morning from Apple News. Here are some great reads for the weekend. ͏ ͏ ͏ ͏ ͏ ͏ ͏ ͏ ͏ ͏ ͏ ͏ ͏ ͏ ͏ ͏ ͏ ͏ ͏ ͏ ͏ ͏ ͏ ͏ ͏ ͏ ͏ ͏ ͏ ͏ ͏ ͏ ͏ ͏ ͏ ͏ ͏ ͏ ͏ ͏ ͏ ͏ ͏ ͏ ͏ ͏ ͏ ͏ ͏ ͏ ͏ ͏ ͏ ͏ ͏ ͏ ͏ ͏ ͏ ͏ ͏ ͏ ͏ ͏",3
1732,"탑스틱 topsticks loves your comment Youtube Logo 탑스틱 topsticks loves your comment 탑스틱 궁 모음 | 탑스틱 topsticks @mocho5604 이거쥐이이이 View hearted comment If you no longer wish to receive emails about comments and replies, you can unsubscribe. ©",1
1733,⏰ Hurry to save 60% on 1 year of Avast Premium Security Only 24h left to grab our huge deal! Avast Software View in browser Catch our sweet deal before it comes crashing down! Day Hour Min Save 60% Avast Premium Security $99.99 $39.99 / 1st yr. It&#39;s,1
1734,Edit photos with flying colors Swap the color of an object with these quick tips. ‌ ‌ ‌ ‌ ‌ ‌ ‌ ‌ ‌ ‌ ‌ ‌ ‌ ‌ ‌ ‌ ‌ ‌ ‌ ‌ ‌ ‌ ‌ ‌ ‌ ‌ ‌ ‌ ‌ ‌ ‌ ‌ ‌ ‌ ‌ ‌ ‌ ‌ ‌ ‌ ‌ ‌ ‌ ‌ ‌ ‌ ‌ ‌ ‌ ‌ ‌ ‌ Quick color changes. Follow this simple in-app,3
1735,"dong님, Africain Jobs의 CEO & Founder  - Fatma Khelifi님을 팔로우하는 게 어떠세요? 추천 보기 ͏ ͏ ͏ ͏ ͏ ͏ ͏ ͏ ͏ ͏ ͏ ͏ ͏ ͏ ͏ ͏ ͏ ͏ ͏ ͏ ͏ ͏ ͏ ͏ ͏ ͏ ͏ ͏ ͏ ͏ ͏ ͏ ͏ ͏ ͏ ͏ ͏ ͏ ͏ ͏ ͏ ͏ ͏ ͏ ͏ ͏ ͏ ͏ ͏ ͏ ͏ ͏ ͏ ͏ ͏ ͏ ͏ ͏ ͏ ͏ ͏ ͏ ͏ ͏ ͏ ͏ ͏ ͏ ͏ ͏ ͏ ͏ ͏ ͏ ͏ ͏ ͏ ͏ ͏ ͏ ͏ ͏ ͏ ͏ ͏ ͏ ͏ ͏ ͏ ͏ ͏ ͏ ͏ ͏ ͏ ͏ ͏ ͏",3
1737,"Everyday essential picks: Grab deals on groceries, plus health & wellness Save $10 when you spend $40 on select snacks͏ ‌ ͏ ‌ ͏ ‌ ͏ ‌ ͏ ‌ ͏ ‌ ͏ ‌ ͏ ‌ ͏ ‌ ͏ ‌ ͏ ‌ ͏ ‌ ͏ ‌ ͏ ‌ ͏ ‌ ͏ ‌ ͏ ‌ ͏ ‌ ͏ ‌ ͏ ‌ ͏ ‌ ͏ ‌ ͏ ‌ ͏ ‌ ͏ ‌ ͏ ‌ ͏ ‌ ͏ ‌ ͏ ‌ ͏ ‌ ͏ ‌ ͏ ‌ ͏ ‌ ͏ ‌ ͏ ‌ ͏ ‌ ͏ ‌ ͏ ‌ ͏ ‌ ͏",1
1738,"Steam 구매를 해주셔서 감사합니다! Steam 안녕하세요, skk750 님. 최근 Steam에서 게임을 구매해 주셔서 감사합니다. 아래 항목이 Steam 라이브러리에 추가되었습니다. Steam이 처음이시라면 여기서 Steam 앱을 무료로 다운로드할 수 있습니다. 내 Steam 포인트 Steam 포인트를 획득했습니다 포인트 상점 방문하기 999 Limbo $9.99 계정 이름: skk75​0​",3
1739,📖 Top editorial Songbook picks for October 18 The most popular new Songbooks at MuseScore ͏ ͏ ͏ ͏ ͏ ͏ ͏ ͏ ͏ ͏ ͏ ͏ ͏ ͏ ͏ ͏ ͏ ͏ ͏ ͏ ͏ ͏ ͏ ͏ ͏ ͏ ͏ ͏ ͏ ͏ ͏ ͏ ͏ ͏ ͏ ͏ ͏ ͏ ͏ ͏ ͏ ͏ ͏ ͏ ͏ ͏ ͏ ͏ ͏ ͏ ͏ ͏ ͏ ͏ ͏ ͏ ͏ ͏ ͏ ͏ ͏ ͏ ͏ ͏ ͏ ͏ ͏ ͏ ͏ ͏ ͏ ͏ ͏ ͏ ͏ ͏ ͏ ͏ ͏,3
1740,Dead Frontier 2: Carnival Of Corpses Dead Frontier 2 CARNIVAL OF CORPSES (Coming soon!) Take part in our upcoming Halloween event! Starting October 23rd and continuing until November 17th you will be able to: Play our updated &amp;,3
1741,"Tired Of Feeling Tired? We've Got You, 뭐아아 Steady, reliable energy without the crash or jitters. Ready to unlock it? ͏ ͏ ͏ ͏ ͏ ͏ ͏ ͏ ͏ ͏ ͏ ͏ ͏ ͏ ͏ ͏ ͏ ͏ ͏ ͏ ͏ ͏ ͏ ͏ ͏ ͏ ͏ ͏ ͏ ͏ ͏ ͏ ͏ ͏ ͏ ͏ ͏ ͏ ͏ ͏ ͏ ͏ ͏ ͏ ͏ ͏ ͏ ͏ ͏ ͏ ͏ ͏ ͏ ͏ ͏ ͏ ͏ ͏ ͏ ͏ ͏ ͏ ͏ ͏",3
1743,Transform your home with savings on select major appliances Time is ticking on Deal of the Day! View: Web Andy K. | View Account &gt; My Best Buy™ Free next-day delivery on thousands of items.* BEST BUY Top Deals &gt; Clearance &gt; TVs Computers Cell Phones,1
1744,"Shoplifting is getting worse, why vinegar is so good for you, and more Here&#39;s what you need to know. ͏ ͏ ͏ ͏ ͏ ͏ ͏ ͏ ͏ ͏ ͏ ͏ ͏ ͏ ͏ ͏ ͏ ͏ ͏ ͏ ͏ ͏ ͏ ͏ ͏ ͏ ͏ ͏ ͏ ͏ ͏ ͏ ͏ ͏ ͏ ͏ ͏ ͏ ͏ ͏ ͏ ͏ ͏ ͏ ͏ ͏ ͏ ͏ ͏ ͏ ͏ ͏ ͏ ͏ ͏ ͏ ͏ ͏ ͏ ͏ ͏ ͏ ͏ ͏ ͏ ͏ ͏ ͏ ͏ ͏ ͏ ͏ ͏ ͏ ͏ ͏ ͏ ͏ ͏ ͏ ͏ ͏ ͏ ͏",3
1745,Treat yourself to Halloween candy Shop spooky sweets plus decor and more͏ ‌ ͏ ‌ ͏ ‌ ͏ ‌ ͏ ‌ ͏ ‌ ͏ ‌ ͏ ‌ ͏ ‌ ͏ ‌ ͏ ‌ ͏ ‌ ͏ ‌ ͏ ‌ ͏ ‌ ͏ ‌ ͏ ‌ ͏ ‌ ͏ ‌ ͏ ‌ ͏ ‌ ͏ ‌ ͏ ‌ ͏ ‌ ͏ ‌ ͏ ‌ ͏ ‌ ͏ ‌ ͏ ‌ ͏ ‌ ͏ ‌ ͏ ‌ ͏ ‌ ͏ ‌ ͏ ‌ ͏ ‌ ͏ ‌ ͏ ‌ ͏ ‌ ͏ ‌ ͏ ‌,3
1746,"Thank us later - here are your festive hosting must-haves! Get ready to be impressed... Explore kitchen appliances, home organization and more. View: Web Andy K. | View Account &gt; My Best Buy™ Free next-day delivery on thousands of items.* BEST BUY Top Deals &gt; Clearance &gt; TVs",1
1748,🚨Raise your grades with Pro Tackle this semester with the ultimate writing assistant. ‌ ‌ ‌ ‌ ‌ ‌ ‌ ‌ ‌ ‌ ‌ ‌ ‌ ‌ ‌ ‌ ‌ ‌ ‌ ‌ ‌ ‌ ‌ ‌ ‌ ‌ ‌ ‌ ‌ ‌ ‌ ‌ ‌ ‌ ‌ ‌ ‌ ‌ ‌ ‌ ‌ ‌ ‌ ‌ ‌ ‌ ‌ ‌ ‌ ‌ ‌ ‌ ‌ ‌ ‌ ‌ ‌ ‌ ‌ ‌ ‌ ‌ ‌ ‌ ‌ ‌ ‌ ‌ ‌ ‌ ‌ ‌,3
1749,"America's vanishing drugstores, why people who are wrong are sure they're right, and more Here&#39;s what you need to know. ͏ ͏ ͏ ͏ ͏ ͏ ͏ ͏ ͏ ͏ ͏ ͏ ͏ ͏ ͏ ͏ ͏ ͏ ͏ ͏ ͏ ͏ ͏ ͏ ͏ ͏ ͏ ͏ ͏ ͏ ͏ ͏ ͏ ͏ ͏ ͏ ͏ ͏ ͏ ͏ ͏ ͏ ͏ ͏ ͏ ͏ ͏ ͏ ͏ ͏ ͏ ͏ ͏ ͏ ͏ ͏ ͏ ͏ ͏ ͏ ͏ ͏ ͏ ͏ ͏ ͏ ͏ ͏ ͏ ͏ ͏ ͏ ͏ ͏ ͏ ͏ ͏ ͏ ͏ ͏ ͏ ͏ ͏ ͏",3
1750,Swap colorful backdrops in a snap Editing background colors is simple with these Photoshop tips. ‌ ‌ ‌ ‌ ‌ ‌ ‌ ‌ ‌ ‌ ‌ ‌ ‌ ‌ ‌ ‌ ‌ ‌ ‌ ‌ ‌ ‌ ‌ ‌ ‌ ‌ ‌ ‌ ‌ ‌ ‌ ‌ ‌ ‌ ‌ ‌ ‌ ‌ ‌ ‌ ‌ ‌ ‌ ‌ ‌ ‌ ‌ ‌ ‌ ‌ ‌ ‌ Choose the right shade. Give your,3
1751,Save up to 50% on select Outlet items today Don&#39;t forget to check out today&#39;s Deal of the Day View: Web Andy K. | View Account &gt; My Best Buy™ Free next-day delivery on thousands of items.* BEST BUY Top Deals &gt; Clearance &gt; TVs,1
1752,"탑스틱 topsticks loves your comment Youtube Logo 탑스틱 topsticks loves your comment 나서스 카운터 | 탑스틱 topsticks @mocho5604 여러분 피들 그나마 덜 너프 먹었습니다 휴... View hearted comment If you no longer wish to receive emails about comments and replies, you",3
1753,"AndyKang, check out your latest batch of recommended courses Ready for something new? We have your next selection of recommended courses. Each one was chosen based on your unique interests. ͏‌ ͏‌ ͏‌ ͏‌ ͏‌ ͏‌ ͏‌ ͏‌ ͏‌ ͏‌ ͏‌ ͏‌ ͏‌ ͏‌ ͏‌ ͏‌ ͏‌ ͏‌ ͏‌ ͏‌ ͏‌ ͏‌ ͏‌ ͏‌",3
1754,⏰ Ace your assignment with Pro Act now to snag a year of AI writing assistance. ‌ ‌ ‌ ‌ ‌ ‌ ‌ ‌ ‌ ‌ ‌ ‌ ‌ ‌ ‌ ‌ ‌ ‌ ‌ ‌ ‌ ‌ ‌ ‌ ‌ ‌ ‌ ‌ ‌ ‌ ‌ ‌ ‌ ‌ ‌ ‌ ‌ ‌ ‌ ‌ ‌ ‌ ‌ ‌ ‌ ‌ ‌ ‌ ‌ ‌ ‌ ‌ ‌ ‌ ‌ ‌ ‌ ‌ ‌ ‌ ‌ ‌ ‌ ‌ ‌ ‌ ‌ ‌ ‌ ‌ ‌ ‌ ‌ ‌ ‌ ‌,3
1755,"A La Niña winter is coming, an amateur sleuth cracks a $34 million cold case, and more Here&#39;s what you need to know. ͏ ͏ ͏ ͏ ͏ ͏ ͏ ͏ ͏ ͏ ͏ ͏ ͏ ͏ ͏ ͏ ͏ ͏ ͏ ͏ ͏ ͏ ͏ ͏ ͏ ͏ ͏ ͏ ͏ ͏ ͏ ͏ ͏ ͏ ͏ ͏ ͏ ͏ ͏ ͏ ͏ ͏ ͏ ͏ ͏ ͏ ͏ ͏ ͏ ͏ ͏ ͏ ͏ ͏ ͏ ͏ ͏ ͏ ͏ ͏ ͏ ͏ ͏ ͏ ͏ ͏ ͏ ͏ ͏ ͏ ͏ ͏ ͏ ͏ ͏ ͏ ͏ ͏ ͏ ͏ ͏ ͏ ͏ ͏",3
1756,"3 threads we think you might like See what people are saying and join the conversation. 8_8dodong, see what people are saying on Threads seon.___u 22h 이렇게 졸릴수가 3 replies · 11 likes gom_baram 21h 이건 좀 너무한 듯? 😅 70 replies · 117 likes",3
1757,"Premium gifts & holiday finds under $50 Shop luxury gifts, stocking stuffers, and more͏ ‌ ͏ ‌ ͏ ‌ ͏ ‌ ͏ ‌ ͏ ‌ ͏ ‌ ͏ ‌ ͏ ‌ ͏ ‌ ͏ ‌ ͏ ‌ ͏ ‌ ͏ ‌ ͏ ‌ ͏ ‌ ͏ ‌ ͏ ‌ ͏ ‌ ͏ ‌ ͏ ‌ ͏ ‌ ͏ ‌ ͏ ‌ ͏ ‌ ͏ ‌ ͏ ‌ ͏ ‌ ͏ ‌ ͏ ‌ ͏ ‌ ͏ ‌ ͏ ‌ ͏ ‌ ͏ ‌ ͏ ‌ ͏ ‌ ͏ ‌ ͏ ‌",3
1758,Another amazing email from Best Buy... Is it time to update your technology? Take a look at the NEW Meta Quest 3S Plus a new Deal of the Day for you! View: Web Andy K. | View Account &gt; My Best Buy™ Free next-day delivery on thousands of items.* BEST BUY Top Deals &gt; Clearance &gt; TVs Computers Cell Phones,1
1759,"Feel The Energy, Not The Crash ⚡️ Or your money back! ͏ ͏ ͏ ͏ ͏ ͏ ͏ ͏ ͏ ͏ ͏ ͏ ͏ ͏ ͏ ͏ ͏ ͏ ͏ ͏ ͏ ͏ ͏ ͏ ͏ ͏ ͏ ͏ ͏ ͏ ͏ ͏ ͏ ͏ ͏ ͏ ͏ ͏ ͏ ͏ ͏ ͏ ͏ ͏ ͏ ͏ ͏ ͏ ͏ ͏ ͏ ͏ ͏ ͏ ͏ ͏ ͏ ͏ ͏ ͏ ͏ ͏ ͏ ͏ ͏ ͏ ͏ ͏ ͏ ͏ ͏ ͏ ͏ ͏ ͏ ͏ ͏ ͏ ͏ ͏ ͏ ͏ ͏ ͏ ͏ ͏ ͏ ͏ ͏ ͏ ͏",3
1761,"Why young men are shifting to the right, recycling myths to discard, and more Here&#39;s what you need to know. ͏ ͏ ͏ ͏ ͏ ͏ ͏ ͏ ͏ ͏ ͏ ͏ ͏ ͏ ͏ ͏ ͏ ͏ ͏ ͏ ͏ ͏ ͏ ͏ ͏ ͏ ͏ ͏ ͏ ͏ ͏ ͏ ͏ ͏ ͏ ͏ ͏ ͏ ͏ ͏ ͏ ͏ ͏ ͏ ͏ ͏ ͏ ͏ ͏ ͏ ͏ ͏ ͏ ͏ ͏ ͏ ͏ ͏ ͏ ͏ ͏ ͏ ͏ ͏ ͏ ͏ ͏ ͏ ͏ ͏ ͏ ͏ ͏ ͏ ͏ ͏ ͏ ͏ ͏ ͏ ͏ ͏ ͏ ͏",3
1762,🎸 REMINDER: This offer will rock your socks off... Hurry! Save 60% on 1 year of Avast Premium Security Avast Software View in browser Offer ends soon! Don&#39;t drop the ball on this rockin&#39; offer Save 60% Avast Premium Security $99.99 $39.99 / 1st yr.,3
1763,"Andy, meet the reMarkable Paper Pro. Take notes and read documents in color. View: Web Andy K. | View Account &gt; My Best Buy™ Free next-day delivery on thousands of items.* BEST BUY Top Deals &gt; Clearance &gt; TVs Computers Cell",1
1764,Make a bold statement with text Add text to your photos in just a few clicks with this quick in-app tutorial. ‌ ‌ ‌ ‌ ‌ ‌ ‌ ‌ ‌ ‌ ‌ ‌ ‌ ‌ ‌ ‌ ‌ ‌ ‌ ‌ ‌ ‌ ‌ ‌ ‌ ‌ ‌ ‌ ‌ ‌ ‌ ‌ ‌ ‌ ‌ ‌ ‌ ‌ ‌ ‌ ‌ ‌ ‌ ‌ ‌ ‌ ‌ ‌ ‌ ‌ ‌ ‌ Shout it from the,3
1765,"4+ star holiday finds in toys, tech, and more Shop customers&#39; most-loved gifts with thousands of reviews͏ ‌ ͏ ‌ ͏ ‌ ͏ ‌ ͏ ‌ ͏ ‌ ͏ ‌ ͏ ‌ ͏ ‌ ͏ ‌ ͏ ‌ ͏ ‌ ͏ ‌ ͏ ‌ ͏ ‌ ͏ ‌ ͏ ‌ ͏ ‌ ͏ ‌ ͏ ‌ ͏ ‌ ͏ ‌ ͏ ‌ ͏ ‌ ͏ ‌ ͏ ‌ ͏ ‌ ͏ ‌ ͏ ‌ ͏ ‌ ͏ ‌ ͏ ‌ ͏ ‌ ͏ ‌ ͏ ‌",3
1766,"🏆 See your progress + enjoy Pro for $12/month Another week, another step toward consistently captivating writing. ‌ ‌ ‌ ‌ ‌ ‌ ‌ ‌ ‌ ‌ ‌ ‌ ‌ ‌ ‌ ‌ ‌ ‌ ‌ ‌ ‌ ‌ ‌ ‌ ‌ ‌ ‌ ‌ ‌ ‌ ‌ ‌ ‌ ‌ ‌ ‌ ‌ ‌ ‌ ‌ ‌ ‌ ‌ ‌ ‌ ‌ ‌ ‌ ‌ ‌ ‌ ‌ ‌ ‌ ‌ ‌ ‌ ‌ ‌ ‌ ‌ ‌ ‌ ‌ ‌ ‌ ‌",3
1767,"AI that inspires creativity. Plus, savings up to $600 off. View in Browser Dell Technologies Dell Technologies View Products Call Now Live Chat View Products Call Now Live Chat Before any task, just ask Everyone loves rewards Dell",3
1768,O.M.G. Discover awesome new computing products with the latest Intel® Core™ Ultra processors! Check out our Outlet Event for savings up to 50% off clearance and open box. View: Web Andy K. | View Account &gt; My Best Buy™ Free next-day delivery on thousands of items.* BEST BUY Top Deals &gt;,1
1769,Courses are on sale now: Our best for your best. Need help picking your next course? Let other learners guide you with their reviews. ͏ ‌ ﻿ ͏ ‌ ﻿ ͏ ‌ ﻿ ͏ ‌ ﻿ ͏ ‌ ﻿ ͏ ‌ ﻿ ͏ ‌ ﻿ ͏ ‌ ﻿ ͏ ‌ ﻿ ͏ ‌ ﻿ ͏ ‌ ﻿ ͏ ‌ ﻿ ͏ ‌ ﻿ ͏ ‌ ﻿ ͏ ‌ ﻿ ͏ ‌ ﻿ ͏ ‌ ﻿ ͏ ‌ ﻿ ͏ ‌ ﻿ ͏,1
1770,"Vaccines to prevent cancer, the cheapest state to buy a home, and more Here&#39;s what you need to know. ͏ ͏ ͏ ͏ ͏ ͏ ͏ ͏ ͏ ͏ ͏ ͏ ͏ ͏ ͏ ͏ ͏ ͏ ͏ ͏ ͏ ͏ ͏ ͏ ͏ ͏ ͏ ͏ ͏ ͏ ͏ ͏ ͏ ͏ ͏ ͏ ͏ ͏ ͏ ͏ ͏ ͏ ͏ ͏ ͏ ͏ ͏ ͏ ͏ ͏ ͏ ͏ ͏ ͏ ͏ ͏ ͏ ͏ ͏ ͏ ͏ ͏ ͏ ͏ ͏ ͏ ͏ ͏ ͏ ͏ ͏ ͏ ͏ ͏ ͏ ͏ ͏ ͏ ͏ ͏ ͏ ͏ ͏ ͏",3
1772,"Keep your Timeline? Decide by December 8, 2024 Hi mo, You previously turned on the Timeline setting—formerly called Location History —which helps you go back in time and remember where you&#39;ve been. With Timeline, your visits and routes are",5
1773,"Last chance for 20% off stress, fatigue, and autoimmune tests Plus get helpful info for Health Literacy Month ‌ ‌ ‌ ‌ ‌ ‌ ‌ ‌ ‌ ‌ ‌ ‌ ‌ ‌ ‌ ‌ ‌ ‌ ‌ ‌ ‌ ‌ ‌ ‌ ‌ ‌ ‌ ‌ ‌ ‌ ‌ ‌ ‌ ‌ ‌ ‌ ‌ ‌ ‌ ‌ ‌ ‌ ‌ ‌ ‌ ‌ ‌ ‌ ‌ ‌ ‌ ‌ ‌ ‌ ‌ ‌ ‌ ‌ ‌ ‌ ‌ ‌ ‌ ‌ ‌ ‌ ‌ ‌ ‌ ‌ ‌ ‌ ‌ ‌ ‌ ‌ ‌",3
1774,Last Chance To Save On Mood Boosters 😃 Feel better with science-backed supplements ͏ ͏ ͏ ͏ ͏ ͏ ͏ ͏ ͏ ͏ ͏ ͏ ͏ ͏ ͏ ͏ ͏ ͏ ͏ ͏ ͏ ͏ ͏ ͏ ͏ ͏ ͏ ͏ ͏ ͏ ͏ ͏ ͏ ͏ ͏ ͏ ͏ ͏ ͏ ͏ ͏ ͏ ͏ ͏ ͏ ͏ ͏ ͏ ͏ ͏ ͏ ͏ ͏ ͏ ͏ ͏ ͏ ͏ ͏ ͏ ͏ ͏ ͏ ͏ ͏ ͏ ͏ ͏ ͏ ͏ ͏ ͏ ͏ ͏ ͏ ͏ ͏ ͏ ͏,3
1775,"A full year of Pro, only $12/month ✍️ Bye-bye, writer&#39;s block. ‌ ‌ ‌ ‌ ‌ ‌ ‌ ‌ ‌ ‌ ‌ ‌ ‌ ‌ ‌ ‌ ‌ ‌ ‌ ‌ ‌ ‌ ‌ ‌ ‌ ‌ ‌ ‌ ‌ ‌ ‌ ‌ ‌ ‌ ‌ ‌ ‌ ‌ ‌ ‌ ‌ ‌ ‌ ‌ ‌ ‌ ‌ ‌ ‌ ‌ ‌ ‌ ‌ ‌ ‌ ‌ ‌ ‌ ‌ ‌ ‌ ‌ ‌ ‌ ‌ ‌ ‌ ‌ ‌ ‌ ‌ ‌ ‌ ‌ ‌ ‌ ‌ ‌ ‌ ‌ ‌ ‌ ‌ ‌ ‌",3
1776,"What giving up alcohol does to your body, the Texas boomtown that's running out of water, and more Good morning from Apple News. Here are some of our readers&#39; favorite stories right now. ͏ ͏ ͏ ͏ ͏ ͏ ͏ ͏ ͏ ͏ ͏ ͏ ͏ ͏ ͏ ͏ ͏ ͏ ͏ ͏ ͏ ͏ ͏ ͏ ͏ ͏ ͏ ͏ ͏ ͏ ͏ ͏ ͏ ͏ ͏ ͏ ͏ ͏ ͏ ͏ ͏ ͏ ͏ ͏ ͏ ͏ ͏ ͏ ͏ ͏ ͏ ͏ ͏ ͏ ͏",3
1777,The Apple Trade-Up Event (and awesome tech) is only a click away... Want to pay less for amazing items? Don&#39;t miss today&#39;s Deal of the Day. View: Web Andy K. | View Account &gt; My Best Buy™ Free next-day delivery on thousands of items.* BEST BUY Top Deals &gt; Clearance &gt; TVs Computers Cell,1
1778,🎸 This offer will rock your socks off... Hurry! Save 60% on 1 year of Avast Premium Security Avast Software View in browser Offer ends soon! Don&#39;t drop the ball on this rockin&#39; offer Save 60% Avast Premium Security $99.99 $39.99 / 1st yr.,3
1779,Edit photos to any shape and size Learn how to crop and resize images in this one-minute tutorial. ‌ ‌ ‌ ‌ ‌ ‌ ‌ ‌ ‌ ‌ ‌ ‌ ‌ ‌ ‌ ‌ ‌ ‌ ‌ ‌ ‌ ‌ ‌ ‌ ‌ ‌ ‌ ‌ ‌ ‌ ‌ ‌ ‌ ‌ ‌ ‌ ‌ ‌ ‌ ‌ ‌ ‌ ‌ ‌ ‌ ‌ ‌ ‌ ‌ ‌ ‌ ‌ Find the perfect fit. Learn how,3
1780,LinkedIn 서비스약관이 변경됩니다. ͏ ͏ ͏ ͏ ͏ ͏ ͏ ͏ ͏ ͏ ͏ ͏ ͏ ͏ ͏ ͏ ͏ ͏ ͏ ͏ ͏ ͏ ͏ ͏ ͏ ͏ ͏ ͏ ͏ ͏ ͏ ͏ ͏ ͏ ͏ ͏ ͏ ͏ ͏ ͏ ͏ ͏ ͏ ͏ ͏ ͏ ͏ ͏ ͏ ͏ ͏ ͏ ͏ ͏ ͏ ͏ ͏ ͏ ͏ ͏ ͏ ͏ ͏ ͏ ͏ ͏ ͏ ͏ ͏ ͏ ͏ ͏ ͏ ͏ ͏ ͏ ͏ ͏ ͏ ͏ ͏ ͏ ͏ ͏ ͏ ͏ ͏ ͏ ͏ ͏ ͏ ͏ ͏ ͏ ͏ ͏ ͏ ͏ ͏ ͏ ͏,3
1781,🙌 How about 4K TVs as low as $139.99? No home is finished without the perfect TV Don&#39;t forget to check out today&#39;s Deal of the Day View: Web Andy K. | View Account &gt; My Best Buy™ Free next-day delivery on thousands of items.* BEST BUY Top Deals &gt; Clearance &gt; TVs,1
1782,TIME IS RUNNING OUT. Limited-time offers end soon. View in Browser Dell Technologies Dell Technologies View Products Call Now Live Chat View Products Call Now Live Chat A new AI era begins Everyone loves rewards Dell,3
1783,"Americans are giving up on Florida, a superyacht disaster, and more Good morning from Apple News. Here are some great reads for the weekend. ͏ ͏ ͏ ͏ ͏ ͏ ͏ ͏ ͏ ͏ ͏ ͏ ͏ ͏ ͏ ͏ ͏ ͏ ͏ ͏ ͏ ͏ ͏ ͏ ͏ ͏ ͏ ͏ ͏ ͏ ͏ ͏ ͏ ͏ ͏ ͏ ͏ ͏ ͏ ͏ ͏ ͏ ͏ ͏ ͏ ͏ ͏ ͏ ͏ ͏ ͏ ͏ ͏ ͏ ͏ ͏ ͏ ͏ ͏ ͏ ͏ ͏ ͏ ͏",3
1784,"dong님, PepsiCo의 Environmental Health Safety Specialist - Mihloti Shingange님을 팔로우하는 게 어떠세요? 추천 보기 ͏ ͏ ͏ ͏ ͏ ͏ ͏ ͏ ͏ ͏ ͏ ͏ ͏ ͏ ͏ ͏ ͏ ͏ ͏ ͏ ͏ ͏ ͏ ͏ ͏ ͏ ͏ ͏ ͏ ͏ ͏ ͏ ͏ ͏ ͏ ͏ ͏ ͏ ͏ ͏ ͏ ͏ ͏ ͏ ͏ ͏ ͏ ͏ ͏ ͏ ͏ ͏ ͏ ͏ ͏ ͏ ͏ ͏ ͏ ͏ ͏ ͏ ͏ ͏ ͏ ͏ ͏ ͏ ͏ ͏ ͏ ͏ ͏ ͏ ͏ ͏ ͏ ͏ ͏ ͏ ͏ ͏ ͏ ͏ ͏ ͏ ͏ ͏ ͏ ͏ ͏ ͏ ͏ ͏ ͏ ͏ ͏ ͏",3
1785,"Steam 구매를 해주셔서 감사합니다! Steam 안녕하세요, skk750 님. 최근 Steam에서 게임을 구매해 주셔서 감사합니다. 아래 항목이 Steam 라이브러리에 추가되었습니다. Steam이 처음이시라면 여기서 Steam 앱을 무료로 다운로드할 수 있습니다. 내 Steam 포인트 Steam 포인트를 획득했습니다 포인트 상점 방문하기 1499 VA-11 HALL-A $14.99 계정 이름:",3
1786,"Save up to 50% during our limited-time Outlet Event Plus, don&#39;t miss today&#39;s Deal of the Day! View: Web Andy K. | View Account &gt; My Best Buy™ Free next-day delivery on thousands of items.* BEST BUY Top Deals &gt; Clearance &gt; TVs Computers",1
1787,📖 Top editorial Songbook picks for October 11 The most popular Songbooks at MuseScore ͏ ͏ ͏ ͏ ͏ ͏ ͏ ͏ ͏ ͏ ͏ ͏ ͏ ͏ ͏ ͏ ͏ ͏ ͏ ͏ ͏ ͏ ͏ ͏ ͏ ͏ ͏ ͏ ͏ ͏ ͏ ͏ ͏ ͏ ͏ ͏ ͏ ͏ ͏ ͏ ͏ ͏ ͏ ͏ ͏ ͏ ͏ ͏ ͏ ͏ ͏ ͏ ͏ ͏ ͏ ͏ ͏ ͏ ͏ ͏ ͏ ͏ ͏ ͏ ͏ ͏ ͏ ͏ ͏ ͏ ͏ ͏ ͏ ͏ ͏ ͏ ͏ ͏ ͏ ͏ ͏,3
1789,75% Of Us Are Lacking THIS Vitamin… Are You? The secret to better moods year-round ͏ ͏ ͏ ͏ ͏ ͏ ͏ ͏ ͏ ͏ ͏ ͏ ͏ ͏ ͏ ͏ ͏ ͏ ͏ ͏ ͏ ͏ ͏ ͏ ͏ ͏ ͏ ͏ ͏ ͏ ͏ ͏ ͏ ͏ ͏ ͏ ͏ ͏ ͏ ͏ ͏ ͏ ͏ ͏ ͏ ͏ ͏ ͏ ͏ ͏ ͏ ͏ ͏ ͏ ͏ ͏ ͏ ͏ ͏ ͏ ͏ ͏ ͏ ͏ ͏ ͏ ͏ ͏ ͏ ͏ ͏ ͏ ͏ ͏ ͏ ͏ ͏ ͏ ͏ ͏ ͏ ͏,3
1790,"Florida assesses Milton's damage, therapists share their best mental-health tips, and more Here&#39;s what you need to know. ͏ ͏ ͏ ͏ ͏ ͏ ͏ ͏ ͏ ͏ ͏ ͏ ͏ ͏ ͏ ͏ ͏ ͏ ͏ ͏ ͏ ͏ ͏ ͏ ͏ ͏ ͏ ͏ ͏ ͏ ͏ ͏ ͏ ͏ ͏ ͏ ͏ ͏ ͏ ͏ ͏ ͏ ͏ ͏ ͏ ͏ ͏ ͏ ͏ ͏ ͏ ͏ ͏ ͏ ͏ ͏ ͏ ͏ ͏ ͏ ͏ ͏ ͏ ͏ ͏ ͏ ͏ ͏ ͏ ͏ ͏ ͏ ͏ ͏ ͏ ͏ ͏ ͏ ͏ ͏ ͏ ͏ ͏ ͏",3
1791,🥊 REMINDER: Score a knockout deal from Avast! Save 60% on 1 year of Avast Premium Security Avast Software View in browser Our striking deal steps into the ring: save 60% on 1 year! Save 60% Avast Premium Security $99.99 $39.99 / 1st yr. It&#39;s,1
1792,"Ease into Photoshop with generative AI Get your ideas onscreen in seconds. ‌ ‌ ‌ ‌ ‌ ‌ ‌ ‌ ‌ ‌ ‌ ‌ ‌ ‌ ‌ ‌ ‌ ‌ ‌ ‌ ‌ ‌ ‌ ‌ ‌ ‌ ‌ ‌ ‌ ‌ ‌ ‌ ‌ ‌ ‌ ‌ ‌ ‌ ‌ ‌ ‌ ‌ ‌ ‌ ‌ ‌ ‌ ‌ ‌ ‌ ‌ ‌ Go from concept to creation, effortlessly. Type a simple text",3
1793,Save 25%* sitewide at DisneyStore.com Opt-in to email updates on the latest promotions &amp; more ͏‌ ͏‌ ͏‌ ͏‌ ͏‌ ͏‌ ͏‌ ͏‌ ͏‌ ͏‌ ͏‌ ͏‌ ͏‌ ͏‌ ͏‌ ͏‌ ͏‌ ͏‌ ͏‌ ͏‌ ͏‌ ͏‌ ͏‌ ͏‌ ͏‌ ͏‌ ͏‌ ͏‌ ͏‌ ͏‌ ͏‌ ͏‌ ͏‌ ͏‌ ͏‌ ͏‌ ͏‌ ͏‌ ͏‌ ͏‌ ͏‌ ͏‌ ͏‌ ͏‌ ͏‌ ͏‌ ͏‌,1
1794,"Kang, we've missed you. Enter for a chance to be one of 17 winners. Enter for your chance now. Enter for your chance now. Samsung Logo Enter for a chance to win $5000 See what we&#39;ve been up to. Which products are you most interested in? Smartphones TV + Soundbar",3
1795,"Get 20% off autoimmune, stress, and fatigue tests See your health in a new light this Health Literacy Month ‌ ‌ ‌ ‌ ‌ ‌ ‌ ‌ ‌ ‌ ‌ ‌ ‌ ‌ ‌ ‌ ‌ ‌ ‌ ‌ ‌ ‌ ‌ ‌ ‌ ‌ ‌ ‌ ‌ ‌ ‌ ‌ ‌ ‌ ‌ ‌ ‌ ‌ ‌ ‌ ‌ ‌ ‌ ‌ ‌ ‌ ‌ ‌ ‌ ‌ ‌ ‌ ‌ ‌ ‌ ‌ ‌ ‌ ‌ ‌ ‌ ‌ ‌ ‌ ‌ ‌ ‌ ‌ ‌ ‌ ‌ ‌",3
1796,Halloween costumes for every character Shop spooky-good looks plus candy and more͏ ‌ ͏ ‌ ͏ ‌ ͏ ‌ ͏ ‌ ͏ ‌ ͏ ‌ ͏ ‌ ͏ ‌ ͏ ‌ ͏ ‌ ͏ ‌ ͏ ‌ ͏ ‌ ͏ ‌ ͏ ‌ ͏ ‌ ͏ ‌ ͏ ‌ ͏ ‌ ͏ ‌ ͏ ‌ ͏ ‌ ͏ ‌ ͏ ‌ ͏ ‌ ͏ ‌ ͏ ‌ ͏ ‌ ͏ ‌ ͏ ‌ ͏ ‌ ͏ ‌ ͏ ‌ ͏ ‌ ͏ ‌ ͏ ‌ ͏ ‌ ͏ ‌ ͏ ‌,3
1797,Learn something new with trending courses. Keeping your skills updated can keep you open to new opportunities. Start learning now while courses are on sale. ͏ ‌ ﻿ ͏ ‌ ﻿ ͏ ‌ ﻿ ͏ ‌ ﻿ ͏ ‌ ﻿ ͏ ‌ ﻿ ͏ ‌ ﻿ ͏ ‌ ﻿ ͏ ‌ ﻿ ͏ ‌ ﻿ ͏ ‌ ﻿ ͏ ‌ ﻿ ͏ ‌ ﻿ ͏ ‌ ﻿ ͏ ‌,1
1798,We’ve got some new Design course recommendations for you. Check out what&#39;s popular with students like you. Get a course today and start learning. ͏‌ ͏‌ ͏‌ ͏‌ ͏‌ ͏‌ ͏‌ ͏‌ ͏‌ ͏‌ ͏‌ ͏‌ ͏‌ ͏‌ ͏‌ ͏‌ ͏‌ ͏‌ ͏‌ ͏‌ ͏‌ ͏‌ ͏‌ ͏‌ ͏‌ ͏‌ ͏‌ ͏‌ ͏‌ ͏‌ ͏‌ ͏‌ ͏‌ ͏‌ ͏‌ ͏‌,3
1799,"Women Can’t Stop Raving About THIS 🔥 Cycle syncing, mood-boosting hacks + MORE ͏ ͏ ͏ ͏ ͏ ͏ ͏ ͏ ͏ ͏ ͏ ͏ ͏ ͏ ͏ ͏ ͏ ͏ ͏ ͏ ͏ ͏ ͏ ͏ ͏ ͏ ͏ ͏ ͏ ͏ ͏ ͏ ͏ ͏ ͏ ͏ ͏ ͏ ͏ ͏ ͏ ͏ ͏ ͏ ͏ ͏ ͏ ͏ ͏ ͏ ͏ ͏ ͏ ͏ ͏ ͏ ͏ ͏ ͏ ͏ ͏ ͏ ͏ ͏ ͏ ͏ ͏ ͏ ͏ ͏ ͏ ͏ ͏ ͏ ͏ ͏ ͏ ͏ ͏ ͏",3
1800,"Hurricane Milton devastates Florida, the kids rejecting their parents' stuff, and more Here&#39;s what you need to know. ͏ ͏ ͏ ͏ ͏ ͏ ͏ ͏ ͏ ͏ ͏ ͏ ͏ ͏ ͏ ͏ ͏ ͏ ͏ ͏ ͏ ͏ ͏ ͏ ͏ ͏ ͏ ͏ ͏ ͏ ͏ ͏ ͏ ͏ ͏ ͏ ͏ ͏ ͏ ͏ ͏ ͏ ͏ ͏ ͏ ͏ ͏ ͏ ͏ ͏ ͏ ͏ ͏ ͏ ͏ ͏ ͏ ͏ ͏ ͏ ͏ ͏ ͏ ͏ ͏ ͏ ͏ ͏ ͏ ͏ ͏ ͏ ͏ ͏ ͏ ͏ ͏ ͏ ͏ ͏ ͏ ͏ ͏ ͏",3
1801,"(광고) 웹의 시작을 파헤치자! 퇴근길 밋업 #08 HTTP 편 참가 신청 오픈! 웹의 기본을 다시 다지고 싶다면? 안녕하세요, 인프런입니다. 10월 퇴근길 밋업에서는 지식공유자 김정환 님을 모시고 &quot;HTTP&quot; 를 주제로 진행해보려 합니다. 웹 개발의 근본을 짚어보고 싶은 분들이라면, 이번 밋업에 꼭 참여하셔서 고민도 나누고, 궁금증을 해소해 보세요. 가볍게 먹을 수 있는 샌드위치와 음료도 준비해둘게요. 퇴근길에 가볍게",1
1802,"뤼튼이 처음인 분들께 안내해드리는 뤼튼 이용 꿀팁 😉   뤼튼이 처음인 분들을 위해 준비했어요 길고 어려운 자료, 한 눈에 파악하고 싶다면? 완벽 요약 기능은 AI가 알아서 유튜브, pdf, docx, 웹사이트, 텍스트를 한 눈에 볼 수 있도록 요약해주는 기능이에요. 클릭 한 번으로 원하는 자료를 무제한 무료로 요약할 수 있어요! 뤼튼과 함께 방대한 자료를 빠르게 훑고, 핵심 내용만 완벽하게 파악해 보세요! 자료",3
1803,"Prime Big Deal Days ends tonight Join Prime to shop the final hours. Find deals on fashion, TVs, premium brands, and more.͏ ‌ ͏ ‌ ͏ ‌ ͏ ‌ ͏ ‌ ͏ ‌ ͏ ‌ ͏ ‌ ͏ ‌ ͏ ‌ ͏ ‌ ͏ ‌ ͏ ‌ ͏ ‌ ͏ ‌ ͏ ‌ ͏ ‌ ͏ ‌ ͏ ‌ ͏ ‌ ͏ ‌ ͏ ‌ ͏ ‌ ͏ ‌ ͏ ‌ ͏ ‌ ͏ ‌ ͏ ‌",1
1804,🎃 🎅 Be ready for all the holidays with this sale… Grab unlimited penny prints and 70% off custom cards! | View Online ‌ ‌ ‌ ‌ ‌ ‌ ‌ ‌ ‌ ‌ ‌ ‌ ‌ ‌ ‌ ‌ ‌ ‌ ‌ ‌ ‌ ‌ ‌ ‌ ‌ ‌ ‌ ‌ ‌ ‌ ‌ ‌ ‌ ‌ ‌ ‌ ‌ ‌ ‌ ‌ ‌ ‌ ‌ ‌ ‌ ‌ ‌ ‌ ‌ ‌ ‌ ‌ ‌ ‌ ‌ ‌ ‌ ‌ ‌ ‌ ‌ ‌ ‌ ‌ ‌ ‌ ‌,1
1805,"Can't miss deals: Up to 30% off fashion, 60% off BookTok titles, and 35% off headphones Join Prime to shop Prime Big Deal Days before its over and save 35% off computers, 15% off luxury beauty and more͏ ‌ ͏ ‌ ͏ ‌ ͏ ‌ ͏ ‌ ͏ ‌ ͏ ‌ ͏ ‌ ͏ ‌ ͏ ‌ ͏ ‌ ͏ ‌ ͏ ‌ ͏ ‌ ͏ ‌ ͏ ‌ ͏ ‌ ͏ ‌ ͏ ‌ ͏ ‌ ͏ ‌ ͏ ‌",1
1806,You don't want to miss this. Save while you still can! View in Browser Dell Technologies Dell Technologies View Products Call Now Live Chat View Products Call Now Live Chat Everyone loves rewards Only 24 hours left! Dell Rewards,3
1807,Feeling The Chill? ⛅ Enjoy up to 30% off mood-boosting essentials ͏ ͏ ͏ ͏ ͏ ͏ ͏ ͏ ͏ ͏ ͏ ͏ ͏ ͏ ͏ ͏ ͏ ͏ ͏ ͏ ͏ ͏ ͏ ͏ ͏ ͏ ͏ ͏ ͏ ͏ ͏ ͏ ͏ ͏ ͏ ͏ ͏ ͏ ͏ ͏ ͏ ͏ ͏ ͏ ͏ ͏ ͏ ͏ ͏ ͏ ͏ ͏ ͏ ͏ ͏ ͏ ͏ ͏ ͏ ͏ ͏ ͏ ͏ ͏ ͏ ͏ ͏ ͏ ͏ ͏ ͏ ͏ ͏ ͏ ͏ ͏ ͏ ͏,3
1808,Write like a Pro Get a full year of writing support for $12/month. ‌ ‌ ‌ ‌ ‌ ‌ ‌ ‌ ‌ ‌ ‌ ‌ ‌ ‌ ‌ ‌ ‌ ‌ ‌ ‌ ‌ ‌ ‌ ‌ ‌ ‌ ‌ ‌ ‌ ‌ ‌ ‌ ‌ ‌ ‌ ‌ ‌ ‌ ‌ ‌ ‌ ‌ ‌ ‌ ‌ ‌ ‌ ‌ ‌ ‌ ‌ ‌ ‌ ‌ ‌ ‌ ‌ ‌ ‌ ‌ ‌ ‌ ‌ ‌ ‌ ‌ ‌ ‌ ‌ ‌ ‌ ‌ ‌ ‌ ‌ ‌,3
1809,"The heist that cost retirees billions, how Californians could tilt Arizona's politics, and more Here&#39;s what you need to know. ͏ ͏ ͏ ͏ ͏ ͏ ͏ ͏ ͏ ͏ ͏ ͏ ͏ ͏ ͏ ͏ ͏ ͏ ͏ ͏ ͏ ͏ ͏ ͏ ͏ ͏ ͏ ͏ ͏ ͏ ͏ ͏ ͏ ͏ ͏ ͏ ͏ ͏ ͏ ͏ ͏ ͏ ͏ ͏ ͏ ͏ ͏ ͏ ͏ ͏ ͏ ͏ ͏ ͏ ͏ ͏ ͏ ͏ ͏ ͏ ͏ ͏ ͏ ͏ ͏ ͏ ͏ ͏ ͏ ͏ ͏ ͏ ͏ ͏ ͏ ͏ ͏ ͏ ͏ ͏ ͏ ͏ ͏ ͏",3
1810,"Last day to shop Prime Big Deal Days Major savings end tonight. Join Prime to shop 25% off Shopbop, up to 45% off Dyson and more.͏ ‌ ͏ ‌ ͏ ‌ ͏ ‌ ͏ ‌ ͏ ‌ ͏ ‌ ͏ ‌ ͏ ‌ ͏ ‌ ͏ ‌ ͏ ‌ ͏ ‌ ͏ ‌ ͏ ‌ ͏ ‌ ͏ ‌ ͏ ‌ ͏ ‌ ͏ ‌ ͏ ‌ ͏ ‌ ͏ ‌ ͏ ‌ ͏ ‌ ͏ ‌ ͏ ‌ ͏",1
1811,🥊 Score a knockout deal from Avast! Save 60% on 1 year of Avast Premium Security Avast Software View in browser Our striking deal steps into the ring: save 60% on 1 year! Save 60% Avast Premium Security $99.99 $39.99 / 1st yr. It&#39;s,1
1812,Try combining two photos Create imaginative compositions with this fast tutorial. ‌ ‌ ‌ ‌ ‌ ‌ ‌ ‌ ‌ ‌ ‌ ‌ ‌ ‌ ‌ ‌ ‌ ‌ ‌ ‌ ‌ ‌ ‌ ‌ ‌ ‌ ‌ ‌ ‌ ‌ ‌ ‌ ‌ ‌ ‌ ‌ ‌ ‌ ‌ ‌ ‌ ‌ ‌ ‌ ‌ ‌ ‌ ‌ ‌ ‌ ‌ ‌ Make something majestic. Follow this,3
1813,"Prime Big Deal Days is flying by Join Prime for extra low prices on apparel, TVs, premium brands, and more͏ ‌ ͏ ‌ ͏ ‌ ͏ ‌ ͏ ‌ ͏ ‌ ͏ ‌ ͏ ‌ ͏ ‌ ͏ ‌ ͏ ‌ ͏ ‌ ͏ ‌ ͏ ‌ ͏ ‌ ͏ ‌ ͏ ‌ ͏ ‌ ͏ ‌ ͏ ‌ ͏ ‌ ͏ ‌ ͏ ‌ ͏ ‌ ͏ ‌ ͏ ‌ ͏ ‌ ͏ ‌ ͏ ‌ ͏ ‌ ͏ ‌ ͏ ‌",1
1814,"Prime Big Deal Days is flying by! Don&#39;t miss extra low prices on apparel, TVs, premium brands, and more͏ ‌ ͏ ‌ ͏ ‌ ͏ ‌ ͏ ‌ ͏ ‌ ͏ ‌ ͏ ‌ ͏ ‌ ͏ ‌ ͏ ‌ ͏ ‌ ͏ ‌ ͏ ‌ ͏ ‌ ͏ ‌ ͏ ‌ ͏ ‌ ͏ ‌ ͏ ‌ ͏ ‌ ͏ ‌ ͏ ‌ ͏ ‌ ͏ ‌ ͏ ‌ ͏ ‌ ͏ ‌ ͏ ‌ ͏ ‌ ͏ ‌ ͏ ‌",1
1815,"💲 The Flash Sale is ONLY here for 48 hours! This won't last long... It's just you, Best Buy, and a bunch of deals. 💲 Plus, Explore the Outlet Event for really great deals. View: Web Andy K. | View Account &gt; My Best Buy™ Free next-day delivery on thousands of items.* BEST BUY Top Deals &gt; Clearance &gt; TVs",1
1816,"Wake up, Dosa Awakening is now available! &quot;The long journey&#39;s end...how lonely it is.&quot; Today Dosa Awakens! Control the 5 elements at will with Awakened Dosa. Wood (木) - Fire (火) - Earth (土) - Metal (金) - Water (水) Discover how",3
1817,Prime Big Deal Days is going strong Join Prime to save big today͏ ‌ ͏ ‌ ͏ ‌ ͏ ‌ ͏ ‌ ͏ ‌ ͏ ‌ ͏ ‌ ͏ ‌ ͏ ‌ ͏ ‌ ͏ ‌ ͏ ‌ ͏ ‌ ͏ ‌ ͏ ‌ ͏ ‌ ͏ ‌ ͏ ‌ ͏ ‌ ͏ ‌ ͏ ‌ ͏ ‌ ͏ ‌ ͏ ‌ ͏ ‌ ͏ ‌ ͏ ‌ ͏ ‌ ͏ ‌ ͏ ‌ ͏ ‌ ͏ ‌ ͏ ‌ ͏ ‌ ͏ ‌ ͏ ‌ ͏ ‌ ͏ ‌ ͏ ‌ ͏ ‌ ͏ ‌ ͏ ‌ ͏,1
1818,Incredible savings inside! Save up to $750 now. View in Browser Dell Technologies Dell Technologies View Products Call Now Live Chat View Products Call Now Live Chat Everyone loves rewards 48 hours only! Earn 2x Dell Rewards,3
1819,20% Off Ends TONIGHT Inside - Win a YEAR of free shipping! ͏ ͏ ͏ ͏ ͏ ͏ ͏ ͏ ͏ ͏ ͏ ͏ ͏ ͏ ͏ ͏ ͏ ͏ ͏ ͏ ͏ ͏ ͏ ͏ ͏ ͏ ͏ ͏ ͏ ͏ ͏ ͏ ͏ ͏ ͏ ͏ ͏ ͏ ͏ ͏ ͏ ͏ ͏ ͏ ͏ ͏ ͏ ͏ ͏ ͏ ͏ ͏ ͏ ͏ ͏ ͏ ͏ ͏ ͏ ͏ ͏ ͏ ͏ ͏ ͏ ͏ ͏ ͏ ͏ ͏ ͏ ͏ ͏ ͏ ͏ ͏ ͏ ͏ ͏ ͏ ͏ ͏,3
1821,Level up your docs with visuals Do it easily with Canva Docs ͏ ͏ ͏ ͏ ͏ ͏ ͏ ͏ ͏ ͏ ͏ ͏ ͏ ͏ ͏ ͏ ͏ ͏ ͏ ͏ ͏ ͏ ͏ ͏ ͏ ͏ ͏ ͏ ͏ ͏ ͏ ͏ ͏ ͏ ͏ ͏ ͏ ͏ ͏ ͏ ͏ ͏ ͏ ͏ ͏ ͏ ͏ ͏ ͏ ͏ ͏ ͏ ͏ ͏ ͏ ͏ ͏ ͏ ͏ ͏ ͏ ͏ ͏ ͏ ͏ ͏ ͏ ͏ ͏ ͏ ͏ ͏ ͏ ͏ ͏ ͏ ͏ ͏ ͏ ͏ ͏ ͏ ͏ ͏ ͏ ͏,3
1822,"20% off new health insights this Health Literacy Month Keep stress, fatigue, and autoimmune issues in check with Quest ‌ ‌ ‌ ‌ ‌ ‌ ‌ ‌ ‌ ‌ ‌ ‌ ‌ ‌ ‌ ‌ ‌ ‌ ‌ ‌ ‌ ‌ ‌ ‌ ‌ ‌ ‌ ‌ ‌ ‌ ‌ ‌ ‌ ‌ ‌ ‌ ‌ ‌ ‌ ‌ ‌ ‌ ‌ ‌ ‌ ‌ ‌ ‌ ‌ ‌ ‌ ‌ ‌ ‌ ‌ ‌ ‌ ‌ ‌ ‌ ‌ ‌ ‌ ‌ ‌ ‌ ‌ ‌ ‌",3
1823,"How inflammation ages you, the discovery of a long-lost warship, and more Here&#39;s what you need to know. ͏ ͏ ͏ ͏ ͏ ͏ ͏ ͏ ͏ ͏ ͏ ͏ ͏ ͏ ͏ ͏ ͏ ͏ ͏ ͏ ͏ ͏ ͏ ͏ ͏ ͏ ͏ ͏ ͏ ͏ ͏ ͏ ͏ ͏ ͏ ͏ ͏ ͏ ͏ ͏ ͏ ͏ ͏ ͏ ͏ ͏ ͏ ͏ ͏ ͏ ͏ ͏ ͏ ͏ ͏ ͏ ͏ ͏ ͏ ͏ ͏ ͏ ͏ ͏ ͏ ͏ ͏ ͏ ͏ ͏ ͏ ͏ ͏ ͏ ͏ ͏ ͏ ͏ ͏ ͏ ͏ ͏ ͏ ͏",3
1824,"Re: Andy Kang board and upgrade ⚠️ Your email to elee823@gmail.com has not been opened yet. Snooze for 24H, 48H or 72H ( disable)",3
1825,Seasonal Shopping has arrived. Get inspired by Dell AI PCs. View in Browser Dell Technologies Dell Technologies View Products Call Now Live Chat View Products Call Now Live Chat A new AI era begins Everyone loves rewards Dell,1
1826,You’re on a writing roll Bravo on your latest stats! ‌ ‌ ‌ ‌ ‌ ‌ ‌ ‌ ‌ ‌ ‌ ‌ ‌ ‌ ‌ ‌ ‌ ‌ ‌ ‌ ‌ ‌ ‌ ‌ ‌ ‌ ‌ ‌ ‌ ‌ ‌ ‌ ‌ ‌ ‌ ‌ ‌ ‌ ‌ ‌ ‌ ‌ ‌ ‌ ‌ ‌ ‌ ‌ ‌ ‌ ‌ ‌ ‌ ‌ ‌ ‌ ‌ ‌ ‌ ‌ ‌ ‌ ‌ ‌ ‌ ‌ ‌ ‌ ‌ ‌ ‌ ‌ ‌ ‌ ‌ ‌ ‌ ‌ ‌ ‌ ‌ ‌ ‌ ‌ ‌ ‌ ‌,3
1828,"20% OFF Sitewide & Free Shipping Starts NOW Plus, win free shipping FOR A YEAR! ͏ ͏ ͏ ͏ ͏ ͏ ͏ ͏ ͏ ͏ ͏ ͏ ͏ ͏ ͏ ͏ ͏ ͏ ͏ ͏ ͏ ͏ ͏ ͏ ͏ ͏ ͏ ͏ ͏ ͏ ͏ ͏ ͏ ͏ ͏ ͏ ͏ ͏ ͏ ͏ ͏ ͏ ͏ ͏ ͏ ͏ ͏ ͏ ͏ ͏ ͏ ͏ ͏ ͏ ͏ ͏ ͏ ͏ ͏ ͏ ͏ ͏ ͏ ͏ ͏ ͏ ͏ ͏ ͏ ͏ ͏ ͏ ͏ ͏ ͏ ͏ ͏ ͏ ͏ ͏ ͏ ͏ ͏",3
1829,"Why strokes are on the rise, the solution for giant killer cars, and more Here&#39;s what you need to know. ͏ ͏ ͏ ͏ ͏ ͏ ͏ ͏ ͏ ͏ ͏ ͏ ͏ ͏ ͏ ͏ ͏ ͏ ͏ ͏ ͏ ͏ ͏ ͏ ͏ ͏ ͏ ͏ ͏ ͏ ͏ ͏ ͏ ͏ ͏ ͏ ͏ ͏ ͏ ͏ ͏ ͏ ͏ ͏ ͏ ͏ ͏ ͏ ͏ ͏ ͏ ͏ ͏ ͏ ͏ ͏ ͏ ͏ ͏ ͏ ͏ ͏ ͏ ͏ ͏ ͏ ͏ ͏ ͏ ͏ ͏ ͏ ͏ ͏ ͏ ͏ ͏ ͏ ͏ ͏ ͏ ͏ ͏ ͏",3
1830,"Mailsuite Daily Report Oct 6, 2024: 1 email sent, 1 unread Mailsuite Mailsuite Daily Report Oct 6, 2024 Summary (10/06/24, 7:00 AM - 10/07/24, 7:00 AM) 1 emails sent 0% were read 0% were clicked Unread (1) Andy Kang board and upgrade Oct 6, 2024 at 6:39 PM To:",3
1831,"New reply to a comment on ""[ 탑 피들스틱 vs 베인 ] 무편집"" New reply to a comment on &quot;[ 탑 피들스틱 vs 베인 ] 무편집&quot; Youtube Logo 🌟 @TopSticks. replied to WL&#39;s comment [ 탑 피들스틱 vs 베인 ] 무편집 @TopSticks. 원래 그래요 ㅎㅎ저도 못먹음 Reply If you no longer wish to receive",3
1832,"(광고)(설문조사) 정년퇴직 후 근로 안녕하세요. 커리어 플랫폼 사람인입니다. 사람인에서 성인남녀를 대상으로 “정년퇴직 후 근로, 은퇴 준비”라는 주제로 설문을 진행합니다. 설문에 참여하신 회원님들의 의견을 소중히 모아 고스란히 전달하겠습니다. 약 1분의 귀한 시간을 내주시길 부탁 드립니다. 설문 조사 참여하기 이 설문은 개인정보가 보호되며 자료분석 및 언론 보도용으로만 사용될 예정입니다.",1
1833,Get to know layers Unlock the power of layers to start making anything you imagine. ‌ ‌ ‌ ‌ ‌ ‌ ‌ ‌ ‌ ‌ ‌ ‌ ‌ ‌ ‌ ‌ ‌ ‌ ‌ ‌ ‌ ‌ ‌ ‌ ‌ ‌ ‌ ‌ ‌ ‌ ‌ ‌ ‌ ‌ ‌ ‌ ‌ ‌ ‌ ‌ ‌ ‌ ‌ ‌ ‌ ‌ ‌ ‌ ‌ ‌ ‌ ‌ Cut. Collage. Create. Layers are,3
1834,"[인프런] 지식공유자 김영한님이 새소식을 등록했어요.📫 지식공유자 김영한님이 새소식을 등록했어요. 김영한의 실전 자바 고급2편 - , I/O, 네트워크, 리플렉션 강의 오픈 김영한 2024-10-07 안녕하세요. 여러분^^! 자바 고급 2편 강의를 드디어 오픈했습니다. 오픈 기념으로 저의 모든 강의를 30% 할인합니다^^! 강의 링크: https://inf.run/puD14 김영한의 실전 자바 - 고급 2편 *",3
1835,"Andy Kang board and upgrade Sent with Mailsuite · Unsubscribe 10/06/24, 06:39:14 PM",1
1836,Just in: Your recommended picks Explore Khloé Kardashian&#39;s early deal picks and the Holiday Shop͏ ‌ ͏ ‌ ͏ ‌ ͏ ‌ ͏ ‌ ͏ ‌ ͏ ‌ ͏ ‌ ͏ ‌ ͏ ‌ ͏ ‌ ͏ ‌ ͏ ‌ ͏ ‌ ͏ ‌ ͏ ‌ ͏ ‌ ͏ ‌ ͏ ‌ ͏ ‌ ͏ ‌ ͏ ‌ ͏ ‌ ͏ ‌ ͏ ‌ ͏ ‌ ͏ ‌ ͏ ‌ ͏ ‌ ͏ ‌ ͏ ‌ ͏ ‌ ͏ ‌ ͏,1
1837,End PMS & Menopause Symptoms Now Last chance to save 30% ͏ ͏ ͏ ͏ ͏ ͏ ͏ ͏ ͏ ͏ ͏ ͏ ͏ ͏ ͏ ͏ ͏ ͏ ͏ ͏ ͏ ͏ ͏ ͏ ͏ ͏ ͏ ͏ ͏ ͏ ͏ ͏ ͏ ͏ ͏ ͏ ͏ ͏ ͏ ͏ ͏ ͏ ͏ ͏ ͏ ͏ ͏ ͏ ͏ ͏ ͏ ͏ ͏ ͏ ͏ ͏ ͏ ͏ ͏ ͏ ͏ ͏ ͏ ͏ ͏ ͏ ͏ ͏ ͏ ͏ ͏ ͏ ͏ ͏ ͏ ͏ ͏ ͏ ͏ ͏ ͏ ͏ ͏ ͏ ͏ ͏ ͏ ͏ ͏,3
1838,20% off tests for Health Literacy Month Let&#39;s take a closer look at your baseline health this month ‌ ‌ ‌ ‌ ‌ ‌ ‌ ‌ ‌ ‌ ‌ ‌ ‌ ‌ ‌ ‌ ‌ ‌ ‌ ‌ ‌ ‌ ‌ ‌ ‌ ‌ ‌ ‌ ‌ ‌ ‌ ‌ ‌ ‌ ‌ ‌ ‌ ‌ ‌ ‌ ‌ ‌ ‌ ‌ ‌ ‌ ‌ ‌ ‌ ‌ ‌ ‌ ‌ ‌ ‌ ‌ ‌ ‌ ‌ ‌ ‌ ‌ ‌ ‌ ‌ ‌ ‌ ‌ ‌,3
1839,"The No. 1 way Americans are becoming millionaires, why tech jobs have dried up, and more Good morning from Apple News. Here are some stories to help make the most of your money and your time. ͏ ͏ ͏ ͏ ͏ ͏ ͏ ͏ ͏ ͏ ͏ ͏ ͏ ͏ ͏ ͏ ͏ ͏ ͏ ͏ ͏ ͏ ͏ ͏ ͏ ͏ ͏ ͏ ͏ ͏ ͏ ͏ ͏ ͏ ͏ ͏ ͏ ͏ ͏ ͏ ͏ ͏ ͏ ͏ ͏ ͏ ͏ ͏ ͏",3
1840,"Early holiday gifts: top trends, unique finds & more Ideas for everyone on your list͏ ‌ ͏ ‌ ͏ ‌ ͏ ‌ ͏ ‌ ͏ ‌ ͏ ‌ ͏ ‌ ͏ ‌ ͏ ‌ ͏ ‌ ͏ ‌ ͏ ‌ ͏ ‌ ͏ ‌ ͏ ‌ ͏ ‌ ͏ ‌ ͏ ‌ ͏ ‌ ͏ ‌ ͏ ‌ ͏ ‌ ͏ ‌ ͏ ‌ ͏ ‌ ͏ ‌ ͏ ‌ ͏ ‌ ͏ ‌ ͏ ‌ ͏ ‌ ͏ ‌ ͏ ‌ ͏ ‌ ͏ ‌ ͏ ‌ ͏ ‌ ͏ ‌ ͏ ‌ ͏ ‌ ͏ ‌ ͏",3
1841,"💬 김용님이 게시물에 댓글을 남겼습니다 https://youtu.be/IayzaUyIJDY?si=NTSXlpCF... 💬 김용님이 게시물에 댓글을 남겼습니다 10월 4일 오후 8:26 보기 김용님 외 24명이 공감했습니다. skk126skk126@gmail.com 주소로 전송된 메시지입니다. 앞으로 Meta로부터 이와 같은 이메일을 받지 않으려면 그만 받기를 누르세요. Meta Platforms,",5
1842,"Why America's young men are struggling, the rise of ""gray divorce,"" and more Good morning from Apple News. Here are some great reads for the weekend. ͏ ͏ ͏ ͏ ͏ ͏ ͏ ͏ ͏ ͏ ͏ ͏ ͏ ͏ ͏ ͏ ͏ ͏ ͏ ͏ ͏ ͏ ͏ ͏ ͏ ͏ ͏ ͏ ͏ ͏ ͏ ͏ ͏ ͏ ͏ ͏ ͏ ͏ ͏ ͏ ͏ ͏ ͏ ͏ ͏ ͏ ͏ ͏ ͏ ͏ ͏ ͏ ͏ ͏ ͏ ͏ ͏ ͏ ͏ ͏ ͏ ͏ ͏ ͏",3
1843,"[인프런] 지식공유자 기술노트with알렉님이 새소식을 등록했어요.📫 지식공유자 기술노트with알렉님이 새소식을 등록했어요. AWS 클라우드 실습 강의 영상 추가 (오토스케일링, 서버리스) 기술노트with알렉 2024-10-05 안녕하세요~ 기술노트 알렉입니다. AWS 클라우드 강의에 유용한 실습 강의(오토스케일링(Autoscaling), 서버리스 구축)를 추가했습니다. 클라우드를 처음 접하시는 분들도 이해하실 수 있는 이론",3
1845,Give your photos a change of scenery Learn how to change backgrounds in just a few steps. ‌ ‌ ‌ ‌ ‌ ‌ ‌ ‌ ‌ ‌ ‌ ‌ ‌ ‌ ‌ ‌ ‌ ‌ ‌ ‌ ‌ ‌ ‌ ‌ ‌ ‌ ‌ ‌ ‌ ‌ ‌ ‌ ‌ ‌ ‌ ‌ ‌ ‌ ‌ ‌ ‌ ‌ ‌ ‌ ‌ ‌ ‌ ‌ ‌ ‌ ‌ ‌ Set the scene. Change the background of your,3
1846,구매 확인 안내 ScaryClown 님 구매에 감사드립니다. 구매가 완료되었습니다. 구매상품: 1380 RP 결제금액: US$11.87 본 구매 내역에 대해 고객센터에 문의하실 경우 꼭 아래 정보를 함께 알려주세요. 일시: 2024년 10월 5일 오전 1시 7분 25초 GMT UTC 거래번호: LN4E8VGH529V 결제수단: Credit/Debit card 거래 조건에,3
1848,"Here's our update... 4K TVs as low as $149.99 means it's a great time to buy - enjoy vivid home entertainment! Plus, don&#39;t miss the Outlet Event, on now. View: Web Andy K. | View Account &gt; My Best Buy™ Free next-day delivery on thousands of items.* BEST BUY Top Deals &gt; Clearance &gt; TVs Computers",1
1849,"The Coffee Giants Are Nervous, Meet The New Energy Hero This caffeine alternative is taking over ͏ ͏ ͏ ͏ ͏ ͏ ͏ ͏ ͏ ͏ ͏ ͏ ͏ ͏ ͏ ͏ ͏ ͏ ͏ ͏ ͏ ͏ ͏ ͏ ͏ ͏ ͏ ͏ ͏ ͏ ͏ ͏ ͏ ͏ ͏ ͏ ͏ ͏ ͏ ͏ ͏ ͏ ͏ ͏ ͏ ͏ ͏ ͏ ͏ ͏ ͏ ͏ ͏ ͏ ͏ ͏ ͏ ͏ ͏ ͏ ͏ ͏ ͏ ͏ ͏ ͏ ͏ ͏ ͏ ͏ ͏ ͏ ͏ ͏ ͏ ͏ ͏ ͏ ͏ ͏",3
1850,📖 Top editorial Songbook picks for October 04 The most popular new Songbooks at MuseScore ͏ ͏ ͏ ͏ ͏ ͏ ͏ ͏ ͏ ͏ ͏ ͏ ͏ ͏ ͏ ͏ ͏ ͏ ͏ ͏ ͏ ͏ ͏ ͏ ͏ ͏ ͏ ͏ ͏ ͏ ͏ ͏ ͏ ͏ ͏ ͏ ͏ ͏ ͏ ͏ ͏ ͏ ͏ ͏ ͏ ͏ ͏ ͏ ͏ ͏ ͏ ͏ ͏ ͏ ͏ ͏ ͏ ͏ ͏ ͏ ͏ ͏ ͏ ͏ ͏ ͏ ͏ ͏ ͏ ͏ ͏ ͏ ͏ ͏ ͏ ͏ ͏ ͏ ͏,3
1852,"Introducing MongoDB 8.0 The fastest and most cost-effective version of Atlas ever. Introducing the fastest, highest-performing, and most cost-effective version of MongoDB Atlas ever. See what&#39;s new Highlights of MongoDB",5
1853,"Melania Trump's surprising abortion stance, the battle over a shipwreck worth billions, and more Here&#39;s what you need to know. ͏ ͏ ͏ ͏ ͏ ͏ ͏ ͏ ͏ ͏ ͏ ͏ ͏ ͏ ͏ ͏ ͏ ͏ ͏ ͏ ͏ ͏ ͏ ͏ ͏ ͏ ͏ ͏ ͏ ͏ ͏ ͏ ͏ ͏ ͏ ͏ ͏ ͏ ͏ ͏ ͏ ͏ ͏ ͏ ͏ ͏ ͏ ͏ ͏ ͏ ͏ ͏ ͏ ͏ ͏ ͏ ͏ ͏ ͏ ͏ ͏ ͏ ͏ ͏ ͏ ͏ ͏ ͏ ͏ ͏ ͏ ͏ ͏ ͏ ͏ ͏ ͏ ͏ ͏ ͏ ͏ ͏ ͏ ͏",3
1854,"September news: Dive into mixed reality on the new Meta Quest 3S Plus, exciting announcements from Meta Connect 2024. ‌ ‌ ‌ ‌ ‌ ‌ ‌ ‌ ‌ ‌ ‌ ‌ ‌ ‌ ‌ ‌ ‌ ‌ ‌ ‌ ‌ ‌ ‌ ‌ ‌ ‌ ‌ ‌ ‌ ‌ ‌ ‌ ‌ ‌ ‌ ‌ ‌ ‌ ‌ ‌ ‌ ‌ ‌ ‌ ‌ ‌ ‌ ‌ ‌ ‌ ‌ ‌ ‌ ‌ ‌ ‌ ‌ ‌ ‌ ‌ ‌ ‌ ‌ ‌ ‌ ‌ ‌ ‌ ‌ ‌ ‌ ‌ ‌ ‌",3
1855,"🌎 mo, your September update mo, here&#39;s your new Timeline update You&#39;re receiving this email because you turned on Location History, a Google Account-level setting that creates Timeline, a personal map of your visited",3
1856,Get started with Photoshop Create your first image with this quick in-app tutorial. ‌ ‌ ‌ ‌ ‌ ‌ ‌ ‌ ‌ ‌ ‌ ‌ ‌ ‌ ‌ ‌ ‌ ‌ ‌ ‌ ‌ ‌ ‌ ‌ ‌ ‌ ‌ ‌ ‌ ‌ ‌ ‌ ‌ ‌ ‌ ‌ ‌ ‌ ‌ ‌ ‌ ‌ ‌ ‌ ‌ ‌ ‌ ‌ ‌ ‌ ‌ ‌ Get to know Photoshop. Start with this,3
1857,"Five days to Prime Big Deal Days: Get a head start with early deals Score up to 44% off Ninja appliances, 54% off Amazon devices and more early deals͏ ‌ ͏ ‌ ͏ ‌ ͏ ‌ ͏ ‌ ͏ ‌ ͏ ‌ ͏ ‌ ͏ ‌ ͏ ‌ ͏ ‌ ͏ ‌ ͏ ‌ ͏ ‌ ͏ ‌ ͏ ‌ ͏ ‌ ͏ ‌ ͏ ‌ ͏ ‌ ͏ ‌ ͏ ‌ ͏ ‌ ͏ ‌ ͏ ‌ ͏ ‌ ͏ ‌ ͏ ‌ ͏ ‌ ͏ ‌",1
1859,"What They Never Told You About PMS PMS hacks, menopause weight loss, &amp; perimenopause prep inside! ͏ ͏ ͏ ͏ ͏ ͏ ͏ ͏ ͏ ͏ ͏ ͏ ͏ ͏ ͏ ͏ ͏ ͏ ͏ ͏ ͏ ͏ ͏ ͏ ͏ ͏ ͏ ͏ ͏ ͏ ͏ ͏ ͏ ͏ ͏ ͏ ͏ ͏ ͏ ͏ ͏ ͏ ͏ ͏ ͏ ͏ ͏ ͏ ͏ ͏ ͏ ͏ ͏ ͏ ͏ ͏ ͏ ͏ ͏ ͏ ͏ ͏ ͏ ͏ ͏ ͏ ͏",3
1860,Keep your design flow going Explore these Canva features to help you out ͏ ͏ ͏ ͏ ͏ ͏ ͏ ͏ ͏ ͏ ͏ ͏ ͏ ͏ ͏ ͏ ͏ ͏ ͏ ͏ ͏ ͏ ͏ ͏ ͏ ͏ ͏ ͏ ͏ ͏ ͏ ͏ ͏ ͏ ͏ ͏ ͏ ͏ ͏ ͏ ͏ ͏ ͏ ͏ ͏ ͏ ͏ ͏ ͏ ͏ ͏ ͏ ͏ ͏ ͏ ͏ ͏ ͏ ͏ ͏ ͏ ͏ ͏ ͏ ͏ ͏ ͏ ͏ ͏ ͏ ͏ ͏ ͏ ͏ ͏ ͏ ͏ ͏,3
1861,Score spooky-good Halloween deals Save big—plus shop costumes and more͏ ‌ ͏ ‌ ͏ ‌ ͏ ‌ ͏ ‌ ͏ ‌ ͏ ‌ ͏ ‌ ͏ ‌ ͏ ‌ ͏ ‌ ͏ ‌ ͏ ‌ ͏ ‌ ͏ ‌ ͏ ‌ ͏ ‌ ͏ ‌ ͏ ‌ ͏ ‌ ͏ ‌ ͏ ‌ ͏ ‌ ͏ ‌ ͏ ‌ ͏ ‌ ͏ ‌ ͏ ‌ ͏ ‌ ͏ ‌ ͏ ‌ ͏ ‌ ͏ ‌ ͏ ‌ ͏ ‌ ͏ ‌ ͏ ‌ ͏ ‌ ͏ ‌ ͏ ‌ ͏ ‌ ͏,1
1862,"Your MongoDB Atlas M0 cluster has been automatically paused due to prolonged inactivity ORGANIZATION mo&#39;s Org - 2024-08-02 PROJECT Project 0 Hi mo, Your M0 free tier cluster, Cluster0, was automatically paused at 5:23 AM EDT on 2024/10/03 due to prolonged inactivity. All of your",3
1863,"Welcome to Lumin Welcome to Lumin Hi mo Cho, Welcome to an easier way to edit and manage your documents with Lumin. It&#39;s great to have you on board! 🎉 Visit our products and get started using our suite of digital",2
1864,"탑스틱 topsticks loves your comment Youtube Logo 탑스틱 topsticks loves your comment 미드 최약체 꿀잼대전 | 탑스틱 topsticks @mocho5604 요즘은 미드가 이기기 좋은듯 합니다 View hearted comment If you no longer wish to receive emails about comments and replies, you can",3
1865,Welcome to Photoshop Let your creativity blossom with your favorite image editing and design tool. ‌ ‌ ‌ ‌ ‌ ‌ ‌ ‌ ‌ ‌ ‌ ‌ ‌ ‌ ‌ ‌ ‌ ‌ ‌ ‌ ‌ ‌ ‌ ‌ ‌ ‌ ‌ ‌ ‌ ‌ ‌ ‌ ‌ ‌ ‌ ‌ ‌ ‌ ‌ ‌ ‌ ‌ ‌ ‌ ‌ ‌ ‌ ‌ ‌ ‌ ‌ ‌ Creativity without,2
1866,"Thanks for your purchase! Here&#39;s more info about your Adobe free trial. ‌ ‌ ‌ ‌ ‌ ‌ ‌ ‌ ‌ ‌ ‌ ‌ ‌ ‌ ‌ ‌ ‌ ‌ ‌ ‌ ‌ ‌ ‌ ‌ ‌ ‌ ‌ ‌ ‌ ‌ ‌ ‌ ‌ ‌ ‌ ‌ ‌ ‌ ‌ ‌ ‌ ‌ ‌ ‌ ‌ ‌ ‌ ‌ ‌ ‌ ‌ ‌ DONGHYUK, welcome to your free trial of",2
1867,"Welcome to Adobe You recently created an Adobe ID. ‌ ‌ ‌ ‌ ‌ ‌ ‌ ‌ ‌ ‌ ‌ ‌ ‌ ‌ ‌ ‌ ‌ ‌ ‌ ‌ ‌ ‌ ‌ ‌ ‌ ‌ ‌ ‌ ‌ ‌ ‌ ‌ ‌ ‌ ‌ ‌ ‌ ‌ ‌ ‌ ‌ ‌ ‌ ‌ ‌ ‌ ‌ ‌ ‌ ‌ ‌ ‌ Dear Andy Kang, You recently created an Adobe ID. Your Adobe ID",2
1869,PMSing? 😡🎭🌋🍫😫 How to make that time of the month a little less dramatic ͏ ͏ ͏ ͏ ͏ ͏ ͏ ͏ ͏ ͏ ͏ ͏ ͏ ͏ ͏ ͏ ͏ ͏ ͏ ͏ ͏ ͏ ͏ ͏ ͏ ͏ ͏ ͏ ͏ ͏ ͏ ͏ ͏ ͏ ͏ ͏ ͏ ͏ ͏ ͏ ͏ ͏ ͏ ͏ ͏ ͏ ͏ ͏ ͏ ͏ ͏ ͏ ͏ ͏ ͏ ͏ ͏ ͏ ͏ ͏ ͏ ͏ ͏ ͏ ͏ ͏ ͏ ͏ ͏ ͏ ͏ ͏,3
1870,"Why colleges in the South are so popular, the potential Picasso found in a cellar, and more Here&#39;s what you need to know. ͏ ͏ ͏ ͏ ͏ ͏ ͏ ͏ ͏ ͏ ͏ ͏ ͏ ͏ ͏ ͏ ͏ ͏ ͏ ͏ ͏ ͏ ͏ ͏ ͏ ͏ ͏ ͏ ͏ ͏ ͏ ͏ ͏ ͏ ͏ ͏ ͏ ͏ ͏ ͏ ͏ ͏ ͏ ͏ ͏ ͏ ͏ ͏ ͏ ͏ ͏ ͏ ͏ ͏ ͏ ͏ ͏ ͏ ͏ ͏ ͏ ͏ ͏ ͏ ͏ ͏ ͏ ͏ ͏ ͏ ͏ ͏ ͏ ͏ ͏ ͏ ͏ ͏ ͏ ͏ ͏ ͏ ͏ ͏",3
1871,"Amazon.com order of D01-2517576-6697839. Amazon Order Confirmation Hello AndyKang, Thank you for shopping with us. You can find all your new and previous music in Your Music Library. Instantly play your music anywhere by downloading one of",1
1872,"Amazon.com order of D01-7928801-8176249. Amazon Order Confirmation Hello AndyKang, Thank you for shopping with us. You can find all your new and previous music in Your Music Library. Instantly play your music anywhere by downloading one of",1
1873,"Amazon.com order of D01-6092973-0803429. Amazon Order Confirmation Hello AndyKang, Thank you for shopping with us. You can find all your new and previous music in Your Music Library. Instantly play your music anywhere by downloading one of",1
1874,"Amazon.com order of D01-1973942-7161860. Amazon Order Confirmation Hello AndyKang, Thank you for shopping with us. You can find all your new and previous music in Your Music Library. Instantly play your music anywhere by downloading one of",1
1875,"[인프런] 지식공유자 김영한님이 새소식을 등록했어요.📫 지식공유자 김영한님이 새소식을 등록했어요. 김영한의 실전 자바 - 고급 2편, I/O, 네트워크, 리플렉션 오픈 일정 확정 김영한 2024-10-02 안녕하세요. 여러분 김영한의 실전 자바 - 고급 2편, I/O, 네트워크, 리플렉션 오픈 일정이 10월 7일(월) ~ 10월 11(금) 사이에 오픈하는 것으로 확정 되었습니다. 강의 시간: 21시간 35분 강의",4
1877,"Oct. 8-9 is Prime Big Deal Days Shop early deals on Kindle books, influencer picks and more͏ ‌ ͏ ‌ ͏ ‌ ͏ ‌ ͏ ‌ ͏ ‌ ͏ ‌ ͏ ‌ ͏ ‌ ͏ ‌ ͏ ‌ ͏ ‌ ͏ ‌ ͏ ‌ ͏ ‌ ͏ ‌ ͏ ‌ ͏ ‌ ͏ ‌ ͏ ‌ ͏ ‌ ͏ ‌ ͏ ‌ ͏ ‌ ͏ ‌ ͏ ‌ ͏ ‌ ͏ ‌ ͏ ‌ ͏ ‌ ͏ ‌ ͏ ‌ ͏ ‌ ͏ ‌ ͏ ‌ ͏",1
1878,Thanks and welcome to Best Buy Shop now for the latest deals and special offers from Best Buy. View: Web Andy K. | View Account &gt; My Best Buy™ Free next-day delivery on thousands of items.* BEST BUY Top Deals &gt; Clearance &gt;,1
1879,"The U.S. cities curbing violent crime, why Earth's atmosphere is leaking, and more Here&#39;s what you need to know. ͏ ͏ ͏ ͏ ͏ ͏ ͏ ͏ ͏ ͏ ͏ ͏ ͏ ͏ ͏ ͏ ͏ ͏ ͏ ͏ ͏ ͏ ͏ ͏ ͏ ͏ ͏ ͏ ͏ ͏ ͏ ͏ ͏ ͏ ͏ ͏ ͏ ͏ ͏ ͏ ͏ ͏ ͏ ͏ ͏ ͏ ͏ ͏ ͏ ͏ ͏ ͏ ͏ ͏ ͏ ͏ ͏ ͏ ͏ ͏ ͏ ͏ ͏ ͏ ͏ ͏ ͏ ͏ ͏ ͏ ͏ ͏ ͏ ͏ ͏ ͏ ͏ ͏ ͏ ͏ ͏ ͏ ͏ ͏",3
1880,"안녕하세요, Cho mo님. 회원님의 Dropbox 계정에서 새로운 로그인이 감지되었습니다. 안녕하세요, Cho mo님 새 computer에서 회원님의 Dropbox 계정에 방금 로그인했습니다. 계정을 안전하게 보호하기 위해 회원님이 로그인한 것이 맞는지 알려주시기 바랍니다. 회원님이 맞나요? 시간: Sep 30, 2024 at 2:04 pm (EDT) 장치: Desktop Client on Windows 11 22631 예 아니요 확실하지 않음",3
1881,"안녕하세요, Cho mo님. 회원님의 Dropbox 계정에서 새로운 로그인이 감지되었습니다. 안녕하세요, Cho mo님 새 웹 브라우저에서 회원님의 Dropbox 계정에 방금 로그인했습니다. 계정을 안전하게 보호하기 위해 회원님이 로그인한 것이 맞는지 알려주시기 바랍니다. 회원님이 맞나요? 시간: Sep 30, 2024 at 2:02 pm (EDT) 장치: Windows 상의 Chrome 예 아니요 확실하지 않음 계정 보호 방법에 대해 자세히",3
1883,Girl Talk 🚺 Could ignoring your symptoms be ruining your mental health?? ͏ ͏ ͏ ͏ ͏ ͏ ͏ ͏ ͏ ͏ ͏ ͏ ͏ ͏ ͏ ͏ ͏ ͏ ͏ ͏ ͏ ͏ ͏ ͏ ͏ ͏ ͏ ͏ ͏ ͏ ͏ ͏ ͏ ͏ ͏ ͏ ͏ ͏ ͏ ͏ ͏ ͏ ͏ ͏ ͏ ͏ ͏ ͏ ͏ ͏ ͏ ͏ ͏ ͏ ͏ ͏ ͏ ͏ ͏ ͏ ͏ ͏ ͏ ͏ ͏ ͏ ͏ ͏ ͏ ͏,3
1884,"The dangers of snoring, why egg prices are spiking again, and more Here&#39;s what you need to know. ͏ ͏ ͏ ͏ ͏ ͏ ͏ ͏ ͏ ͏ ͏ ͏ ͏ ͏ ͏ ͏ ͏ ͏ ͏ ͏ ͏ ͏ ͏ ͏ ͏ ͏ ͏ ͏ ͏ ͏ ͏ ͏ ͏ ͏ ͏ ͏ ͏ ͏ ͏ ͏ ͏ ͏ ͏ ͏ ͏ ͏ ͏ ͏ ͏ ͏ ͏ ͏ ͏ ͏ ͏ ͏ ͏ ͏ ͏ ͏ ͏ ͏ ͏ ͏ ͏ ͏ ͏ ͏ ͏ ͏ ͏ ͏ ͏ ͏ ͏ ͏ ͏ ͏ ͏ ͏ ͏ ͏ ͏ ͏",3
1885,"내 Steam 계정: 새로운 컴퓨터로 접속 Steam skk750 님, 새로운 기기로 로그인하시려는 것 같습니다. 계정에 접근하려면 Steam Guard 코드가 필요합니다. 로그인 요청 지역 New York, 미국 X6NWQ 본인이 아닌 경우 누군가가 귀하의 Steam 계정에 로그인을 시도했기 때문에 보내드리는 이메일입니다. 로그인 시도 당시 정확한 계정 이름과 비밀번호가 사용되었습니다. 귀하가",3
1886,"mo님, 중요한 파일을 안전하게 공유하세요. 다양한 공유 방식 ‌ ‌ ‌ ‌ ‌ ‌ ‌ ‌ ‌ ‌ ‌ ‌ ‌ ‌ ‌ ‌ ‌ ‌ ‌ ‌ ‌ ‌ ‌ ‌ ‌ ‌ ‌ ‌ ‌ ‌ ‌ ‌ ‌ ‌ ‌ ‌ ‌ ‌ ‌ ‌ ‌ ‌ ‌ ‌ ‌ ‌ ‌ ‌ ‌ ‌ ‌ ‌ ‌ ‌ ‌ ‌ ‌ ‌ ‌ ‌ ‌ ‌ ‌ ‌ ‌ ‌ ‌ ‌ ‌ ‌ ‌ ‌ ‌ ‌ ‌ ‌ ‌ ‌ ‌ ‌ ‌ ‌ ‌ ‌ ‌ ‌ ‌ ‌ ‌ ‌ ‌ ‌ ‌ ‌ ‌ ‌",3
1887,"Malibu grifters, why so many people are going ""no contact"" with their parents, and more of the month's most popular reads Good morning from Apple News. Here are some of the most popular reads of the month. ͏ ͏ ͏ ͏ ͏ ͏ ͏ ͏ ͏ ͏ ͏ ͏ ͏ ͏ ͏ ͏ ͏ ͏ ͏ ͏ ͏ ͏ ͏ ͏ ͏ ͏ ͏ ͏ ͏ ͏ ͏ ͏ ͏ ͏ ͏ ͏ ͏ ͏ ͏ ͏ ͏ ͏ ͏ ͏ ͏ ͏ ͏ ͏ ͏ ͏ ͏ ͏ ͏ ͏ ͏ ͏ ͏ ͏ ͏",3
1890,"New reply to a comment on ""새시즌 탑피들의 체급은 어느정도일까?"" New reply to a comment on &quot;새시즌 탑피들의 체급은 어느정도일까?&quot; Youtube Logo 🌟 @TopSticks. replied to mo Cho&#39;s comment 새시즌 탑피들의 체급은 어느정도일까? @TopSticks. 일단 나와 무지성 사이드 미는 상대가 한타 빠졌을때 나머지 4대4 구도에 따라 다르겠죠",3
1891,탑스틱 topsticks loves your comment Youtube Logo 탑스틱 topsticks loves your comment 새시즌 탑피들의 체급은 어느정도일까? | 탑스틱 topsticks @mocho5604 선생님 운영방법도 알려주세요 상대가 무지성 사이드를 하는데 이럴때 사이드를 가야하나요 아니면 본대 합류한 상태가낫나요? View hearted comment If you no longer,3
1892,💬 김용님이 회원님이 아직 확인하지 않은 게시물에 댓글을 남겼습니다 💬 김용 님이 회원님이 아직 확인하지 않은 게시물 에 댓글을 남겼습니다 9월 23일 오전 2:03 보기 6명이 좋아합니다. 💬 김용님이 회원님이 아직 확인하지 않은 게시물에 댓글을 남겼습니다 9월 23일 오전 2:03 보기 6명이 좋아합니다. skk126skk126@gmail.com 주소로 전송된 메시지입니다. 앞으로 Meta로부터 이와 같은 이메일을 받지,3
1893,이 날의 추억 이 날짜에 9월 28 이날의 추억을 되돌아보세요. .icon.png iconoutofsyncoverlay.png .icon.png iconconflictresolvedoverlay@2x.png iconlockedremoteoverlay@2x.png 모든 추억 보기 개인 정보 보호 문제 이 사진을 본 사람이 없으며 이 컬렉션이 만들어졌을 때 추가 저장소가 사용,3
1894,"Your appointment has been cancelled. When you&#39;re ready, schedule a new appointment. View: Web Best Buy Logo Geek Squad Logo Your appointment has been cancelled. Our Geek Squad ® team is here to help when it&#39;s convenient for you to",4
1895,"이제 Google Calendar에서 Gmail에 포함된 일정을 표시함 이제 Google Calendar에서 Gmail에 포함된 일정을 표시함 Gmail을 통해 수신한 메일을 기반으로 생성된 예약 및 항공편 등의 일정이 Google Calendar에 표시될 수 있습니다. 이제 Calendar에서 다음 Gmail에 포함된 일정을 표시합니다. 2024년 9월 28일 (토), 오후 3:00에 Consultation - 보기 이러한",4
1896,Your appointment is scheduled. See details and prep for your appointment. View: Web Best Buy Logo Geek Squad Logo Your appointment is scheduled. We&#39;re all set for your 20-minute appointment. Check in at the Geek Squad ® Service,4
1897,"Verify your email address Please verify your email address View: Web BEST BUY GEEK SQUAD Confirm Verify your email address. Hi Andy, Verify your email address, and you&#39;ll be good to go. Verify Email Deal of the Day Mobile",1
1899,"A Mormon mom's horrific crimes, the lies we've been told about alcohol, and more Good morning from Apple News. Here are some great reads for the weekend. ͏ ͏ ͏ ͏ ͏ ͏ ͏ ͏ ͏ ͏ ͏ ͏ ͏ ͏ ͏ ͏ ͏ ͏ ͏ ͏ ͏ ͏ ͏ ͏ ͏ ͏ ͏ ͏ ͏ ͏ ͏ ͏ ͏ ͏ ͏ ͏ ͏ ͏ ͏ ͏ ͏ ͏ ͏ ͏ ͏ ͏ ͏ ͏ ͏ ͏ ͏ ͏ ͏ ͏ ͏ ͏ ͏ ͏ ͏ ͏ ͏ ͏ ͏ ͏",3
1900,"""Surprise"" r/Smite: Surprise Didn&#39;t expect to get a 3 kill here lol ͏‌ ͏‌ ͏‌ ͏‌ ͏‌ ͏‌ ͏‌ ͏‌ ͏‌ ͏‌ ͏‌ ͏‌ ͏‌ ͏‌ ͏‌ ͏‌ ͏‌ ͏‌ ͏‌ ͏‌ ͏‌ ͏‌ ͏‌ ͏‌ ͏‌ ͏‌ ͏‌ ͏‌ ͏‌ ͏‌ ͏‌ ͏‌ ͏‌ ͏‌ ͏‌ ͏‌ ͏‌ ͏‌ ͏‌ ͏‌ ͏‌ ͏‌ ͏‌ ͏‌ ͏‌ ͏‌ ͏‌",3
1901,"dong님, Can Do Company Support S.L.의 CC Agent - Manuela VP님을 팔로우하는 게 어떠세요? 추천 보기 ͏ ͏ ͏ ͏ ͏ ͏ ͏ ͏ ͏ ͏ ͏ ͏ ͏ ͏ ͏ ͏ ͏ ͏ ͏ ͏ ͏ ͏ ͏ ͏ ͏ ͏ ͏ ͏ ͏ ͏ ͏ ͏ ͏ ͏ ͏ ͏ ͏ ͏ ͏ ͏ ͏ ͏ ͏ ͏ ͏ ͏ ͏ ͏ ͏ ͏ ͏ ͏ ͏ ͏ ͏ ͏ ͏ ͏ ͏ ͏ ͏ ͏ ͏ ͏ ͏ ͏ ͏ ͏ ͏ ͏ ͏ ͏ ͏ ͏ ͏ ͏ ͏ ͏ ͏ ͏ ͏ ͏ ͏ ͏ ͏ ͏ ͏ ͏ ͏ ͏ ͏ ͏ ͏ ͏ ͏ ͏ ͏ ͏",3
1902,You received money with Zelle(R) Wells Fargo home page TAEG KANG sent you $2000.00 Date: 09/27/2024 Confirmation: WFCT0Y3Q78KT Memo: Laptop We deposited the money in your Wells Fargo account. Go to accounts Have any questions? Please,3
1903,"Security alert A new sign-in on Mac skk126skk126@gmail.com We noticed a new sign-in to your Google Account on a Mac device. If this was you, you don&#39;t need to do anything. If not, we&#39;ll help you secure your",3
1906,"24-Hour Flash Sale — get our newest courses for less Today only. Get started learning the latest skills for less. Take your pick from tech, business, personal develiopment and much more. ͏ ‌ ﻿ ͏ ‌ ﻿ ͏ ‌ ﻿ ͏ ‌ ﻿ ͏ ‌ ﻿ ͏ ‌ ﻿ ͏ ‌ ﻿ ͏ ‌ ﻿ ͏ ‌ ﻿ ͏ ‌ ﻿ ͏ ‌ ﻿ ͏",1
1907,"❯❯❯ 뭔가 잊어버리지 않으셨나요? 여기, Dropbox가 있습니다 Dropbox로 돌아와 더 많은 저장 공간과 새로운 기능을 사용하세요. �?�?�?�?�?�?�?�?�?�?�?�?�?��?�?�?�?�?�?�?�?�?�?�?�?�?��?�?�?�?�?�?�?�?�?�?��?�?�?�?�?�?�?�?�?�?��?�?�?�?�?�?�?�?�?�?��?�?�?�?�?�?�?�?�?�?��?�?�?�?�?�?�?�?�? �?��",3
1908,"Prime Big Deal Days is Oct 8-9 Shop early deals on Amazon Essentials, fashion, and more͏ ‌ ͏ ‌ ͏ ‌ ͏ ‌ ͏ ‌ ͏ ‌ ͏ ‌ ͏ ‌ ͏ ‌ ͏ ‌ ͏ ‌ ͏ ‌ ͏ ‌ ͏ ‌ ͏ ‌ ͏ ‌ ͏ ‌ ͏ ‌ ͏ ‌ ͏ ‌ ͏ ‌ ͏ ‌ ͏ ‌ ͏ ‌ ͏ ‌ ͏ ‌ ͏ ‌ ͏ ‌ ͏ ‌ ͏ ‌ ͏ ‌ ͏ ‌ ͏ ‌ ͏ ‌ ͏ ‌ ͏ ‌ ͏",1
1909,"Hurricane Helene hits Florida, the burden of aging at home, and more Here&#39;s what you need to know. ͏ ͏ ͏ ͏ ͏ ͏ ͏ ͏ ͏ ͏ ͏ ͏ ͏ ͏ ͏ ͏ ͏ ͏ ͏ ͏ ͏ ͏ ͏ ͏ ͏ ͏ ͏ ͏ ͏ ͏ ͏ ͏ ͏ ͏ ͏ ͏ ͏ ͏ ͏ ͏ ͏ ͏ ͏ ͏ ͏ ͏ ͏ ͏ ͏ ͏ ͏ ͏ ͏ ͏ ͏ ͏ ͏ ͏ ͏ ͏ ͏ ͏ ͏ ͏ ͏ ͏ ͏ ͏ ͏ ͏ ͏ ͏ ͏ ͏ ͏ ͏ ͏ ͏ ͏ ͏ ͏ ͏ ͏ ͏",3
1910,[Last Chance] Get 90% off Massive savings on MuseScore PRO+ ͏ ͏ ͏ ͏ ͏ ͏ ͏ ͏ ͏ ͏ ͏ ͏ ͏ ͏ ͏ ͏ ͏ ͏ ͏ ͏ ͏ ͏ ͏ ͏ ͏ ͏ ͏ ͏ ͏ ͏ ͏ ͏ ͏ ͏ ͏ ͏ ͏ ͏ ͏ ͏ ͏ ͏ ͏ ͏ ͏ ͏ ͏ ͏ ͏ ͏ ͏ ͏ ͏ ͏ ͏ ͏ ͏ ͏ ͏ ͏ ͏ ͏ ͏ ͏ ͏ ͏ ͏ ͏ ͏ ͏ ͏ ͏ ͏ ͏ ͏ ͏ ͏ ͏ ͏ ͏ ͏ ͏ ͏ ͏,3
1911,"(광고) 🚨 깃허브를 쓰는 당신에게 꼭 필요한 0000! 가장 많이 사용되는 CI/CD 도구, 직접 이해하고 현업에서 적용해요! GitHub Actions으로 CI/CD 바로 시작하기 &quot;CI/CD의 중요성은 알겠는데, 어떻게 구축할지 막막해요.&quot; &quot;실무에 적용할 수 있는 깃헙액션 강의가 필요해요.&quot; 고민만 하고 있었다면, 인프런에서 지금 바로 시작해보세요. 깃헙 액션, 제대로",1
1912,"Steam 이용 약관이 업데이트되었습니다. Steam 안녕하세요, skk750 님. Steam 이용 약관이 업데이트되었습니다. Steam 이용 약관이 업데이트되었습니다. 해당 업데이트는 Steam 사용자와 Valve 간의 분쟁 및 청구 해결 방법에 대한 변경 사항을 포함하므로 Steam 사용자의 법적 권리에 영향을 미칩니다. 업데이트된 분쟁 해결 조항은 제10절에 명시되어 있으며 모든 분쟁 및 청구를",3
1914,"끝이 다른 시작! 잡코리아 가입을 환영합니다. JOBKOREA mo Cho님 반가워요. mo Cho님의 커리어 여정을 위해 정성껏 준비한 다양한 커리어 정보와 맞춤 채용 소식을 지금, 잡코리아에서 만나보세요. 아이디: GL_45354221 가입일: 2024.09.27 잡코리아 바로가기 본 메일은 발신전용이며 궁금하신 사항은 고객센터를 이용해주세요. 잡코리아(유) | 사업자등록번호 : 110-81-",2
1915,💬 김용님이 회원님이 아직 확인하지 않은 게시물에 댓글을 남겼습니다 김광윤 Essay 668. 지금 이 시대에 한국에 사는 것은 행운이다... 💬 김용님이 회원님이 아직 확인하지 않은 게시물에 댓글을 남겼습니다 9월 21일 오전 12:17 보기 37명이 공감했습니다. skk126skk126@gmail.com 주소로 전송된 메시지입니다. 앞으로 Meta로부터 이와 같은 이메일을 받지 않으려면 그만 받기를 누르세요. Meta,3
1916,"The Menopause Myth You Need To Know 😳 PMS-fighting foods, menopause supplements, &amp; expert tips inside! ͏ ͏ ͏ ͏ ͏ ͏ ͏ ͏ ͏ ͏ ͏ ͏ ͏ ͏ ͏ ͏ ͏ ͏ ͏ ͏ ͏ ͏ ͏ ͏ ͏ ͏ ͏ ͏ ͏ ͏ ͏ ͏ ͏ ͏ ͏ ͏ ͏ ͏ ͏ ͏ ͏ ͏ ͏ ͏ ͏ ͏ ͏ ͏ ͏ ͏ ͏ ͏ ͏ ͏ ͏ ͏ ͏ ͏ ͏ ͏ ͏ ͏ ͏ ͏ ͏ ͏",3
1917,Cyber Sale ends soon. Savings up to $600 off! View in Browser Dell Technologies Dell Technologies View Products Call Now Live Chat View Products Call Now Live Chat Everyone loves rewards. Dell Rewards members earn 2X points,1
1918,Got designs to create? Save time with a free trial Discover the power of Canva&#39;s premium features ͏ ‌ ﻿ ͏ ‌ ﻿ ͏ ‌ ﻿ ͏ ‌ ﻿ ͏ ‌ ﻿ ͏ ‌ ﻿ ͏ ‌ ﻿ ͏ ‌ ﻿ ͏ ‌ ﻿ ͏ ‌ ﻿ ͏ ‌ ﻿ ͏ ‌ ﻿ ͏ ‌ ﻿ ͏ ‌ ﻿ ͏ ‌ ﻿ ͏ ‌ ﻿ ͏ ‌ ﻿ ͏ ‌ ﻿ ͏ ‌ ﻿ ͏ ‌ ﻿ ͏ ‌ ﻿ ͏ ‌ ﻿ ͏ ‌ ﻿ ͏ ‌ ﻿ ͏ ‌ ﻿,3
1919,"It's time to rethink your daily step count, the new rules of kitchen design, and more Here&#39;s what you need to know. ͏ ͏ ͏ ͏ ͏ ͏ ͏ ͏ ͏ ͏ ͏ ͏ ͏ ͏ ͏ ͏ ͏ ͏ ͏ ͏ ͏ ͏ ͏ ͏ ͏ ͏ ͏ ͏ ͏ ͏ ͏ ͏ ͏ ͏ ͏ ͏ ͏ ͏ ͏ ͏ ͏ ͏ ͏ ͏ ͏ ͏ ͏ ͏ ͏ ͏ ͏ ͏ ͏ ͏ ͏ ͏ ͏ ͏ ͏ ͏ ͏ ͏ ͏ ͏ ͏ ͏ ͏ ͏ ͏ ͏ ͏ ͏ ͏ ͏ ͏ ͏ ͏ ͏ ͏ ͏ ͏ ͏ ͏ ͏",3
1920,"Your MongoDB Atlas M0 cluster will be automatically paused in 7 days ORGANIZATION mo&#39;s Org - 2024-08-02 PROJECT Project 0 Hi mo, Your M0 free tier cluster, Cluster0, has been idle since 2024/08/02. MongoDB Atlas will automatically pause this cluster after 60 days of",3
1921,Don't miss Worlds 2024 rewards! Unlock Prestige Fright Night Zeri (and more) for Worlds 2024. Display images to show real-time content Display images to show real-time content Display images to show real-time content This email was,3
1922,"""Goodbye, job!"" r/balatro: Goodbye, job! ͏‌ ͏‌ ͏‌ ͏‌ ͏‌ ͏‌ ͏‌ ͏‌ ͏‌ ͏‌ ͏‌ ͏‌ ͏‌ ͏‌ ͏‌ ͏‌ ͏‌ ͏‌ ͏‌ ͏‌ ͏‌ ͏‌ ͏‌ ͏‌ ͏‌ ͏‌ ͏‌ ͏‌ ͏‌ ͏‌ ͏‌ ͏‌ ͏‌ ͏‌ ͏‌ ͏‌ ͏‌ ͏‌ ͏‌ ͏‌ ͏‌ ͏‌ ͏‌ ͏‌ ͏‌ ͏‌ ͏‌ ͏‌ ͏‌ ͏‌ ͏‌ ͏‌ ͏‌ ͏‌ ͏‌ ͏‌ ͏‌ ͏‌ ͏‌",3
1923,"Shop millions of deals Oct 8-9 during Prime Big Deal Days Plus, score early deals now͏ ‌ ͏ ‌ ͏ ‌ ͏ ‌ ͏ ‌ ͏ ‌ ͏ ‌ ͏ ‌ ͏ ‌ ͏ ‌ ͏ ‌ ͏ ‌ ͏ ‌ ͏ ‌ ͏ ‌ ͏ ‌ ͏ ‌ ͏ ‌ ͏ ‌ ͏ ‌ ͏ ‌ ͏ ‌ ͏ ‌ ͏ ‌ ͏ ‌ ͏ ‌ ͏ ‌ ͏ ‌ ͏ ‌ ͏ ‌ ͏ ‌ ͏ ‌ ͏ ‌ ͏ ‌ ͏ ‌ ͏ ‌ ͏ ‌ ͏ ‌ ͏ ‌ ͏ ‌ ͏ ‌ ͏ ‌ ͏ ‌ ͏",1
1924,"Engineering Event at Metropolitan Community College Join us in exploring Metropolitan Community Colleges&#39; Engineering Program. Wednesday, October 9, 5-7 PM. Located at the MCC Longview Campus - 500 SW Longview Road Lee&#39;s Summit, Missouri 64081-",3
1925,"내 Steam 계정: 새로운 컴퓨터로 접속 Steam skk750 님, 새로운 기기로 로그인하시려는 것 같습니다. 계정에 접근하려면 Steam Guard 코드가 필요합니다. 로그인 요청 지역 New York, 미국 6KDJK 본인이 아닌 경우 누군가가 귀하의 Steam 계정에 로그인을 시도했기 때문에 보내드리는 이메일입니다. 로그인 시도 당시 정확한 계정 이름과 비밀번호가 사용되었습니다. 귀하가",3
1926,84% Less Hot Flashes 🔥 Meet Menopause Essentials+ ͏ ͏ ͏ ͏ ͏ ͏ ͏ ͏ ͏ ͏ ͏ ͏ ͏ ͏ ͏ ͏ ͏ ͏ ͏ ͏ ͏ ͏ ͏ ͏ ͏ ͏ ͏ ͏ ͏ ͏ ͏ ͏ ͏ ͏ ͏ ͏ ͏ ͏ ͏ ͏ ͏ ͏ ͏ ͏ ͏ ͏ ͏ ͏ ͏ ͏ ͏ ͏ ͏ ͏ ͏ ͏ ͏ ͏ ͏ ͏ ͏ ͏ ͏ ͏ ͏ ͏ ͏ ͏ ͏ ͏ ͏ ͏ ͏ ͏ ͏ ͏ ͏ ͏ ͏ ͏ ͏ ͏ ͏ ͏ ͏ ͏ ͏,3
1927,"3 questions to help you start learning again — better than before. Whether you&#39;ve been busy or just needed a break, this wisdom from our Learning Team here at Udemy can help you get back on track. ͏‌ ͏‌ ͏‌ ͏‌ ͏‌ ͏‌ ͏‌ ͏‌ ͏‌ ͏‌ ͏‌ ͏‌ ͏‌ ͏‌ ͏‌ ͏‌ ͏‌ ͏‌ ͏‌ ͏‌ ͏‌ ͏‌",3
1928,"Why your resting heart rate matters, the worst part of owning a Cybertruck, and more Here&#39;s what you need to know. ͏ ͏ ͏ ͏ ͏ ͏ ͏ ͏ ͏ ͏ ͏ ͏ ͏ ͏ ͏ ͏ ͏ ͏ ͏ ͏ ͏ ͏ ͏ ͏ ͏ ͏ ͏ ͏ ͏ ͏ ͏ ͏ ͏ ͏ ͏ ͏ ͏ ͏ ͏ ͏ ͏ ͏ ͏ ͏ ͏ ͏ ͏ ͏ ͏ ͏ ͏ ͏ ͏ ͏ ͏ ͏ ͏ ͏ ͏ ͏ ͏ ͏ ͏ ͏ ͏ ͏ ͏ ͏ ͏ ͏ ͏ ͏ ͏ ͏ ͏ ͏ ͏ ͏ ͏ ͏ ͏ ͏ ͏ ͏",3
1929,"[인프런] 지식공유자 기술노트with알렉님이 새소식을 등록했어요.📫 지식공유자 기술노트with알렉님이 새소식을 등록했어요. [오픈할인] 비전공자들을 위한 전공수업 &#39;C언어&#39; 기술노트with알렉 2024-09-25 안녕하세요~ 기술노트 알렉입니다. 이번에 전공자들과 비전공자들의 차이가 무엇일까요? 전공 수업 중 대표적인 내용이 프로그래밍 수업 시간에 다루는 C언어입니다. 많은 언어들이 나왔지만, 지금도 많은 대학",3
1930,"""Feeling small?"" r/balatro: Feeling small? ͏‌ ͏‌ ͏‌ ͏‌ ͏‌ ͏‌ ͏‌ ͏‌ ͏‌ ͏‌ ͏‌ ͏‌ ͏‌ ͏‌ ͏‌ ͏‌ ͏‌ ͏‌ ͏‌ ͏‌ ͏‌ ͏‌ ͏‌ ͏‌ ͏‌ ͏‌ ͏‌ ͏‌ ͏‌ ͏‌ ͏‌ ͏‌ ͏‌ ͏‌ ͏‌ ͏‌ ͏‌ ͏‌ ͏‌ ͏‌ ͏‌ ͏‌ ͏‌ ͏‌ ͏‌ ͏‌ ͏‌ ͏‌ ͏‌ ͏‌ ͏‌ ͏‌ ͏‌ ͏‌ ͏‌ ͏‌ ͏‌ ͏‌",3
1932,"뭐아아, I Have Some Exciting News To Share With You My new formulas can help you thrive ͏ ͏ ͏ ͏ ͏ ͏ ͏ ͏ ͏ ͏ ͏ ͏ ͏ ͏ ͏ ͏ ͏ ͏ ͏ ͏ ͏ ͏ ͏ ͏ ͏ ͏ ͏ ͏ ͏ ͏ ͏ ͏ ͏ ͏ ͏ ͏ ͏ ͏ ͏ ͏ ͏ ͏ ͏ ͏ ͏ ͏ ͏ ͏ ͏ ͏ ͏ ͏ ͏ ͏ ͏ ͏ ͏ ͏ ͏ ͏ ͏ ͏ ͏ ͏ ͏ ͏ ͏ ͏ ͏ ͏ ͏ ͏ ͏ ͏ ͏ ͏ ͏ ͏ ͏ ͏ ͏ ͏ ͏",5
1933,"New AI experiences in our thinnest XPS. More powerful AI so you can work, create or play on the XPS 13. View in Browser Dell Technologies Dell Technologies View Products Call Now Live Chat View Products Call Now Live Chat Most secure Windows",3
1934,"The truth about OCD, the island fortress for America's billionaires, and more Here&#39;s what you need to know. ͏ ͏ ͏ ͏ ͏ ͏ ͏ ͏ ͏ ͏ ͏ ͏ ͏ ͏ ͏ ͏ ͏ ͏ ͏ ͏ ͏ ͏ ͏ ͏ ͏ ͏ ͏ ͏ ͏ ͏ ͏ ͏ ͏ ͏ ͏ ͏ ͏ ͏ ͏ ͏ ͏ ͏ ͏ ͏ ͏ ͏ ͏ ͏ ͏ ͏ ͏ ͏ ͏ ͏ ͏ ͏ ͏ ͏ ͏ ͏ ͏ ͏ ͏ ͏ ͏ ͏ ͏ ͏ ͏ ͏ ͏ ͏ ͏ ͏ ͏ ͏ ͏ ͏ ͏ ͏ ͏ ͏ ͏ ͏",3
1935,"A lot of people are seeing your photos on Google Maps! Hi mo, 1000 total views of your photos! Thanks for adding photos to Google Maps. Contributions like yours help others make decisions about the things worth doing and places worth seeing, keep it up!‍ ‍",3
1936,New to Canva? Start here 👉 Resources to hone your design skills ͏ ‌ ﻿ ͏ ‌ ﻿ ͏ ‌ ﻿ ͏ ‌ ﻿ ͏ ‌ ﻿ ͏ ‌ ﻿ ͏ ‌ ﻿ ͏ ‌ ﻿ ͏ ‌ ﻿ ͏ ‌ ﻿ ͏ ‌ ﻿ ͏ ‌ ﻿ ͏ ‌ ﻿ ͏ ‌ ﻿ ͏ ‌ ﻿ ͏ ‌ ﻿ ͏ ‌ ﻿ ͏ ‌ ﻿ ͏ ‌ ﻿ ͏ ‌ ﻿ ͏ ‌ ﻿ ͏ ‌ ﻿ ͏ ‌ ﻿ ͏ ‌ ﻿ ͏ ‌ ﻿ ͏ ‌ ﻿ ͏ ‌ ﻿ ͏,3
1937,"캐치티니핑 이름은 몇 개나 될까? 부모님의 등골 브레이커로 불리는 캐치티니핑, 이제는 아이들뿐만 아니라 어른들까지 매료시키고 있죠. 그렇다면 1. 캐치티니핑 이름은 몇 개나 될까? 부모님의 등골 브레이커로 불리는 캐치티니핑, 이제는 아이들뿐만 아니라 어른들까지 매료시키고 있죠. 그렇다면 이 많은 캐릭터들의 이름은 과연 몇 개나 될까요? 각각의 캐릭터는 어떤 특징을 가지고 있으며, 이름에는",3
1938,"Whoa! You had an epic week! New tones, new personal records – check out your stats now. ‌ ‌ ‌ ‌ ‌ ‌ ‌ ‌ ‌ ‌ ‌ ‌ ‌ ‌ ‌ ‌ ‌ ‌ ‌ ‌ ‌ ‌ ‌ ‌ ‌ ‌ ‌ ‌ ‌ ‌ ‌ ‌ ‌ ‌ ‌ ‌ ‌ ‌ ‌ ‌ ‌ ‌ ‌ ‌ ‌ ‌ ‌ ‌ ‌ ‌ ‌ ‌ ‌ ‌ ‌ ‌ ‌ ‌ ‌ ‌ ‌ ‌ ‌ ‌ ‌ ‌ ‌ ‌ ‌ ‌ ‌",3
1939,"Courses to help you climb that career ladder. On sale now. Whether you&#39;re prepping for an interview or you&#39;re after a promotion, we can help you learn the skills you need to reach your career goals. ͏ ‌ ﻿ ͏ ‌ ﻿ ͏ ‌ ﻿ ͏ ‌ ﻿ ͏ ‌ ﻿ ͏ ‌ ﻿ ͏ ‌ ﻿ ͏ ‌ ﻿ ͏ ‌ ﻿",1
1940,Are You in Love with Grammarly on Chrome? Please Let Us Know! ‌ ‌ ‌ ‌ ‌ ‌ ‌ ‌ ‌ ‌ ‌ ‌ ‌ ‌ ‌ ‌ ‌ ‌ ‌ ‌ ‌ ‌ ‌ ‌ ‌ ‌ ‌ ‌ ‌ ‌ ‌ ‌ ‌ ‌ ‌ ‌ ‌ ‌ ‌ ‌ ‌ ‌ ‌ ‌ ‌ ‌ ‌ ‌ ‌ ‌ ‌ ‌ ‌ ‌ ‌ ‌ ‌ ‌ ‌ ‌ ‌ ‌ ‌ ‌ ‌ ‌ ‌ ‌ ‌ ‌ ‌ ‌ ‌ ‌ ‌ ‌ ‌ ‌ ‌ ‌ ‌ ‌ ‌ ‌‌ ‌ ‌ ‌ ‌ ‌ ‌ ‌ ‌ ‌ ‌ ‌ ‌ ‌ ‌ ‌ ‌,3
1941,"🔥 Your Hormones Are About To Meet Their Match! No more mood swings, cramps, or night sweats — finally, real relief ͏ ͏ ͏ ͏ ͏ ͏ ͏ ͏ ͏ ͏ ͏ ͏ ͏ ͏ ͏ ͏ ͏ ͏ ͏ ͏ ͏ ͏ ͏ ͏ ͏ ͏ ͏ ͏ ͏ ͏ ͏ ͏ ͏ ͏ ͏ ͏ ͏ ͏ ͏ ͏ ͏ ͏ ͏ ͏ ͏ ͏ ͏ ͏ ͏ ͏ ͏ ͏ ͏ ͏ ͏ ͏ ͏ ͏ ͏ ͏ ͏ ͏ ͏ ͏ ͏ ͏ ͏",3
1942,Find out if that course is right for you. There&#39;s a lot to choose from in our extensive course catalog. Use these tips to decide which options are best for your needs. ͏‌ ͏‌ ͏‌ ͏‌ ͏‌ ͏‌ ͏‌ ͏‌ ͏‌ ͏‌ ͏‌ ͏‌ ͏‌ ͏‌ ͏‌ ͏‌ ͏‌ ͏‌ ͏‌ ͏‌ ͏‌ ͏‌ ͏‌ ͏‌,3
1943,"What's next for Sean ""Diddy"" Combs, where U.S. home prices are surging, and more Here&#39;s what you need to know. ͏ ͏ ͏ ͏ ͏ ͏ ͏ ͏ ͏ ͏ ͏ ͏ ͏ ͏ ͏ ͏ ͏ ͏ ͏ ͏ ͏ ͏ ͏ ͏ ͏ ͏ ͏ ͏ ͏ ͏ ͏ ͏ ͏ ͏ ͏ ͏ ͏ ͏ ͏ ͏ ͏ ͏ ͏ ͏ ͏ ͏ ͏ ͏ ͏ ͏ ͏ ͏ ͏ ͏ ͏ ͏ ͏ ͏ ͏ ͏ ͏ ͏ ͏ ͏ ͏ ͏ ͏ ͏ ͏ ͏ ͏ ͏ ͏ ͏ ͏ ͏ ͏ ͏ ͏ ͏ ͏ ͏ ͏ ͏",3
1944,"(광고) 📢 D - 1 ! 인기 지식공유자와 함께하는 스터디, 참가신청이 곧 끝나요! 올해 마지막! 인프런 워밍업 클럽 2기 참가신청이 곧 마감돼요. 지식공유자가 직접 운영하는 스터디에 참여하고 다양한 혜택 받아가세요. [ 참가신청 마감 D-1 ] 개발자, 프로덕트 디자이너 취준생/주니어 주목! 백엔드, 프론트엔드, CS 전공지식, 프로덕트 디자인까지. 지식공유자가 직접 운영하는 스터디, 고민을 나눌 동료가 모인 커뮤니티, 인프런 워밍업 클럽",1
1945,"How your body really ages, a new kind of psychopath, and more Good morning from Apple News. Here are some stories about health and well-being for your Sunday. ͏ ͏ ͏ ͏ ͏ ͏ ͏ ͏ ͏ ͏ ͏ ͏ ͏ ͏ ͏ ͏ ͏ ͏ ͏ ͏ ͏ ͏ ͏ ͏ ͏ ͏ ͏ ͏ ͏ ͏ ͏ ͏ ͏ ͏ ͏ ͏ ͏ ͏ ͏ ͏ ͏ ͏ ͏ ͏ ͏ ͏ ͏ ͏ ͏ ͏ ͏ ͏",3
1946,Just For You! 25% OFF Ends Tonight Don&#39;t miss this! ⏳ ͏ ͏ ͏ ͏ ͏ ͏ ͏ ͏ ͏ ͏ ͏ ͏ ͏ ͏ ͏ ͏ ͏ ͏ ͏ ͏ ͏ ͏ ͏ ͏ ͏ ͏ ͏ ͏ ͏ ͏ ͏ ͏ ͏ ͏ ͏ ͏ ͏ ͏ ͏ ͏ ͏ ͏ ͏ ͏ ͏ ͏ ͏ ͏ ͏ ͏ ͏ ͏ ͏ ͏ ͏ ͏ ͏ ͏ ͏ ͏ ͏ ͏ ͏ ͏ ͏ ͏ ͏ ͏ ͏ ͏ ͏ ͏ ͏ ͏ ͏ ͏ ͏ ͏ ͏ ͏ ͏ ͏ ͏ ͏ ͏ ͏ ͏ ͏ ͏,3
1948,"Sale ends soon: $1/wk for a year. Take advantage of our best offer on expert reporting, plus Games, Cooking, The Athletic and more. Subscribe now. ‌ ‌ ‌ ‌ ‌ ‌ ‌ ‌ ‌ ‌ ‌ ‌ ‌ View in browser sale ends soon: enjoy a full year of savings.",1
1949,"Why so many Americans are allergic to peanuts, the insurrectionists next door, and more Good morning from Apple News. Here are some great reads for the weekend. ͏ ͏ ͏ ͏ ͏ ͏ ͏ ͏ ͏ ͏ ͏ ͏ ͏ ͏ ͏ ͏ ͏ ͏ ͏ ͏ ͏ ͏ ͏ ͏ ͏ ͏ ͏ ͏ ͏ ͏ ͏ ͏ ͏ ͏ ͏ ͏ ͏ ͏ ͏ ͏ ͏ ͏ ͏ ͏ ͏ ͏ ͏ ͏ ͏ ͏ ͏ ͏ ͏ ͏ ͏ ͏ ͏ ͏ ͏ ͏ ͏ ͏ ͏ ͏",3
1950,"Level 60 Content Update! Featuring a new daily end-game sequence which sees you running two uniquely designed raid buildings: Secronom Labs &amp; the Nix Mansion, complete with their own huge bosses ͏ ‌ ﻿ ͏ ‌ ﻿ ͏ ‌ ﻿ ͏ ‌ ﻿ ͏ ‌",3
1951,"사주랑 타로 중에서 뭐가 더 정확할까? 사주와 타로, 둘 다 운명을 점치는 도구로 유명하지만 과연 어느 것이 더 정확할까요? 태어난 시간을 기준으로 1. 추석 세뱃돈은 얼마가 적절할까? 추석이 다가오면 어른들도 고민하게 되는 것이 바로 세뱃돈이죠. 너무 많으면 부담스럽고, 너무 적으면 서운할까 걱정되기도 합니다. 그렇다면 나이에 따라, 혹은 상황에 따라 적절한 세뱃돈 금액은 얼마일까요? 적절한",3
1952,"dong님, ELO Petroleum의 Chief Executive Officer - Edma Lawer님을 팔로우하는 게 어떠세요? 추천 보기 ͏ ͏ ͏ ͏ ͏ ͏ ͏ ͏ ͏ ͏ ͏ ͏ ͏ ͏ ͏ ͏ ͏ ͏ ͏ ͏ ͏ ͏ ͏ ͏ ͏ ͏ ͏ ͏ ͏ ͏ ͏ ͏ ͏ ͏ ͏ ͏ ͏ ͏ ͏ ͏ ͏ ͏ ͏ ͏ ͏ ͏ ͏ ͏ ͏ ͏ ͏ ͏ ͏ ͏ ͏ ͏ ͏ ͏ ͏ ͏ ͏ ͏ ͏ ͏ ͏ ͏ ͏ ͏ ͏ ͏ ͏ ͏ ͏ ͏ ͏ ͏ ͏ ͏ ͏ ͏ ͏ ͏ ͏ ͏ ͏ ͏ ͏ ͏ ͏ ͏ ͏ ͏ ͏ ͏ ͏ ͏ ͏ ͏",3
1953,"New reply to a comment on ""불합리한 매치업"" New reply to a comment on &quot;불합리한 매치업&quot; Youtube Logo 🌟 @TopSticks. replied to mo Cho&#39;s comment 불합리한 매치업 @TopSticks. !!! Reply If you no longer wish to receive emails about comments and",3
1954,"탑스틱 topsticks loves your comment Youtube Logo 탑스틱 topsticks loves your comment 불합리한 매치업 | 탑스틱 topsticks @mocho5604 선생님 드디어 딥롤에 탑피들이 나왔습니다!! View hearted comment If you no longer wish to receive emails about comments and replies, you",3
1955,Time Is Running Out! 😱 25% OFF everything is about to expire… ͏ ͏ ͏ ͏ ͏ ͏ ͏ ͏ ͏ ͏ ͏ ͏ ͏ ͏ ͏ ͏ ͏ ͏ ͏ ͏ ͏ ͏ ͏ ͏ ͏ ͏ ͏ ͏ ͏ ͏ ͏ ͏ ͏ ͏ ͏ ͏ ͏ ͏ ͏ ͏ ͏ ͏ ͏ ͏ ͏ ͏ ͏ ͏ ͏ ͏ ͏ ͏ ͏ ͏ ͏ ͏ ͏ ͏ ͏ ͏ ͏ ͏ ͏ ͏ ͏ ͏ ͏ ͏ ͏ ͏ ͏ ͏ ͏ ͏ ͏ ͏ ͏ ͏ ͏ ͏ ͏,3
1956,📬 Special delivery—70% off custom cards just arrived Get your holiday cards done in a snap. | View Online ‌ ‌ ‌ ‌ ‌ ‌ ‌ ‌ ‌ ‌ ‌ ‌ ‌ ‌ ‌ ‌ ‌ ‌ ‌ ‌ ‌ ‌ ‌ ‌ ‌ ‌ ‌ ‌ ‌ ‌ ‌ ‌ ‌ ‌ ‌ ‌ ‌ ‌ ‌ ‌ ‌ ‌ ‌ ‌ ‌ ‌ ‌ ‌ ‌ ‌ ‌ ‌ ‌ ‌ ‌ ‌ ‌ ‌ ‌ ‌ ‌ ‌ ‌ ‌ ‌ ‌ ‌ ‌ ‌ ‌ ‌ ‌ ‌ ‌,3
1957,25% OFF EVERYTHING 6-hour Flash Sale starts now! ⏳ ͏ ͏ ͏ ͏ ͏ ͏ ͏ ͏ ͏ ͏ ͏ ͏ ͏ ͏ ͏ ͏ ͏ ͏ ͏ ͏ ͏ ͏ ͏ ͏ ͏ ͏ ͏ ͏ ͏ ͏ ͏ ͏ ͏ ͏ ͏ ͏ ͏ ͏ ͏ ͏ ͏ ͏ ͏ ͏ ͏ ͏ ͏ ͏ ͏ ͏ ͏ ͏ ͏ ͏ ͏ ͏ ͏ ͏ ͏ ͏ ͏ ͏ ͏ ͏ ͏ ͏ ͏ ͏ ͏ ͏ ͏ ͏ ͏ ͏ ͏ ͏ ͏ ͏ ͏ ͏ ͏ ͏ ͏ ͏ ͏,1
1958,💬 김용님이 회원님이 아직 확인하지 않은 게시물에 댓글을 남겼습니다 제주살이 한 달 중 오늘은 딸이랑 숙소옆 노형동 카페 레그레 에서 한... 💬 김용님이 회원님이 아직 확인하지 않은 게시물에 댓글을 남겼습니다 9월 13일 오후 4:53 보기 김용님 외 51명이 공감했습니다. skk126skk126@gmail.com 주소로 전송된 메시지입니다. 앞으로 Meta로부터 이와 같은 이메일을 받지 않으려면 그만 받기를 누르세요.,3
1959,"One-Year Anniversary - The finale of the main story 1.0 series! Limited Character Lucy Debuts! Dear Timekeeper, if you&#39;d prefer not to receive email from us, unsubscribe here. Privacy Policy | Terms of Service | Contact Us © Bluepoch Co.,Ltd. All Rights Reserved.",1
1960,"Why tech jobs have dried up, the odor tormenting Chicago, and more Here&#39;s what you need to know. ͏ ͏ ͏ ͏ ͏ ͏ ͏ ͏ ͏ ͏ ͏ ͏ ͏ ͏ ͏ ͏ ͏ ͏ ͏ ͏ ͏ ͏ ͏ ͏ ͏ ͏ ͏ ͏ ͏ ͏ ͏ ͏ ͏ ͏ ͏ ͏ ͏ ͏ ͏ ͏ ͏ ͏ ͏ ͏ ͏ ͏ ͏ ͏ ͏ ͏ ͏ ͏ ͏ ͏ ͏ ͏ ͏ ͏ ͏ ͏ ͏ ͏ ͏ ͏ ͏ ͏ ͏ ͏ ͏ ͏ ͏ ͏ ͏ ͏ ͏ ͏ ͏ ͏ ͏ ͏ ͏ ͏ ͏ ͏",3
1961,"(광고) [연장 할인] 인프런 추석맞이 할인, 오늘이 찐_최종! 🔥 마지막 추석 할인, 전 강의 25% 할인을 놓치지 마세요! [ 추석맞이 감사할인 연장! ] 안녕하세요, 인프런입니다! 이번 추석 기간 동안 많은 분들이 성장에 정말 진심이라는 걸 느낄 수 있었어요. 그리고 그 뜨거운 성원에 힘입어 추가로 오늘 하루만 더 할인합니다! 딱 하루만 연장하니, 선물같은 성장의 기회를 놓치지 마세요! [ 혜택 ] 인프런의 모든 강의",1
1964,새 앱이 Microsoft 계정에 연결되었습니다. Microsoft 계정 새 앱에 데이터에 대한 액세스 권한이 있습니다. Microsoft 계정 sk**6@gmail.com에 OpenAI API이(가) 연결되었습니다. 이 액세스 권한을 부여하지 않은 경우 계정에서 앱을 제거하세요. 앱 관리 옵트아웃하거나 보안 알림을 받는 위치를 변경할 수 있습니다. 감사합니다. Microsoft 계정 팀 개인정보취급방침,3
1965,"Goodbye Cramps, Hot Flashes & Mood Swings 👋 The countdown to relief starts NOW ⏳ ͏ ͏ ͏ ͏ ͏ ͏ ͏ ͏ ͏ ͏ ͏ ͏ ͏ ͏ ͏ ͏ ͏ ͏ ͏ ͏ ͏ ͏ ͏ ͏ ͏ ͏ ͏ ͏ ͏ ͏ ͏ ͏ ͏ ͏ ͏ ͏ ͏ ͏ ͏ ͏ ͏ ͏ ͏ ͏ ͏ ͏ ͏ ͏ ͏ ͏ ͏ ͏ ͏ ͏ ͏ ͏ ͏ ͏ ͏ ͏ ͏ ͏ ͏ ͏ ͏ ͏ ͏ ͏ ͏ ͏ ͏ ͏ ͏ ͏ ͏ ͏ ͏ ͏ ͏ ͏ ͏ ͏",3
1967,"뭐아아, Can You Beat Stress With Science? 🤔 Find out in this week&#39;s BrainMD Weekly ͏ ͏ ͏ ͏ ͏ ͏ ͏ ͏ ͏ ͏ ͏ ͏ ͏ ͏ ͏ ͏ ͏ ͏ ͏ ͏ ͏ ͏ ͏ ͏ ͏ ͏ ͏ ͏ ͏ ͏ ͏ ͏ ͏ ͏ ͏ ͏ ͏ ͏ ͏ ͏ ͏ ͏ ͏ ͏ ͏ ͏ ͏ ͏ ͏ ͏ ͏ ͏ ͏ ͏ ͏ ͏ ͏ ͏ ͏ ͏ ͏ ͏ ͏ ͏ ͏ ͏ ͏ ͏ ͏ ͏ ͏ ͏ ͏ ͏ ͏ ͏ ͏ ͏ ͏",3
1968,"Get ready for MongoDB 8.0 on your M0/M2/M5 Atlas cluster Auto upgrade coming soon in November 2024 View in browser Hi mo, Your M0/M2/M5 Atlas cluster(s) will be automatically upgraded to MongoDB 8.0 in November 2024. What&#39;s in the update? MongoDB 8.0",3
1969,"Create from Anywhere | Up to $500 off. Connect, create, achieve from anywhere. View in Browser Dell Technologies Dell Technologies View Products Call Now Live Chat View Products Call Now Live Chat Everyone loves rewards Dell Rewards members",3
1970,"⚠️ 앗, 뭐가 잘못됐나요? 다시 한번 생각해보세요 Dropbox 요금제에 다시 가입해 더 넓어진 저장 공간과 새로운 기능을 사용하세요. ‌ ‌ ‌ ‌ ‌ ‌ ‌ ‌ ‌ ‌ ‌ ‌ ‌ ‌ ‌ ‌ ‌ ‌ ‌ ‌ ‌ ‌ ‌ ‌ ‌ ‌ ‌ ‌ ‌ ‌ ‌ ‌ ‌ ‌ ‌ ‌ ‌ ‌ ‌ ‌ ‌ ‌ ‌ ‌ ‌ ‌ ‌ ‌ ‌ ‌ ‌ ‌ ‌ ‌ ‌ ‌ ‌ ‌ ‌ ‌ ‌ ‌ ‌ ‌ ‌ ‌ ‌ ‌ ‌ ‌ ‌ ‌ ‌ ‌ ‌ ‌ ‌",2
1971,"Ends soon: Best-offer sale: $1/wk. Enjoy the complete Times experience with a full year of savings on news, culture, sports and more. ‌ ‌ ‌ ‌ ‌ ‌ ‌ ‌ ‌ ‌ ‌ ‌ ‌ View in browser sale ends soon: enjoy a full year of savings. The New York",1
1972,Ending tonight: 50% off Grammarly Pro 📝 Write for the job you want. ‌ ‌ ‌ ‌ ‌ ‌ ‌ ‌ ‌ ‌ ‌ ‌ ‌ ‌ ‌ ‌ ‌ ‌ ‌ ‌ ‌ ‌ ‌ ‌ ‌ ‌ ‌ ‌ ‌ ‌ ‌ ‌ ‌ ‌ ‌ ‌ ‌ ‌ ‌ ‌ ‌ ‌ ‌ ‌ ‌ ‌ ‌ ‌ ‌ ‌ ‌ ‌ ‌ ‌ ‌ ‌ ‌ ‌ ‌ ‌ ‌ ‌ ‌ ‌ ‌ ‌ ‌ ‌ ‌ ‌ ‌ ‌ ‌ ‌ ‌ ‌ ‌ ‌ ‌ ‌ ‌ ‌ ‌ ‌ ‌ ‌,3
1973,"What the Fed decision means for you, carbs that are great for your gut, and more Here&#39;s what you need to know. ͏ ͏ ͏ ͏ ͏ ͏ ͏ ͏ ͏ ͏ ͏ ͏ ͏ ͏ ͏ ͏ ͏ ͏ ͏ ͏ ͏ ͏ ͏ ͏ ͏ ͏ ͏ ͏ ͏ ͏ ͏ ͏ ͏ ͏ ͏ ͏ ͏ ͏ ͏ ͏ ͏ ͏ ͏ ͏ ͏ ͏ ͏ ͏ ͏ ͏ ͏ ͏ ͏ ͏ ͏ ͏ ͏ ͏ ͏ ͏ ͏ ͏ ͏ ͏ ͏ ͏ ͏ ͏ ͏ ͏ ͏ ͏ ͏ ͏ ͏ ͏ ͏ ͏ ͏ ͏ ͏ ͏ ͏ ͏",3
1974,"(광고) 🍂 [D-day] 인프런 추석 할인이 오늘까지예요! 전 강의 25% 할인 받고, 인프런이 추천하는 BEST 강의까지 확인해요! [ 추석맞이 감사할인 종료 D-day ] 안녕하세요, 인프런입니다! 가족, 친지들과 함께 따뜻하고 풍성한 한가위 보내셨나요? 풍요로운 추석을 즐겁게 보내시길 바라며 인프런에서도 특별한 추석 선물을 준비했었는데요. 오늘이 인프런에서 준비한 선물의 마지막 날이에요! 잘 쉰만큼 이제는 성장",1
1975,Worlds 2024 Is Here It&#39;s time for Worlds 2024. Watch the Event Trailer and learn more in the Worlds 2024 Primer. This email was sent to skk126skk126@gmail.com because you&#39;ve opted in to receive marketing,3
1976,Here’s That Fast-Acting Stress Relief You Asked For Tackle stress head-on with science ͏ ͏ ͏ ͏ ͏ ͏ ͏ ͏ ͏ ͏ ͏ ͏ ͏ ͏ ͏ ͏ ͏ ͏ ͏ ͏ ͏ ͏ ͏ ͏ ͏ ͏ ͏ ͏ ͏ ͏ ͏ ͏ ͏ ͏ ͏ ͏ ͏ ͏ ͏ ͏ ͏ ͏ ͏ ͏ ͏ ͏ ͏ ͏ ͏ ͏ ͏ ͏ ͏ ͏ ͏ ͏ ͏ ͏ ͏ ͏ ͏ ͏ ͏ ͏ ͏ ͏ ͏ ͏ ͏ ͏ ͏ ͏ ͏ ͏ ͏ ͏ ͏ ͏ ͏ ͏ ͏ ͏ ͏,3
1977,📓 Ending soon: 50% off any Pro plan Earn your best grades ever with AI built for school. ‌ ‌ ‌ ‌ ‌ ‌ ‌ ‌ ‌ ‌ ‌ ‌ ‌ ‌ ‌ ‌ ‌ ‌ ‌ ‌ ‌ ‌ ‌ ‌ ‌ ‌ ‌ ‌ ‌ ‌ ‌ ‌ ‌ ‌ ‌ ‌ ‌ ‌ ‌ ‌ ‌ ‌ ‌ ‌ ‌ ‌ ‌ ‌ ‌ ‌ ‌ ‌ ‌ ‌ ‌ ‌ ‌ ‌ ‌ ‌ ‌ ‌ ‌ ‌ ‌ ‌ ‌ ‌ ‌ ‌ ‌ ‌ ‌ ‌,3
1978,"A chemical linked to early puberty, the healthiest vegetable to eat, and more Here&#39;s what you need to know. ͏ ͏ ͏ ͏ ͏ ͏ ͏ ͏ ͏ ͏ ͏ ͏ ͏ ͏ ͏ ͏ ͏ ͏ ͏ ͏ ͏ ͏ ͏ ͏ ͏ ͏ ͏ ͏ ͏ ͏ ͏ ͏ ͏ ͏ ͏ ͏ ͏ ͏ ͏ ͏ ͏ ͏ ͏ ͏ ͏ ͏ ͏ ͏ ͏ ͏ ͏ ͏ ͏ ͏ ͏ ͏ ͏ ͏ ͏ ͏ ͏ ͏ ͏ ͏ ͏ ͏ ͏ ͏ ͏ ͏ ͏ ͏ ͏ ͏ ͏ ͏ ͏ ͏ ͏ ͏ ͏ ͏ ͏ ͏",3
1979,💬 김용님이 회원님이 아직 확인하지 않은 게시물에 댓글을 남겼습니다 여기는 대전 한화이글스파크입니다. 간만에 막내랑 한화 응원 왔는데..... 💬 김용님이 회원님이 아직 확인하지 않은 게시물에 댓글을 남겼습니다 9월 11일 오전 7:33 보기 김용님 외 63명이 공감했습니다. skk126skk126@gmail.com 주소로 전송된 메시지입니다. 앞으로 Meta로부터 이와 같은 이메일을 받지 않으려면 그만 받기를 누르세요.,3
1980,"AndyKang, will you rate your transaction at Amazon.com? Hi AndyKang, Rate your experience with the seller, K Foods MARKET: 1 (Awful) 2 (Poor) 3 (Neutral) 4 (Good) 5 (Excellent) K Foods MARKET Order details Product Image CJ Instant Rice: Cooked White Hetbahn",3
1981,"Mo, review your Google Account settings Hi Mo, Welcome to Google on your new PC. Here are a few of tips to get you started. ‌ ‌ ‌ ‌ ‌ ‌ ‌ ‌ ‌ ‌ ‌ ‌ ‌ ‌ ‌ ‌ ‌ ‌ ‌ ‌ ‌ ‌ ‌ ‌ ‌ ‌ ‌ ‌ ‌ ‌ ‌ ‌ ‌ ‌ ‌ ‌ ‌ ‌ ‌ ‌ ‌ ‌ ‌ ‌ ‌ ‌ ‌ ‌ ‌ ‌ ‌ ‌ ‌ ‌ ‌ ‌ ‌ ‌ ‌",2
1983,"안녕하세요, Cho mo님. 회원님의 Dropbox 계정에서 새로운 로그인이 감지되었습니다. 안녕하세요, Cho mo님 새 computer에서 회원님의 Dropbox 계정에 방금 로그인했습니다. 계정을 안전하게 보호하기 위해 회원님이 로그인한 것이 맞는지 알려주시기 바랍니다. 회원님이 맞나요? 시간: Sep 17, 2024 at 1:07 pm (EDT) 장치: Desktop Client on Windows 11 22631 예 아니요 확실하지 않음",3
1984,"안녕하세요, Cho mo님. 회원님의 Dropbox 계정에서 새로운 로그인이 감지되었습니다. 안녕하세요, Cho mo님 새 웹 브라우저에서 회원님의 Dropbox 계정에 방금 로그인했습니다. 계정을 안전하게 보호하기 위해 회원님이 로그인한 것이 맞는지 알려주시기 바랍니다. 회원님이 맞나요? 시간: Sep 17, 2024 at 1:04 pm (EDT) 장치: Windows 상의 Chrome 예 아니요 확실하지 않음 계정 보호 방법에 대해 자세히",3
1987,Big news! Prime Big Deal Days is October 8-9 Major savings are coming soon. Sign up for Prime for early deals.͏ ‌ ͏ ‌ ͏ ‌ ͏ ‌ ͏ ‌ ͏ ‌ ͏ ‌ ͏ ‌ ͏ ‌ ͏ ‌ ͏ ‌ ͏ ‌ ͏ ‌ ͏ ‌ ͏ ‌ ͏ ‌ ͏ ‌ ͏ ‌ ͏ ‌ ͏ ‌ ͏ ‌ ͏ ‌ ͏ ‌ ͏ ‌ ͏ ‌ ͏ ‌ ͏ ‌ ͏ ‌ ͏ ‌ ͏ ‌ ͏ ‌ ͏ ‌ ͏ ‌ ͏ ‌,1
1988,Sale ends soon: More to discover. $1/wk. Take advantage of the full Times experience with a full year of savings. ‌ ‌ ‌ ‌ ‌ ‌ ‌ ‌ ‌ ‌ ‌ ‌ ‌ View in browser sale ends soon: enjoy a full year of savings. The New York Times 365 Days of Discovery,1
1989,"The last messages from the Titan submersible, how to tell if a friendship is toxic, and more Here&#39;s what you need to know. ͏ ͏ ͏ ͏ ͏ ͏ ͏ ͏ ͏ ͏ ͏ ͏ ͏ ͏ ͏ ͏ ͏ ͏ ͏ ͏ ͏ ͏ ͏ ͏ ͏ ͏ ͏ ͏ ͏ ͏ ͏ ͏ ͏ ͏ ͏ ͏ ͏ ͏ ͏ ͏ ͏ ͏ ͏ ͏ ͏ ͏ ͏ ͏ ͏ ͏ ͏ ͏ ͏ ͏ ͏ ͏ ͏ ͏ ͏ ͏ ͏ ͏ ͏ ͏ ͏ ͏ ͏ ͏ ͏ ͏ ͏ ͏ ͏ ͏ ͏ ͏ ͏ ͏ ͏ ͏ ͏ ͏ ͏ ͏",3
1990,"안녕하세요 mo님, 오늘부터 바로 공유를 시작하세요! 협업의 힘 살펴보기 ?�?�?�?�?�?�?�?�?�?�?�?�?�?�?�?�?�?�?�?�?�?�?�?�?�?�?�?�?�?�?�?�?�?�?�?�?�?�?�?�?�?�?�?�?�?�?�?�?�?�?�?�?�?�?�?�?�?�?�?�?�?�?�?�?�?�?�?�?�?�?�?�?�?�?�?�?�?�?�?�?�?�?�?�?�?�?�?�?�?�?�?�?�?�?�",3
1991,✨ Unveil this week's stats + enjoy a 50% off student special Ready to check out your recent writing wins? ‌ ‌ ‌ ‌ ‌ ‌ ‌ ‌ ‌ ‌ ‌ ‌ ‌ ‌ ‌ ‌ ‌ ‌ ‌ ‌ ‌ ‌ ‌ ‌ ‌ ‌ ‌ ‌ ‌ ‌ ‌ ‌ ‌ ‌ ‌ ‌ ‌ ‌ ‌ ‌ ‌ ‌ ‌ ‌ ‌ ‌ ‌ ‌ ‌ ‌ ‌ ‌ ‌ ‌ ‌ ‌ ‌ ‌ ‌ ‌ ‌ ‌ ‌ ‌ ‌ ‌ ‌ ‌ ‌ ‌ ‌ ‌ ‌ ‌ ‌ ‌ ‌ ‌,3
1992,Do you still want to create videos? We&#39;ve included a special surprise ﻿͏ ﻿͏ ﻿͏ ﻿͏ ﻿͏ ﻿͏ ﻿͏ ﻿͏ ﻿͏ ﻿͏ ﻿͏ ﻿͏ ﻿͏ ﻿͏ ﻿͏ ﻿͏ ﻿͏ ﻿͏ ﻿͏ ﻿͏ ﻿͏ ﻿͏ ﻿͏ ﻿͏ ﻿͏ ﻿͏ ﻿͏ ﻿͏ ﻿͏ ﻿͏ ﻿͏ ﻿͏ ﻿͏ ﻿͏ ﻿͏ ﻿͏ ﻿͏ ﻿͏ ﻿͏ ﻿͏ ﻿͏ ﻿͏ ﻿͏ ﻿͏ ﻿͏ ﻿͏ ﻿͏ ﻿͏ ﻿͏ ﻿͏ ﻿͏ ﻿͏ ﻿͏ ﻿͏ ﻿,3
1993,이 날의 추억 이 날짜에 9월 16 이날의 추억을 되돌아보세요. .icon.png .icon.png TrackCurvesButtonDisabled@2x.png timeline_playback_controls.png TrackMuteButtonDisabled@2x.png 모든 추억 보기 개인 정보 보호 문제 이 사진을 본 사람이 없으며 이 컬렉션이 만들어졌을 때 추가 저장소,3
1995,"What to know about the apparent Trump assassination attempt, how to reduce dementia risk, and more Here&#39;s what you need to know. ͏ ͏ ͏ ͏ ͏ ͏ ͏ ͏ ͏ ͏ ͏ ͏ ͏ ͏ ͏ ͏ ͏ ͏ ͏ ͏ ͏ ͏ ͏ ͏ ͏ ͏ ͏ ͏ ͏ ͏ ͏ ͏ ͏ ͏ ͏ ͏ ͏ ͏ ͏ ͏ ͏ ͏ ͏ ͏ ͏ ͏ ͏ ͏ ͏ ͏ ͏ ͏ ͏ ͏ ͏ ͏ ͏ ͏ ͏ ͏ ͏ ͏ ͏ ͏ ͏ ͏ ͏ ͏ ͏ ͏ ͏ ͏ ͏ ͏ ͏ ͏ ͏ ͏ ͏ ͏ ͏ ͏ ͏ ͏",3
1996,"PUBG MOBILE: Version 3.4 Update Is Available Now! Embrace the Night with New Modes, Vehicles, and Collaborations! Greetings Battleground Combatants, Get ready to elevate your game with the launch of the Version 3.4 Update on September 11th! Embrace",3
1998,Ends soon: Save on news and more. $1/wk. Don&#39;t miss our best offer on in-depth reporting and analysis of Election 2024 as part of the complete Times experience. ‌ ‌ ‌ ‌ ‌ ‌ ‌ ‌ ‌ ‌ ‌ ‌ ‌ View in browser SALE WON&#39;T LAST: TAKE ADVANTAGE,1
