subject,body,importance
Security alert,"[image: Google]
Gmail Ai filter was granted access to your Google Account


skk126skk126@gmail.com

If you did not grant access, you should check this activity and secure your
account.
Check activity
<https://accounts.google.com/AccountChooser?Email=skk126skk126@gmail.com&continue=https://myaccount.google.com/alert/nt/1749350871000?rfn%3D127%26rfnc%3D1%26eid%3D-5068882963170979159%26et%3D0>
You can also see security activity at
https://myaccount.google.com/notifications
You received this email to let you know about important changes to your
Google Account and services.
© 2025 Google LLC, 1600 Amphitheatre Parkway, Mountain View, CA 94043, USA
",4
"Drumroll please, the Apple Shopping Event is upon us - come this way for massive SAVINGS on amazing tech",,3
Marvel's Deadpool VR coming late 2025,,3
Your statement for account ...5434,,3
Breakfast bite options ready to fuel your day🔅,"[ads-emailHeaderTop](https://click.sayweee.com/api/ads/decision/click/weee_7/store_cn/0/06-07-2025-CNEN-dimsum_email-hero?uemail=14562653&uec=a2fe6adcc7adfe1399eef6787f6f7c17&z=94538&ts=060725&fdm=59&slotId=emailHeaderTop&ue=c2trMTI2c2trMTI2QGdtYWlsLmNvbQ==&gtdl=-1&lsdl=38&ut=SY_GG&googleOneTap=true&kversion=5&oc=2&tz=America%2FLos_Angeles&rri=&rz=&fpor=&vs=0&roc=&roc30=&roc90=&ps=&tov=132.55&rod=&rsc=&ltr=1)
[Hero Banner](https://click.sayweee.com/api/pricing/marketing-campaign-link/weee_7/store_cn/0/06-07-2025-CNEN-dimsum_email-hero?uemail=14562653&uec=a2fe6adcc7adfe1399eef6787f6f7c17&z=94538&ts=060725&fdm=59&ue=c2trMTI2c2trMTI2QGdtYWlsLmNvbQ==&utm_content=email-hero&utm_term=06-07-2025-CNEN-dimsum&t=&ut=SY_GG&googleOneTap=true)

[sku index 0](https://click.sayweee.com/api/pricing/marketing-campaign-link/weee_7/store_cn/0/06-07-2025-CNEN-dimsum_email-grid?uemail=14562653&uec=a2fe6adcc7adfe1399eef6787f6f7c17&z=94538&ts=060725&fdm=59&ue=c2trMTI2c2trMTI2QGdtYWlsLmNvbQ==&utm_content=email-grid&utm_term=06-07-2025-CNEN-dimsum&t=&ut=SY_GG&googleOneTap=true)	[sku index 1](https://click.sayweee.com/api/pricing/marketing-campaign-link/weee_7/store_cn/1/06-07-2025-CNEN-dimsum_email-grid?uemail=14562653&uec=a2fe6adcc7adfe1399eef6787f6f7c17&z=94538&ts=060725&fdm=59&ue=c2trMTI2c2trMTI2QGdtYWlsLmNvbQ==&utm_content=email-grid&utm_term=06-07-2025-CNEN-dimsum&t=&ut=SY_GG&googleOneTap=true)	[sku index 2](https://click.sayweee.com/api/pricing/marketing-campaign-link/weee_7/store_cn/2/06-07-2025-CNEN-dimsum_email-grid?uemail=14562653&uec=a2fe6adcc7adfe1399eef6787f6f7c17&z=94538&ts=060725&fdm=59&ue=c2trMTI2c2trMTI2QGdtYWlsLmNvbQ==&utm_content=email-grid&utm_term=06-07-2025-CNEN-dimsum&t=&ut=SY_GG&googleOneTap=true)
[sku index 3](https://click.sayweee.com/api/pricing/marketing-campaign-link/weee_7/store_cn/3/06-07-2025-CNEN-dimsum_email-grid?uemail=14562653&uec=a2fe6adcc7adfe1399eef6787f6f7c17&z=94538&ts=060725&fdm=59&ue=c2trMTI2c2trMTI2QGdtYWlsLmNvbQ==&utm_content=email-grid&utm_term=06-07-2025-CNEN-dimsum&t=&ut=SY_GG&googleOneTap=true)	[sku index 4](https://click.sayweee.com/api/pricing/marketing-campaign-link/weee_7/store_cn/4/06-07-2025-CNEN-dimsum_email-grid?uemail=14562653&uec=a2fe6adcc7adfe1399eef6787f6f7c17&z=94538&ts=060725&fdm=59&ue=c2trMTI2c2trMTI2QGdtYWlsLmNvbQ==&utm_content=email-grid&utm_term=06-07-2025-CNEN-dimsum&t=&ut=SY_GG&googleOneTap=true)	[sku index 5](https://click.sayweee.com/api/pricing/marketing-campaign-link/weee_7/store_cn/5/06-07-2025-CNEN-dimsum_email-grid?uemail=14562653&uec=a2fe6adcc7adfe1399eef6787f6f7c17&z=94538&ts=060725&fdm=59&ue=c2trMTI2c2trMTI2QGdtYWlsLmNvbQ==&utm_content=email-grid&utm_term=06-07-2025-CNEN-dimsum&t=&ut=SY_GG&googleOneTap=true)
[sku index 6](https://click.sayweee.com/api/pricing/marketing-campaign-link/weee_7/store_cn/6/06-07-2025-CNEN-dimsum_email-grid?uemail=14562653&uec=a2fe6adcc7adfe1399eef6787f6f7c17&z=94538&ts=060725&fdm=59&ue=c2trMTI2c2trMTI2QGdtYWlsLmNvbQ==&utm_content=email-grid&utm_term=06-07-2025-CNEN-dimsum&t=&ut=SY_GG&googleOneTap=true)	[sku index 7](https://click.sayweee.com/api/pricing/marketing-campaign-link/weee_7/store_cn/7/06-07-2025-CNEN-dimsum_email-grid?uemail=14562653&uec=a2fe6adcc7adfe1399eef6787f6f7c17&z=94538&ts=060725&fdm=59&ue=c2trMTI2c2trMTI2QGdtYWlsLmNvbQ==&utm_content=email-grid&utm_term=06-07-2025-CNEN-dimsum&t=&ut=SY_GG&googleOneTap=true)	[sku index 8](https://click.sayweee.com/api/pricing/marketing-campaign-link/weee_7/store_cn/8/06-07-2025-CNEN-dimsum_email-grid?uemail=14562653&uec=a2fe6adcc7adfe1399eef6787f6f7c17&z=94538&ts=060725&fdm=59&ue=c2trMTI2c2trMTI2QGdtYWlsLmNvbQ==&utm_content=email-grid&utm_term=06-07-2025-CNEN-dimsum&t=&ut=SY_GG&googleOneTap=true)
[sku index 9](https://click.sayweee.com/api/pricing/marketing-campaign-link/weee_7/store_cn/9/06-07-2025-CNEN-dimsum_email-grid?uemail=14562653&uec=a2fe6adcc7adfe1399eef6787f6f7c17&z=94538&ts=060725&fdm=59&ue=c2trMTI2c2trMTI2QGdtYWlsLmNvbQ==&utm_content=email-grid&utm_term=06-07-2025-CNEN-dimsum&t=&ut=SY_GG&googleOneTap=true)	[sku index 10](https://click.sayweee.com/api/pricing/marketing-campaign-link/weee_7/store_cn/10/06-07-2025-CNEN-dimsum_email-grid?uemail=14562653&uec=a2fe6adcc7adfe1399eef6787f6f7c17&z=94538&ts=060725&fdm=59&ue=c2trMTI2c2trMTI2QGdtYWlsLmNvbQ==&utm_content=email-grid&utm_term=06-07-2025-CNEN-dimsum&t=&ut=SY_GG&googleOneTap=true)	[sku index 11](https://click.sayweee.com/api/pricing/marketing-campaign-link/weee_7/store_cn/11/06-07-2025-CNEN-dimsum_email-grid?uemail=14562653&uec=a2fe6adcc7adfe1399eef6787f6f7c17&z=94538&ts=060725&fdm=59&ue=c2trMTI2c2trMTI2QGdtYWlsLmNvbQ==&utm_content=email-grid&utm_term=06-07-2025-CNEN-dimsum&t=&ut=SY_GG&googleOneTap=true)
[View all skus grid](https://click.sayweee.com/api/pricing/marketing-campaign-link/weee_7/store_cn/0/06-07-2025-CNEN-dimsum_email-hero?uemail=14562653&uec=a2fe6adcc7adfe1399eef6787f6f7c17&z=94538&ts=060725&fdm=59&utm_content=email-grid-view-all&t=&ut=SY_GG&googleOneTap=true)    [ads-emailFooterTop](https://click.sayweee.com/api/ads/decision/click/weee_7/store_cn/0/_email-hero?uemail=14562653&uec=a2fe6adcc7adfe1399eef6787f6f7c17&z=94538&ts=060725&fdm=59&slotId=emailFooterTop&ue=c2trMTI2c2trMTI2QGdtYWlsLmNvbQ==&gtdl=-1&lsdl=38&ut=SY_GG&googleOneTap=true&kversion=5&oc=2&tz=America%2FLos_Angeles&rri=&rz=&fpor=&vs=0&roc=&roc30=&roc90=&ps=&tov=132.55&rod=&rsc=&ltr=1) [Back in stock](https://click.sayweee.com/grocery-near-me/delivery/back-in-stock?mktOrg=weee_7&mktPrimaryStore=store_cn&utm_content=back-in-stock_group-click&_e=1&&sData=106137,106186,35060,42075,503,6147,107922,38283,107060,35671&uemail=14562653&uec=a2fe6adcc7adfe1399eef6787f6f7c17&z=94538&ts=060725&fdm=59&ue=c2trMTI2c2trMTI2QGdtYWlsLmNvbQ==&maincpid=06-07-2025-CNEN-dimsum&ut=SY_GG&googleOneTap=true&_kx=)

Buy it again

[Buy again sku](https://click.sayweee.com/api/pricing/marketing-campaign-link/weee_7/store_cn/0/buy-again-section_email-grid?uemail=14562653&uec=a2fe6adcc7adfe1399eef6787f6f7c17&z=94538&ts=060725&fdm=59&ue=c2trMTI2c2trMTI2QGdtYWlsLmNvbQ==&utm_content=buy-again-section&t=&ut=SY_GG&googleOneTap=true)	[Buy again sku](https://click.sayweee.com/api/pricing/marketing-campaign-link/weee_7/store_cn/1/buy-again-section_email-grid?uemail=14562653&uec=a2fe6adcc7adfe1399eef6787f6f7c17&z=94538&ts=060725&fdm=59&ue=c2trMTI2c2trMTI2QGdtYWlsLmNvbQ==&utm_content=buy-again-section&t=&ut=SY_GG&googleOneTap=true)	[Buy again sku](https://click.sayweee.com/api/pricing/marketing-campaign-link/weee_7/store_cn/2/buy-again-section_email-grid?uemail=14562653&uec=a2fe6adcc7adfe1399eef6787f6f7c17&z=94538&ts=060725&fdm=59&ue=c2trMTI2c2trMTI2QGdtYWlsLmNvbQ==&utm_content=buy-again-section&t=&ut=SY_GG&googleOneTap=true)
[Buy again sku](https://click.sayweee.com/api/pricing/marketing-campaign-link/weee_7/store_cn/3/buy-again-section_email-grid?uemail=14562653&uec=a2fe6adcc7adfe1399eef6787f6f7c17&z=94538&ts=060725&fdm=59&ue=c2trMTI2c2trMTI2QGdtYWlsLmNvbQ==&utm_content=buy-again-section&t=&ut=SY_GG&googleOneTap=true)	[Buy again sku](https://click.sayweee.com/api/pricing/marketing-campaign-link/weee_7/store_cn/4/buy-again-section_email-grid?uemail=14562653&uec=a2fe6adcc7adfe1399eef6787f6f7c17&z=94538&ts=060725&fdm=59&ue=c2trMTI2c2trMTI2QGdtYWlsLmNvbQ==&utm_content=buy-again-section&t=&ut=SY_GG&googleOneTap=true)	[Buy again sku](https://click.sayweee.com/api/pricing/marketing-campaign-link/weee_7/store_cn/5/buy-again-section_email-grid?uemail=14562653&uec=a2fe6adcc7adfe1399eef6787f6f7c17&z=94538&ts=060725&fdm=59&ue=c2trMTI2c2trMTI2QGdtYWlsLmNvbQ==&utm_content=buy-again-section&t=&ut=SY_GG&googleOneTap=true)
[Buy again sku](https://click.sayweee.com/api/pricing/marketing-campaign-link/weee_7/store_cn/6/buy-again-section_email-grid?uemail=14562653&uec=a2fe6adcc7adfe1399eef6787f6f7c17&z=94538&ts=060725&fdm=59&ue=c2trMTI2c2trMTI2QGdtYWlsLmNvbQ==&utm_content=buy-again-section&t=&ut=SY_GG&googleOneTap=true)	[Buy again sku](https://click.sayweee.com/api/pricing/marketing-campaign-link/weee_7/store_cn/7/buy-again-section_email-grid?uemail=14562653&uec=a2fe6adcc7adfe1399eef6787f6f7c17&z=94538&ts=060725&fdm=59&ue=c2trMTI2c2trMTI2QGdtYWlsLmNvbQ==&utm_content=buy-again-section&t=&ut=SY_GG&googleOneTap=true)	[Buy again sku](https://click.sayweee.com/api/pricing/marketing-campaign-link/weee_7/store_cn/8/buy-again-section_email-grid?uemail=14562653&uec=a2fe6adcc7adfe1399eef6787f6f7c17&z=94538&ts=060725&fdm=59&ue=c2trMTI2c2trMTI2QGdtYWlsLmNvbQ==&utm_content=buy-again-section&t=&ut=SY_GG&googleOneTap=true)
[Buy again sku](https://click.sayweee.com/api/pricing/marketing-campaign-link/weee_7/store_cn/9/buy-again-section_email-grid?uemail=14562653&uec=a2fe6adcc7adfe1399eef6787f6f7c17&z=94538&ts=060725&fdm=59&ue=c2trMTI2c2trMTI2QGdtYWlsLmNvbQ==&utm_content=buy-again-section&t=&ut=SY_GG&googleOneTap=true)	[Buy again sku](https://click.sayweee.com/api/pricing/marketing-campaign-link/weee_7/store_cn/10/buy-again-section_email-grid?uemail=14562653&uec=a2fe6adcc7adfe1399eef6787f6f7c17&z=94538&ts=060725&fdm=59&ue=c2trMTI2c2trMTI2QGdtYWlsLmNvbQ==&utm_content=buy-again-section&t=&ut=SY_GG&googleOneTap=true)	[Buy again sku](https://click.sayweee.com/api/pricing/marketing-campaign-link/weee_7/store_cn/11/buy-again-section_email-grid?uemail=14562653&uec=a2fe6adcc7adfe1399eef6787f6f7c17&z=94538&ts=060725&fdm=59&ue=c2trMTI2c2trMTI2QGdtYWlsLmNvbQ==&utm_content=buy-again-section&t=&ut=SY_GG&googleOneTap=true) [Trending near you

[Sku img]	[Sku img]	[Sku img]
[Sku img]	[Sku img]	[Sku img]](https://click.sayweee.com/api/pricing/marketing-campaign-link/weee_7/store_cn/0/trending-near-you-Saturday_email-hero?uemail=14562653&uec=a2fe6adcc7adfe1399eef6787f6f7c17&z=94538&ts=060725&fdm=59&ue=c2trMTI2c2trMTI2QGdtYWlsLmNvbQ==&utm_content=trending-near-you-Saturday&utm_term=trending-near-you-Saturday&t=&ut=SY_GG&googleOneTap=true) [Global+ Trending near you

[Sku img]	[Sku img]	[Sku img]
[Sku img]	[Sku img]	[Sku img]](https://click.sayweee.com/api/pricing/marketing-campaign-link/weee_7/store_cn/0/trending-near-you-globalPlus-Saturday_email-hero?uemail=14562653&uec=a2fe6adcc7adfe1399eef6787f6f7c17&z=94538&ts=060725&fdm=59&ue=c2trMTI2c2trMTI2QGdtYWlsLmNvbQ==&utm_content=trending-near-you-globalPlus-Saturday&utm_term=trending-near-you-globalPlus-Saturday&t=&ut=SY_GG&googleOneTap=true) [Promotional Banners](https://www.sayweee.com/cms/page/activity/sale-Crazy8?utm_content=home_banners&uemail=14562653&uec=a2fe6adcc7adfe1399eef6787f6f7c17&z=94538&ts=060725&fdm=59&ue=c2trMTI2c2trMTI2QGdtYWlsLmNvbQ==) [Promotional Banners](https://www.sayweee.com/promotion/free-gift/landing?ps_id=12845&utm_content=home_banners&uemail=14562653&uec=a2fe6adcc7adfe1399eef6787f6f7c17&z=94538&ts=060725&fdm=59&ue=c2trMTI2c2trMTI2QGdtYWlsLmNvbQ==) [Promotional Banners](https://www.sayweee.com/cms/page/activity/8iE5VXCK?utm_content=home_banners&uemail=14562653&uec=a2fe6adcc7adfe1399eef6787f6f7c17&z=94538&ts=060725&fdm=59&ue=c2trMTI2c2trMTI2QGdtYWlsLmNvbQ==)
[Hero Banner](https://click.sayweee.com/api/pricing/marketing-campaign-link/weee_7/store_cn/0/Recommended-NewArrivals-Banner_email-hero?uemail=14562653&uec=a2fe6adcc7adfe1399eef6787f6f7c17&z=94538&ts=060725&fdm=59&ue=c2trMTI2c2trMTI2QGdtYWlsLmNvbQ==&utm_content=email-hero&utm_term=Recommended-NewArrivals-Banner&t=&ut=SY_GG&googleOneTap=true)
[ads-emailFooterMiddle](https://click.sayweee.com/api/ads/decision/click/weee_7/store_cn/0/_email-hero?uemail=14562653&uec=a2fe6adcc7adfe1399eef6787f6f7c17&z=94538&ts=060725&fdm=59&slotId=emailFooterMiddle&ue=c2trMTI2c2trMTI2QGdtYWlsLmNvbQ==&gtdl=-1&lsdl=38&ut=SY_GG&googleOneTap=true&kversion=5&oc=2&tz=America%2FLos_Angeles&rri=&rz=&fpor=&vs=0&roc=&roc30=&roc90=&ps=&tov=132.55&rod=&rsc=&ltr=1) [ads-emailFooterBottom](https://click.sayweee.com/api/ads/decision/click/weee_7/store_cn/0/_email-hero?uemail=14562653&uec=a2fe6adcc7adfe1399eef6787f6f7c17&z=94538&ts=060725&fdm=59&slotId=emailFooterBottom&ue=c2trMTI2c2trMTI2QGdtYWlsLmNvbQ==&gtdl=-1&lsdl=38&ut=SY_GG&googleOneTap=true&kversion=5&oc=2&tz=America%2FLos_Angeles&rri=&rz=&fpor=&vs=0&roc=&roc30=&roc90=&ps=&tov=132.55&rod=&rsc=&ltr=1) [ads-emailFootnote](https://click.sayweee.com/api/ads/decision/click/weee_7/store_cn/0/_email-hero?uemail=14562653&uec=a2fe6adcc7adfe1399eef6787f6f7c17&z=94538&ts=060725&fdm=59&slotId=emailFootnote&ue=c2trMTI2c2trMTI2QGdtYWlsLmNvbQ==&gtdl=-1&lsdl=38&ut=SY_GG&googleOneTap=true&kversion=5&oc=2&tz=America%2FLos_Angeles&rri=&rz=&fpor=&vs=0&roc=&roc30=&roc90=&ps=&tov=132.55&rod=&rsc=&ltr=1)  2025 Weee!, Inc.
47467 Fremont Blvd
Fremont, CA 94538

[Unsubscribe](https://manage.kmail-lists.com/subscriptions/unsubscribe?a=RxFpcN&c=01JHKNV1D34DBKM8KHP754YED9&k=9927a7ac0d043e7a303c0fde32167d60&m=01JX3N2NCVAJFWRJPSY8KDHNPK&r=01JX5FBKVA7T1X26W6M34XYTTK) [Manage](https://manage.kmail-lists.com/subscriptions/update?a=RxFpcN&c=01JHKNV1D34DBKM8KHP754YED9&k=9927a7ac0d043e7a303c0fde32167d60&m=01JX3N2NCVAJFWRJPSY8KDHNPK&r=01JX5FBKVA7T1X26W6M34XYTTK) [Support](mailto:support@sayweee.com)

[ads-emailHeaderTop](https://click.sayweee.com/api/ads/decision/click/weee_7/store_cn/0/05-30-2025-CNEN-Crazy8_email-hero?uemail=14562653&uec=a2fe6adcc7adfe1399eef6787f6f7c17&z=94538&ts=060725&fdm=59&slotId=emailHeaderTop&ue=c2trMTI2c2trMTI2QGdtYWlsLmNvbQ==&gtdl=-1&lsdl=38&ut=SY_GG&googleOneTap=true&kversion=5&oc=2&tz=America%2FLos_Angeles&rri=&rz=&fpor=&vs=0&roc=&roc30=&roc90=&ps=&tov=132.55&rod=&rsc=&ltr=1)
[Hero Banner](https://click.sayweee.com/api/pricing/marketing-campaign-link/weee_7/store_cn/0/05-30-2025-CNEN-Crazy8_email-hero?uemail=14562653&uec=a2fe6adcc7adfe1399eef6787f6f7c17&z=94538&ts=060725&fdm=59&ue=c2trMTI2c2trMTI2QGdtYWlsLmNvbQ==&utm_content=email-hero&utm_term=05-30-2025-CNEN-Crazy8&t=&ut=SY_GG&googleOneTap=true)

[sku index 0](https://click.sayweee.com/api/pricing/marketing-campaign-link/weee_7/store_cn/0/05-30-2025-CNEN-Crazy8_email-grid?uemail=14562653&uec=a2fe6adcc7adfe1399eef6787f6f7c17&z=94538&ts=060725&fdm=59&ue=c2trMTI2c2trMTI2QGdtYWlsLmNvbQ==&utm_content=email-grid&utm_term=05-30-2025-CNEN-Crazy8&t=&ut=SY_GG&googleOneTap=true)	[sku index 1](https://click.sayweee.com/api/pricing/marketing-campaign-link/weee_7/store_cn/1/05-30-2025-CNEN-Crazy8_email-grid?uemail=14562653&uec=a2fe6adcc7adfe1399eef6787f6f7c17&z=94538&ts=060725&fdm=59&ue=c2trMTI2c2trMTI2QGdtYWlsLmNvbQ==&utm_content=email-grid&utm_term=05-30-2025-CNEN-Crazy8&t=&ut=SY_GG&googleOneTap=true)	[sku index 2](https://click.sayweee.com/api/pricing/marketing-campaign-link/weee_7/store_cn/2/05-30-2025-CNEN-Crazy8_email-grid?uemail=14562653&uec=a2fe6adcc7adfe1399eef6787f6f7c17&z=94538&ts=060725&fdm=59&ue=c2trMTI2c2trMTI2QGdtYWlsLmNvbQ==&utm_content=email-grid&utm_term=05-30-2025-CNEN-Crazy8&t=&ut=SY_GG&googleOneTap=true)
[sku index 3](https://click.sayweee.com/api/pricing/marketing-campaign-link/weee_7/store_cn/3/05-30-2025-CNEN-Crazy8_email-grid?uemail=14562653&uec=a2fe6adcc7adfe1399eef6787f6f7c17&z=94538&ts=060725&fdm=59&ue=c2trMTI2c2trMTI2QGdtYWlsLmNvbQ==&utm_content=email-grid&utm_term=05-30-2025-CNEN-Crazy8&t=&ut=SY_GG&googleOneTap=true)	[sku index 4](https://click.sayweee.com/api/pricing/marketing-campaign-link/weee_7/store_cn/4/05-30-2025-CNEN-Crazy8_email-grid?uemail=14562653&uec=a2fe6adcc7adfe1399eef6787f6f7c17&z=94538&ts=060725&fdm=59&ue=c2trMTI2c2trMTI2QGdtYWlsLmNvbQ==&utm_content=email-grid&utm_term=05-30-2025-CNEN-Crazy8&t=&ut=SY_GG&googleOneTap=true)	[sku index 5](https://click.sayweee.com/api/pricing/marketing-campaign-link/weee_7/store_cn/5/05-30-2025-CNEN-Crazy8_email-grid?uemail=14562653&uec=a2fe6adcc7adfe1399eef6787f6f7c17&z=94538&ts=060725&fdm=59&ue=c2trMTI2c2trMTI2QGdtYWlsLmNvbQ==&utm_content=email-grid&utm_term=05-30-2025-CNEN-Crazy8&t=&ut=SY_GG&googleOneTap=true)
[sku index 6](https://click.sayweee.com/api/pricing/marketing-campaign-link/weee_7/store_cn/6/05-30-2025-CNEN-Crazy8_email-grid?uemail=14562653&uec=a2fe6adcc7adfe1399eef6787f6f7c17&z=94538&ts=060725&fdm=59&ue=c2trMTI2c2trMTI2QGdtYWlsLmNvbQ==&utm_content=email-grid&utm_term=05-30-2025-CNEN-Crazy8&t=&ut=SY_GG&googleOneTap=true)	[sku index 7](https://click.sayweee.com/api/pricing/marketing-campaign-link/weee_7/store_cn/7/05-30-2025-CNEN-Crazy8_email-grid?uemail=14562653&uec=a2fe6adcc7adfe1399eef6787f6f7c17&z=94538&ts=060725&fdm=59&ue=c2trMTI2c2trMTI2QGdtYWlsLmNvbQ==&utm_content=email-grid&utm_term=05-30-2025-CNEN-Crazy8&t=&ut=SY_GG&googleOneTap=true)	[sku index 8](https://click.sayweee.com/api/pricing/marketing-campaign-link/weee_7/store_cn/8/05-30-2025-CNEN-Crazy8_email-grid?uemail=14562653&uec=a2fe6adcc7adfe1399eef6787f6f7c17&z=94538&ts=060725&fdm=59&ue=c2trMTI2c2trMTI2QGdtYWlsLmNvbQ==&utm_content=email-grid&utm_term=05-30-2025-CNEN-Crazy8&t=&ut=SY_GG&googleOneTap=true)
[sku index 9](https://click.sayweee.com/api/pricing/marketing-campaign-link/weee_7/store_cn/9/05-30-2025-CNEN-Crazy8_email-grid?uemail=14562653&uec=a2fe6adcc7adfe1399eef6787f6f7c17&z=94538&ts=060725&fdm=59&ue=c2trMTI2c2trMTI2QGdtYWlsLmNvbQ==&utm_content=email-grid&utm_term=05-30-2025-CNEN-Crazy8&t=&ut=SY_GG&googleOneTap=true)	[sku index 10](https://click.sayweee.com/api/pricing/marketing-campaign-link/weee_7/store_cn/10/05-30-2025-CNEN-Crazy8_email-grid?uemail=14562653&uec=a2fe6adcc7adfe1399eef6787f6f7c17&z=94538&ts=060725&fdm=59&ue=c2trMTI2c2trMTI2QGdtYWlsLmNvbQ==&utm_content=email-grid&utm_term=05-30-2025-CNEN-Crazy8&t=&ut=SY_GG&googleOneTap=true)	[sku index 11](https://click.sayweee.com/api/pricing/marketing-campaign-link/weee_7/store_cn/11/05-30-2025-CNEN-Crazy8_email-grid?uemail=14562653&uec=a2fe6adcc7adfe1399eef6787f6f7c17&z=94538&ts=060725&fdm=59&ue=c2trMTI2c2trMTI2QGdtYWlsLmNvbQ==&utm_content=email-grid&utm_term=05-30-2025-CNEN-Crazy8&t=&ut=SY_GG&googleOneTap=true)
[View all skus grid](https://click.sayweee.com/api/pricing/marketing-campaign-link/weee_7/store_cn/0/05-30-2025-CNEN-Crazy8_email-hero?uemail=14562653&uec=a2fe6adcc7adfe1399eef6787f6f7c17&z=94538&ts=060725&fdm=59&utm_content=email-grid-view-all&t=&ut=SY_GG&googleOneTap=true)    [ads-emailFooterTop](https://click.sayweee.com/api/ads/decision/click/weee_7/store_cn/0/_email-hero?uemail=14562653&uec=a2fe6adcc7adfe1399eef6787f6f7c17&z=94538&ts=060725&fdm=59&slotId=emailFooterTop&ue=c2trMTI2c2trMTI2QGdtYWlsLmNvbQ==&gtdl=-1&lsdl=38&ut=SY_GG&googleOneTap=true&kversion=5&oc=2&tz=America%2FLos_Angeles&rri=&rz=&fpor=&vs=0&roc=&roc30=&roc90=&ps=&tov=132.55&rod=&rsc=&ltr=1) [Back in stock](https://click.sayweee.com/grocery-near-me/delivery/back-in-stock?mktOrg=weee_7&mktPrimaryStore=store_cn&utm_content=back-in-stock_group-click&_e=1&&sData=106137,106186,35060,42075,503,6147,107922,38283,107060,35671&uemail=14562653&uec=a2fe6adcc7adfe1399eef6787f6f7c17&z=94538&ts=060725&fdm=59&ue=c2trMTI2c2trMTI2QGdtYWlsLmNvbQ==&maincpid=05-30-2025-CNEN-Crazy8&ut=SY_GG&googleOneTap=true&_kx=)

Buy it again

[Buy again sku](https://click.sayweee.com/api/pricing/marketing-campaign-link/weee_7/store_cn/0/buy-again-section_email-grid?uemail=14562653&uec=a2fe6adcc7adfe1399eef6787f6f7c17&z=94538&ts=060725&fdm=59&ue=c2trMTI2c2trMTI2QGdtYWlsLmNvbQ==&utm_content=buy-again-section&t=&ut=SY_GG&googleOneTap=true)	[Buy again sku](https://click.sayweee.com/api/pricing/marketing-campaign-link/weee_7/store_cn/1/buy-again-section_email-grid?uemail=14562653&uec=a2fe6adcc7adfe1399eef6787f6f7c17&z=94538&ts=060725&fdm=59&ue=c2trMTI2c2trMTI2QGdtYWlsLmNvbQ==&utm_content=buy-again-section&t=&ut=SY_GG&googleOneTap=true)	[Buy again sku](https://click.sayweee.com/api/pricing/marketing-campaign-link/weee_7/store_cn/2/buy-again-section_email-grid?uemail=14562653&uec=a2fe6adcc7adfe1399eef6787f6f7c17&z=94538&ts=060725&fdm=59&ue=c2trMTI2c2trMTI2QGdtYWlsLmNvbQ==&utm_content=buy-again-section&t=&ut=SY_GG&googleOneTap=true)
[Buy again sku](https://click.sayweee.com/api/pricing/marketing-campaign-link/weee_7/store_cn/3/buy-again-section_email-grid?uemail=14562653&uec=a2fe6adcc7adfe1399eef6787f6f7c17&z=94538&ts=060725&fdm=59&ue=c2trMTI2c2trMTI2QGdtYWlsLmNvbQ==&utm_content=buy-again-section&t=&ut=SY_GG&googleOneTap=true)	[Buy again sku](https://click.sayweee.com/api/pricing/marketing-campaign-link/weee_7/store_cn/4/buy-again-section_email-grid?uemail=14562653&uec=a2fe6adcc7adfe1399eef6787f6f7c17&z=94538&ts=060725&fdm=59&ue=c2trMTI2c2trMTI2QGdtYWlsLmNvbQ==&utm_content=buy-again-section&t=&ut=SY_GG&googleOneTap=true)	[Buy again sku](https://click.sayweee.com/api/pricing/marketing-campaign-link/weee_7/store_cn/5/buy-again-section_email-grid?uemail=14562653&uec=a2fe6adcc7adfe1399eef6787f6f7c17&z=94538&ts=060725&fdm=59&ue=c2trMTI2c2trMTI2QGdtYWlsLmNvbQ==&utm_content=buy-again-section&t=&ut=SY_GG&googleOneTap=true)
[Buy again sku](https://click.sayweee.com/api/pricing/marketing-campaign-link/weee_7/store_cn/6/buy-again-section_email-grid?uemail=14562653&uec=a2fe6adcc7adfe1399eef6787f6f7c17&z=94538&ts=060725&fdm=59&ue=c2trMTI2c2trMTI2QGdtYWlsLmNvbQ==&utm_content=buy-again-section&t=&ut=SY_GG&googleOneTap=true)	[Buy again sku](https://click.sayweee.com/api/pricing/marketing-campaign-link/weee_7/store_cn/7/buy-again-section_email-grid?uemail=14562653&uec=a2fe6adcc7adfe1399eef6787f6f7c17&z=94538&ts=060725&fdm=59&ue=c2trMTI2c2trMTI2QGdtYWlsLmNvbQ==&utm_content=buy-again-section&t=&ut=SY_GG&googleOneTap=true)	[Buy again sku](https://click.sayweee.com/api/pricing/marketing-campaign-link/weee_7/store_cn/8/buy-again-section_email-grid?uemail=14562653&uec=a2fe6adcc7adfe1399eef6787f6f7c17&z=94538&ts=060725&fdm=59&ue=c2trMTI2c2trMTI2QGdtYWlsLmNvbQ==&utm_content=buy-again-section&t=&ut=SY_GG&googleOneTap=true)
[Buy again sku](https://click.sayweee.com/api/pricing/marketing-campaign-link/weee_7/store_cn/9/buy-again-section_email-grid?uemail=14562653&uec=a2fe6adcc7adfe1399eef6787f6f7c17&z=94538&ts=060725&fdm=59&ue=c2trMTI2c2trMTI2QGdtYWlsLmNvbQ==&utm_content=buy-again-section&t=&ut=SY_GG&googleOneTap=true)	[Buy again sku](https://click.sayweee.com/api/pricing/marketing-campaign-link/weee_7/store_cn/10/buy-again-section_email-grid?uemail=14562653&uec=a2fe6adcc7adfe1399eef6787f6f7c17&z=94538&ts=060725&fdm=59&ue=c2trMTI2c2trMTI2QGdtYWlsLmNvbQ==&utm_content=buy-again-section&t=&ut=SY_GG&googleOneTap=true)	[Buy again sku](https://click.sayweee.com/api/pricing/marketing-campaign-link/weee_7/store_cn/11/buy-again-section_email-grid?uemail=14562653&uec=a2fe6adcc7adfe1399eef6787f6f7c17&z=94538&ts=060725&fdm=59&ue=c2trMTI2c2trMTI2QGdtYWlsLmNvbQ==&utm_content=buy-again-section&t=&ut=SY_GG&googleOneTap=true) [Trending near you

[Sku img]	[Sku img]	[Sku img]
[Sku img]	[Sku img]	[Sku img]](https://click.sayweee.com/api/pricing/marketing-campaign-link/weee_7/store_cn/0/trending-near-you-Saturday_email-hero?uemail=14562653&uec=a2fe6adcc7adfe1399eef6787f6f7c17&z=94538&ts=060725&fdm=59&ue=c2trMTI2c2trMTI2QGdtYWlsLmNvbQ==&utm_content=trending-near-you-Saturday&utm_term=trending-near-you-Saturday&t=&ut=SY_GG&googleOneTap=true) [Global+ Trending near you

[Sku img]	[Sku img]	[Sku img]
[Sku img]	[Sku img]	[Sku img]](https://click.sayweee.com/api/pricing/marketing-campaign-link/weee_7/store_cn/0/trending-near-you-globalPlus-Saturday_email-hero?uemail=14562653&uec=a2fe6adcc7adfe1399eef6787f6f7c17&z=94538&ts=060725&fdm=59&ue=c2trMTI2c2trMTI2QGdtYWlsLmNvbQ==&utm_content=trending-near-you-globalPlus-Saturday&utm_term=trending-near-you-globalPlus-Saturday&t=&ut=SY_GG&googleOneTap=true) [Promotional Banners](https://www.sayweee.com/cms/page/activity/sale-Crazy8?utm_content=home_banners&uemail=14562653&uec=a2fe6adcc7adfe1399eef6787f6f7c17&z=94538&ts=060725&fdm=59&ue=c2trMTI2c2trMTI2QGdtYWlsLmNvbQ==) [Promotional Banners](https://www.sayweee.com/promotion/free-gift/landing?ps_id=12845&utm_content=home_banners&uemail=14562653&uec=a2fe6adcc7adfe1399eef6787f6f7c17&z=94538&ts=060725&fdm=59&ue=c2trMTI2c2trMTI2QGdtYWlsLmNvbQ==) [Promotional Banners](https://www.sayweee.com/cms/page/activity/8iE5VXCK?utm_content=home_banners&uemail=14562653&uec=a2fe6adcc7adfe1399eef6787f6f7c17&z=94538&ts=060725&fdm=59&ue=c2trMTI2c2trMTI2QGdtYWlsLmNvbQ==)
[Hero Banner](https://click.sayweee.com/api/pricing/marketing-campaign-link/weee_7/store_cn/0/Recommended-NewArrivals-Banner_email-hero?uemail=14562653&uec=a2fe6adcc7adfe1399eef6787f6f7c17&z=94538&ts=060725&fdm=59&ue=c2trMTI2c2trMTI2QGdtYWlsLmNvbQ==&utm_content=email-hero&utm_term=Recommended-NewArrivals-Banner&t=&ut=SY_GG&googleOneTap=true)
[ads-emailFooterMiddle](https://click.sayweee.com/api/ads/decision/click/weee_7/store_cn/0/_email-hero?uemail=14562653&uec=a2fe6adcc7adfe1399eef6787f6f7c17&z=94538&ts=060725&fdm=59&slotId=emailFooterMiddle&ue=c2trMTI2c2trMTI2QGdtYWlsLmNvbQ==&gtdl=-1&lsdl=38&ut=SY_GG&googleOneTap=true&kversion=5&oc=2&tz=America%2FLos_Angeles&rri=&rz=&fpor=&vs=0&roc=&roc30=&roc90=&ps=&tov=132.55&rod=&rsc=&ltr=1) [ads-emailFooterBottom](https://click.sayweee.com/api/ads/decision/click/weee_7/store_cn/0/_email-hero?uemail=14562653&uec=a2fe6adcc7adfe1399eef6787f6f7c17&z=94538&ts=060725&fdm=59&slotId=emailFooterBottom&ue=c2trMTI2c2trMTI2QGdtYWlsLmNvbQ==&gtdl=-1&lsdl=38&ut=SY_GG&googleOneTap=true&kversion=5&oc=2&tz=America%2FLos_Angeles&rri=&rz=&fpor=&vs=0&roc=&roc30=&roc90=&ps=&tov=132.55&rod=&rsc=&ltr=1) [ads-emailFootnote](https://click.sayweee.com/api/ads/decision/click/weee_7/store_cn/0/_email-hero?uemail=14562653&uec=a2fe6adcc7adfe1399eef6787f6f7c17&z=94538&ts=060725&fdm=59&slotId=emailFootnote&ue=c2trMTI2c2trMTI2QGdtYWlsLmNvbQ==&gtdl=-1&lsdl=38&ut=SY_GG&googleOneTap=true&kversion=5&oc=2&tz=America%2FLos_Angeles&rri=&rz=&fpor=&vs=0&roc=&roc30=&roc90=&ps=&tov=132.55&rod=&rsc=&ltr=1)  2025 Weee!, Inc.
47467 Fremont Blvd
Fremont, CA 94538

[Unsubscribe](https://manage.kmail-lists.com/subscriptions/unsubscribe?a=RxFpcN&c=01JHKNV1D34DBKM8KHP754YED9&k=9927a7ac0d043e7a303c0fde32167d60&m=01JX3N2NCVAJFWRJPSY8KDHNPK&r=01JX5FBKVA7T1X26W6M34XYTTK) [Manage](https://manage.kmail-lists.com/subscriptions/update?a=RxFpcN&c=01JHKNV1D34DBKM8KHP754YED9&k=9927a7ac0d043e7a303c0fde32167d60&m=01JX3N2NCVAJFWRJPSY8KDHNPK&r=01JX5FBKVA7T1X26W6M34XYTTK) [Support](mailto:support@sayweee.com)",1
Celebrate Pentecost: Support Our Catholic Mission!,"Email from Rensselaer Newman Foundation Ignite Your Faith and Make a Difference This Pentecost Sunday!   ""I would suggest to others to donate to RNF for the same reason I do, to ensure that there is a Catholic presence on the RPI campus, available to the community as needed and to assist with educating the whole student outside of formal classroom instruction."" Daniel Horvath, RPI ‘08 Ignite the Spirit on Catholic Day of Giving Tomorrow is Pentecost Sunday — the ""birthday"" of the Church! It marks the moment the Holy Spirit descended upon the disciples, empowering them to carry Christ’s message to the world. It also marks the beginning of the Church’s mission — a mission that continues today. In that same spirit, tomorrow is RNF Catholic Day of Giving — your opportunity to support the Catholic Ministry at RPI that brings students, alumni, and our parish family closer to Christ. This Pentecost season, we invite you to join in supporting the mission of The Rensselaer Newman Foundation. Your gift helps ensure that the light of faith continues to shine brightly in the lives of all those we serve. MAKE YOUR GIFT EARLY! - DONATE TODAY Please join us in building a legacy of faith, service, and community—right here at RPI. Thanks to the following generous donors, your gift will be matched dollar-for-dollar up to $4,500: Brian McManus, RPI ‘61 Judge Arthur Gajarsa, RPI ’62, and Melanie Gajarsa Michael J. McCabe, RPI ‘79 Anonymous Donor Some exciting news: One of our original matching gift donors has been so inspired by the response that they’ve increased their match by an additional $500! This means your gift today goes even further to support Catholic life at RPI. Don't wait. Double the impact of your gift today! Thanks to other supporters, we've raised more than $2,800 so far! MAKE YOUR GIFT EARLY! - DONATE BELOW If you’ve already given, please disregard this message — and thank you for your early support in helping us reach our matching goal! ""Newman is an important space for me to connect with friends from different majors and backgrounds. Without this organization, I wouldn’t have met some of the friends I now consider to be some of my closest connections, people I consider to be friends for life. Your contributions allow us to give our RPI students and members a chance to connect over dinners or events around the Troy area!"" Maura Cronin, RPI ‘25       View as Webpage Share This Email Share This Email Share This Email     Rensselaer Newman Foundation | The Chapel + Cultural Center 2125 Burdett Ave. | Troy, NY 12180 US Unsubscribe | Update Profile | Constant Contact Data Notice",1
"""Lost Connection: Disconnected""",,3
New app alert! Check out today’s newest titles for Meta Quest.,,3
New notifications arriving in headset.,,3
"🏆Kang, we've missed you. Save up to $630 with eligible trade-in on the NEW Galaxy S25 Edge.",,3
합리적인 가격의 인기 레스토랑,,3
Big sale! Up to 50% off everything😍,"[ads-emailHeaderTop](https://click.sayweee.com/api/ads/decision/click/weee_7/store_cn/0/06-06-2025-CNEN-Crazy8_email-hero?uemail=14562653&uec=a2fe6adcc7adfe1399eef6787f6f7c17&z=94538&ts=060625&fdm=59&slotId=emailHeaderTop&ue=c2trMTI2c2trMTI2QGdtYWlsLmNvbQ==&gtdl=-1&lsdl=39&ut=SY_GG&googleOneTap=true&kversion=5&oc=2&tz=America%2FLos_Angeles&rri=&rz=&fpor=&vs=0&roc=&roc30=&roc90=&ps=&tov=132.55&rod=&rsc=&ltr=1)
[Hero Banner](https://click.sayweee.com/api/pricing/marketing-campaign-link/weee_7/store_cn/0/06-06-2025-CNEN-Crazy8_email-hero?uemail=14562653&uec=a2fe6adcc7adfe1399eef6787f6f7c17&z=94538&ts=060625&fdm=59&ue=c2trMTI2c2trMTI2QGdtYWlsLmNvbQ==&utm_content=email-hero&utm_term=06-06-2025-CNEN-Crazy8&t=&ut=SY_GG&googleOneTap=true)

[sku index 0](https://click.sayweee.com/api/pricing/marketing-campaign-link/weee_7/store_cn/0/06-06-2025-CNEN-Crazy8_email-grid?uemail=14562653&uec=a2fe6adcc7adfe1399eef6787f6f7c17&z=94538&ts=060625&fdm=59&ue=c2trMTI2c2trMTI2QGdtYWlsLmNvbQ==&utm_content=email-grid&utm_term=06-06-2025-CNEN-Crazy8&t=&ut=SY_GG&googleOneTap=true)	[sku index 1](https://click.sayweee.com/api/pricing/marketing-campaign-link/weee_7/store_cn/1/06-06-2025-CNEN-Crazy8_email-grid?uemail=14562653&uec=a2fe6adcc7adfe1399eef6787f6f7c17&z=94538&ts=060625&fdm=59&ue=c2trMTI2c2trMTI2QGdtYWlsLmNvbQ==&utm_content=email-grid&utm_term=06-06-2025-CNEN-Crazy8&t=&ut=SY_GG&googleOneTap=true)	[sku index 2](https://click.sayweee.com/api/pricing/marketing-campaign-link/weee_7/store_cn/2/06-06-2025-CNEN-Crazy8_email-grid?uemail=14562653&uec=a2fe6adcc7adfe1399eef6787f6f7c17&z=94538&ts=060625&fdm=59&ue=c2trMTI2c2trMTI2QGdtYWlsLmNvbQ==&utm_content=email-grid&utm_term=06-06-2025-CNEN-Crazy8&t=&ut=SY_GG&googleOneTap=true)
[sku index 3](https://click.sayweee.com/api/pricing/marketing-campaign-link/weee_7/store_cn/3/06-06-2025-CNEN-Crazy8_email-grid?uemail=14562653&uec=a2fe6adcc7adfe1399eef6787f6f7c17&z=94538&ts=060625&fdm=59&ue=c2trMTI2c2trMTI2QGdtYWlsLmNvbQ==&utm_content=email-grid&utm_term=06-06-2025-CNEN-Crazy8&t=&ut=SY_GG&googleOneTap=true)	[sku index 4](https://click.sayweee.com/api/pricing/marketing-campaign-link/weee_7/store_cn/4/06-06-2025-CNEN-Crazy8_email-grid?uemail=14562653&uec=a2fe6adcc7adfe1399eef6787f6f7c17&z=94538&ts=060625&fdm=59&ue=c2trMTI2c2trMTI2QGdtYWlsLmNvbQ==&utm_content=email-grid&utm_term=06-06-2025-CNEN-Crazy8&t=&ut=SY_GG&googleOneTap=true)	[sku index 5](https://click.sayweee.com/api/pricing/marketing-campaign-link/weee_7/store_cn/5/06-06-2025-CNEN-Crazy8_email-grid?uemail=14562653&uec=a2fe6adcc7adfe1399eef6787f6f7c17&z=94538&ts=060625&fdm=59&ue=c2trMTI2c2trMTI2QGdtYWlsLmNvbQ==&utm_content=email-grid&utm_term=06-06-2025-CNEN-Crazy8&t=&ut=SY_GG&googleOneTap=true)
[sku index 6](https://click.sayweee.com/api/pricing/marketing-campaign-link/weee_7/store_cn/6/06-06-2025-CNEN-Crazy8_email-grid?uemail=14562653&uec=a2fe6adcc7adfe1399eef6787f6f7c17&z=94538&ts=060625&fdm=59&ue=c2trMTI2c2trMTI2QGdtYWlsLmNvbQ==&utm_content=email-grid&utm_term=06-06-2025-CNEN-Crazy8&t=&ut=SY_GG&googleOneTap=true)	[sku index 7](https://click.sayweee.com/api/pricing/marketing-campaign-link/weee_7/store_cn/7/06-06-2025-CNEN-Crazy8_email-grid?uemail=14562653&uec=a2fe6adcc7adfe1399eef6787f6f7c17&z=94538&ts=060625&fdm=59&ue=c2trMTI2c2trMTI2QGdtYWlsLmNvbQ==&utm_content=email-grid&utm_term=06-06-2025-CNEN-Crazy8&t=&ut=SY_GG&googleOneTap=true)	[sku index 8](https://click.sayweee.com/api/pricing/marketing-campaign-link/weee_7/store_cn/8/06-06-2025-CNEN-Crazy8_email-grid?uemail=14562653&uec=a2fe6adcc7adfe1399eef6787f6f7c17&z=94538&ts=060625&fdm=59&ue=c2trMTI2c2trMTI2QGdtYWlsLmNvbQ==&utm_content=email-grid&utm_term=06-06-2025-CNEN-Crazy8&t=&ut=SY_GG&googleOneTap=true)
[sku index 9](https://click.sayweee.com/api/pricing/marketing-campaign-link/weee_7/store_cn/9/06-06-2025-CNEN-Crazy8_email-grid?uemail=14562653&uec=a2fe6adcc7adfe1399eef6787f6f7c17&z=94538&ts=060625&fdm=59&ue=c2trMTI2c2trMTI2QGdtYWlsLmNvbQ==&utm_content=email-grid&utm_term=06-06-2025-CNEN-Crazy8&t=&ut=SY_GG&googleOneTap=true)	[sku index 10](https://click.sayweee.com/api/pricing/marketing-campaign-link/weee_7/store_cn/10/06-06-2025-CNEN-Crazy8_email-grid?uemail=14562653&uec=a2fe6adcc7adfe1399eef6787f6f7c17&z=94538&ts=060625&fdm=59&ue=c2trMTI2c2trMTI2QGdtYWlsLmNvbQ==&utm_content=email-grid&utm_term=06-06-2025-CNEN-Crazy8&t=&ut=SY_GG&googleOneTap=true)	[sku index 11](https://click.sayweee.com/api/pricing/marketing-campaign-link/weee_7/store_cn/11/06-06-2025-CNEN-Crazy8_email-grid?uemail=14562653&uec=a2fe6adcc7adfe1399eef6787f6f7c17&z=94538&ts=060625&fdm=59&ue=c2trMTI2c2trMTI2QGdtYWlsLmNvbQ==&utm_content=email-grid&utm_term=06-06-2025-CNEN-Crazy8&t=&ut=SY_GG&googleOneTap=true)
[View all skus grid](https://click.sayweee.com/api/pricing/marketing-campaign-link/weee_7/store_cn/0/06-06-2025-CNEN-Crazy8_email-hero?uemail=14562653&uec=a2fe6adcc7adfe1399eef6787f6f7c17&z=94538&ts=060625&fdm=59&utm_content=email-grid-view-all&t=&ut=SY_GG&googleOneTap=true)    [ads-emailFooterTop](https://click.sayweee.com/api/ads/decision/click/weee_7/store_cn/0/_email-hero?uemail=14562653&uec=a2fe6adcc7adfe1399eef6787f6f7c17&z=94538&ts=060625&fdm=59&slotId=emailFooterTop&ue=c2trMTI2c2trMTI2QGdtYWlsLmNvbQ==&gtdl=-1&lsdl=39&ut=SY_GG&googleOneTap=true&kversion=5&oc=2&tz=America%2FLos_Angeles&rri=&rz=&fpor=&vs=0&roc=&roc30=&roc90=&ps=&tov=132.55&rod=&rsc=&ltr=1) [Back in stock](https://click.sayweee.com/grocery-near-me/delivery/back-in-stock?mktOrg=weee_7&mktPrimaryStore=store_cn&utm_content=back-in-stock_group-click&_e=1&&sData=106137,24712,106186,107121,35060,20192,42075,503,107922,6147&uemail=14562653&uec=a2fe6adcc7adfe1399eef6787f6f7c17&z=94538&ts=060625&fdm=59&ue=c2trMTI2c2trMTI2QGdtYWlsLmNvbQ==&maincpid=06-06-2025-CNEN-Crazy8&ut=SY_GG&googleOneTap=true&_kx=)

Buy it again

[Buy again sku](https://click.sayweee.com/api/pricing/marketing-campaign-link/weee_7/store_cn/0/buy-again-section_email-grid?uemail=14562653&uec=a2fe6adcc7adfe1399eef6787f6f7c17&z=94538&ts=060625&fdm=59&ue=c2trMTI2c2trMTI2QGdtYWlsLmNvbQ==&utm_content=buy-again-section&t=&ut=SY_GG&googleOneTap=true)	[Buy again sku](https://click.sayweee.com/api/pricing/marketing-campaign-link/weee_7/store_cn/1/buy-again-section_email-grid?uemail=14562653&uec=a2fe6adcc7adfe1399eef6787f6f7c17&z=94538&ts=060625&fdm=59&ue=c2trMTI2c2trMTI2QGdtYWlsLmNvbQ==&utm_content=buy-again-section&t=&ut=SY_GG&googleOneTap=true)	[Buy again sku](https://click.sayweee.com/api/pricing/marketing-campaign-link/weee_7/store_cn/2/buy-again-section_email-grid?uemail=14562653&uec=a2fe6adcc7adfe1399eef6787f6f7c17&z=94538&ts=060625&fdm=59&ue=c2trMTI2c2trMTI2QGdtYWlsLmNvbQ==&utm_content=buy-again-section&t=&ut=SY_GG&googleOneTap=true)
[Buy again sku](https://click.sayweee.com/api/pricing/marketing-campaign-link/weee_7/store_cn/3/buy-again-section_email-grid?uemail=14562653&uec=a2fe6adcc7adfe1399eef6787f6f7c17&z=94538&ts=060625&fdm=59&ue=c2trMTI2c2trMTI2QGdtYWlsLmNvbQ==&utm_content=buy-again-section&t=&ut=SY_GG&googleOneTap=true)	[Buy again sku](https://click.sayweee.com/api/pricing/marketing-campaign-link/weee_7/store_cn/4/buy-again-section_email-grid?uemail=14562653&uec=a2fe6adcc7adfe1399eef6787f6f7c17&z=94538&ts=060625&fdm=59&ue=c2trMTI2c2trMTI2QGdtYWlsLmNvbQ==&utm_content=buy-again-section&t=&ut=SY_GG&googleOneTap=true)	[Buy again sku](https://click.sayweee.com/api/pricing/marketing-campaign-link/weee_7/store_cn/5/buy-again-section_email-grid?uemail=14562653&uec=a2fe6adcc7adfe1399eef6787f6f7c17&z=94538&ts=060625&fdm=59&ue=c2trMTI2c2trMTI2QGdtYWlsLmNvbQ==&utm_content=buy-again-section&t=&ut=SY_GG&googleOneTap=true)
[Buy again sku](https://click.sayweee.com/api/pricing/marketing-campaign-link/weee_7/store_cn/6/buy-again-section_email-grid?uemail=14562653&uec=a2fe6adcc7adfe1399eef6787f6f7c17&z=94538&ts=060625&fdm=59&ue=c2trMTI2c2trMTI2QGdtYWlsLmNvbQ==&utm_content=buy-again-section&t=&ut=SY_GG&googleOneTap=true)	[Buy again sku](https://click.sayweee.com/api/pricing/marketing-campaign-link/weee_7/store_cn/7/buy-again-section_email-grid?uemail=14562653&uec=a2fe6adcc7adfe1399eef6787f6f7c17&z=94538&ts=060625&fdm=59&ue=c2trMTI2c2trMTI2QGdtYWlsLmNvbQ==&utm_content=buy-again-section&t=&ut=SY_GG&googleOneTap=true)	[Buy again sku](https://click.sayweee.com/api/pricing/marketing-campaign-link/weee_7/store_cn/8/buy-again-section_email-grid?uemail=14562653&uec=a2fe6adcc7adfe1399eef6787f6f7c17&z=94538&ts=060625&fdm=59&ue=c2trMTI2c2trMTI2QGdtYWlsLmNvbQ==&utm_content=buy-again-section&t=&ut=SY_GG&googleOneTap=true)
[Buy again sku](https://click.sayweee.com/api/pricing/marketing-campaign-link/weee_7/store_cn/9/buy-again-section_email-grid?uemail=14562653&uec=a2fe6adcc7adfe1399eef6787f6f7c17&z=94538&ts=060625&fdm=59&ue=c2trMTI2c2trMTI2QGdtYWlsLmNvbQ==&utm_content=buy-again-section&t=&ut=SY_GG&googleOneTap=true)	[Buy again sku](https://click.sayweee.com/api/pricing/marketing-campaign-link/weee_7/store_cn/10/buy-again-section_email-grid?uemail=14562653&uec=a2fe6adcc7adfe1399eef6787f6f7c17&z=94538&ts=060625&fdm=59&ue=c2trMTI2c2trMTI2QGdtYWlsLmNvbQ==&utm_content=buy-again-section&t=&ut=SY_GG&googleOneTap=true)	[Buy again sku](https://click.sayweee.com/api/pricing/marketing-campaign-link/weee_7/store_cn/11/buy-again-section_email-grid?uemail=14562653&uec=a2fe6adcc7adfe1399eef6787f6f7c17&z=94538&ts=060625&fdm=59&ue=c2trMTI2c2trMTI2QGdtYWlsLmNvbQ==&utm_content=buy-again-section&t=&ut=SY_GG&googleOneTap=true) [Trending near you

[Sku img]	[Sku img]	[Sku img]
[Sku img]	[Sku img]	[Sku img]](https://click.sayweee.com/api/pricing/marketing-campaign-link/weee_7/store_cn/0/trending-near-you-Friday_email-hero?uemail=14562653&uec=a2fe6adcc7adfe1399eef6787f6f7c17&z=94538&ts=060625&fdm=59&ue=c2trMTI2c2trMTI2QGdtYWlsLmNvbQ==&utm_content=trending-near-you-Friday&utm_term=trending-near-you-Friday&t=&ut=SY_GG&googleOneTap=true) [Global+ Trending near you

[Sku img]	[Sku img]	[Sku img]
[Sku img]	[Sku img]	[Sku img]](https://click.sayweee.com/api/pricing/marketing-campaign-link/weee_7/store_cn/0/trending-near-you-globalPlus-Friday_email-hero?uemail=14562653&uec=a2fe6adcc7adfe1399eef6787f6f7c17&z=94538&ts=060625&fdm=59&ue=c2trMTI2c2trMTI2QGdtYWlsLmNvbQ==&utm_content=trending-near-you-globalPlus-Friday&utm_term=trending-near-you-globalPlus-Friday&t=&ut=SY_GG&googleOneTap=true) [Promotional Banners](https://www.sayweee.com/cms/page/activity/TQOM9FKW?utm_content=home_banners&uemail=14562653&uec=a2fe6adcc7adfe1399eef6787f6f7c17&z=94538&ts=060625&fdm=59&ue=c2trMTI2c2trMTI2QGdtYWlsLmNvbQ==) [Promotional Banners](https://www.sayweee.com/cms/page/activity/Lf3q1M5e?utm_content=home_banners&uemail=14562653&uec=a2fe6adcc7adfe1399eef6787f6f7c17&z=94538&ts=060625&fdm=59&ue=c2trMTI2c2trMTI2QGdtYWlsLmNvbQ==) [Promotional Banners](https://www.sayweee.com/cms/page/activity/qhdsK2P1?utm_content=home_banners&uemail=14562653&uec=a2fe6adcc7adfe1399eef6787f6f7c17&z=94538&ts=060625&fdm=59&ue=c2trMTI2c2trMTI2QGdtYWlsLmNvbQ==)
[Hero Banner](https://click.sayweee.com/api/pricing/marketing-campaign-link/weee_7/store_cn/0/Recommended-NewArrivals-Banner_email-hero?uemail=14562653&uec=a2fe6adcc7adfe1399eef6787f6f7c17&z=94538&ts=060625&fdm=59&ue=c2trMTI2c2trMTI2QGdtYWlsLmNvbQ==&utm_content=email-hero&utm_term=Recommended-NewArrivals-Banner&t=&ut=SY_GG&googleOneTap=true)
[ads-emailFooterMiddle](https://click.sayweee.com/api/ads/decision/click/weee_7/store_cn/0/_email-hero?uemail=14562653&uec=a2fe6adcc7adfe1399eef6787f6f7c17&z=94538&ts=060625&fdm=59&slotId=emailFooterMiddle&ue=c2trMTI2c2trMTI2QGdtYWlsLmNvbQ==&gtdl=-1&lsdl=39&ut=SY_GG&googleOneTap=true&kversion=5&oc=2&tz=America%2FLos_Angeles&rri=&rz=&fpor=&vs=0&roc=&roc30=&roc90=&ps=&tov=132.55&rod=&rsc=&ltr=1) [ads-emailFooterBottom](https://click.sayweee.com/api/ads/decision/click/weee_7/store_cn/0/_email-hero?uemail=14562653&uec=a2fe6adcc7adfe1399eef6787f6f7c17&z=94538&ts=060625&fdm=59&slotId=emailFooterBottom&ue=c2trMTI2c2trMTI2QGdtYWlsLmNvbQ==&gtdl=-1&lsdl=39&ut=SY_GG&googleOneTap=true&kversion=5&oc=2&tz=America%2FLos_Angeles&rri=&rz=&fpor=&vs=0&roc=&roc30=&roc90=&ps=&tov=132.55&rod=&rsc=&ltr=1) [ads-emailFootnote](https://click.sayweee.com/api/ads/decision/click/weee_7/store_cn/0/_email-hero?uemail=14562653&uec=a2fe6adcc7adfe1399eef6787f6f7c17&z=94538&ts=060625&fdm=59&slotId=emailFootnote&ue=c2trMTI2c2trMTI2QGdtYWlsLmNvbQ==&gtdl=-1&lsdl=39&ut=SY_GG&googleOneTap=true&kversion=5&oc=2&tz=America%2FLos_Angeles&rri=&rz=&fpor=&vs=0&roc=&roc30=&roc90=&ps=&tov=132.55&rod=&rsc=&ltr=1)  2025 Weee!, Inc.
47467 Fremont Blvd
Fremont, CA 94538

[Unsubscribe](https://manage.kmail-lists.com/subscriptions/unsubscribe?a=RxFpcN&c=01JHKNV1D34DBKM8KHP754YED9&k=9927a7ac0d043e7a303c0fde32167d60&m=01JX390T6VV4843H4Y2N6R242P&r=01JX3J1JVXKRWEM1E40AHX9KDS) [Manage](https://manage.kmail-lists.com/subscriptions/update?a=RxFpcN&c=01JHKNV1D34DBKM8KHP754YED9&k=9927a7ac0d043e7a303c0fde32167d60&m=01JX390T6VV4843H4Y2N6R242P&r=01JX3J1JVXKRWEM1E40AHX9KDS) [Support](mailto:support@sayweee.com)

[ads-emailHeaderTop](https://click.sayweee.com/api/ads/decision/click/weee_7/store_cn/0/05-30-2025-CNEN-Crazy8_email-hero?uemail=14562653&uec=a2fe6adcc7adfe1399eef6787f6f7c17&z=94538&ts=060625&fdm=59&slotId=emailHeaderTop&ue=c2trMTI2c2trMTI2QGdtYWlsLmNvbQ==&gtdl=-1&lsdl=39&ut=SY_GG&googleOneTap=true&kversion=5&oc=2&tz=America%2FLos_Angeles&rri=&rz=&fpor=&vs=0&roc=&roc30=&roc90=&ps=&tov=132.55&rod=&rsc=&ltr=1)
[Hero Banner](https://click.sayweee.com/api/pricing/marketing-campaign-link/weee_7/store_cn/0/05-30-2025-CNEN-Crazy8_email-hero?uemail=14562653&uec=a2fe6adcc7adfe1399eef6787f6f7c17&z=94538&ts=060625&fdm=59&ue=c2trMTI2c2trMTI2QGdtYWlsLmNvbQ==&utm_content=email-hero&utm_term=05-30-2025-CNEN-Crazy8&t=&ut=SY_GG&googleOneTap=true)

[sku index 0](https://click.sayweee.com/api/pricing/marketing-campaign-link/weee_7/store_cn/0/05-30-2025-CNEN-Crazy8_email-grid?uemail=14562653&uec=a2fe6adcc7adfe1399eef6787f6f7c17&z=94538&ts=060625&fdm=59&ue=c2trMTI2c2trMTI2QGdtYWlsLmNvbQ==&utm_content=email-grid&utm_term=05-30-2025-CNEN-Crazy8&t=&ut=SY_GG&googleOneTap=true)	[sku index 1](https://click.sayweee.com/api/pricing/marketing-campaign-link/weee_7/store_cn/1/05-30-2025-CNEN-Crazy8_email-grid?uemail=14562653&uec=a2fe6adcc7adfe1399eef6787f6f7c17&z=94538&ts=060625&fdm=59&ue=c2trMTI2c2trMTI2QGdtYWlsLmNvbQ==&utm_content=email-grid&utm_term=05-30-2025-CNEN-Crazy8&t=&ut=SY_GG&googleOneTap=true)	[sku index 2](https://click.sayweee.com/api/pricing/marketing-campaign-link/weee_7/store_cn/2/05-30-2025-CNEN-Crazy8_email-grid?uemail=14562653&uec=a2fe6adcc7adfe1399eef6787f6f7c17&z=94538&ts=060625&fdm=59&ue=c2trMTI2c2trMTI2QGdtYWlsLmNvbQ==&utm_content=email-grid&utm_term=05-30-2025-CNEN-Crazy8&t=&ut=SY_GG&googleOneTap=true)
[sku index 3](https://click.sayweee.com/api/pricing/marketing-campaign-link/weee_7/store_cn/3/05-30-2025-CNEN-Crazy8_email-grid?uemail=14562653&uec=a2fe6adcc7adfe1399eef6787f6f7c17&z=94538&ts=060625&fdm=59&ue=c2trMTI2c2trMTI2QGdtYWlsLmNvbQ==&utm_content=email-grid&utm_term=05-30-2025-CNEN-Crazy8&t=&ut=SY_GG&googleOneTap=true)	[sku index 4](https://click.sayweee.com/api/pricing/marketing-campaign-link/weee_7/store_cn/4/05-30-2025-CNEN-Crazy8_email-grid?uemail=14562653&uec=a2fe6adcc7adfe1399eef6787f6f7c17&z=94538&ts=060625&fdm=59&ue=c2trMTI2c2trMTI2QGdtYWlsLmNvbQ==&utm_content=email-grid&utm_term=05-30-2025-CNEN-Crazy8&t=&ut=SY_GG&googleOneTap=true)	[sku index 5](https://click.sayweee.com/api/pricing/marketing-campaign-link/weee_7/store_cn/5/05-30-2025-CNEN-Crazy8_email-grid?uemail=14562653&uec=a2fe6adcc7adfe1399eef6787f6f7c17&z=94538&ts=060625&fdm=59&ue=c2trMTI2c2trMTI2QGdtYWlsLmNvbQ==&utm_content=email-grid&utm_term=05-30-2025-CNEN-Crazy8&t=&ut=SY_GG&googleOneTap=true)
[sku index 6](https://click.sayweee.com/api/pricing/marketing-campaign-link/weee_7/store_cn/6/05-30-2025-CNEN-Crazy8_email-grid?uemail=14562653&uec=a2fe6adcc7adfe1399eef6787f6f7c17&z=94538&ts=060625&fdm=59&ue=c2trMTI2c2trMTI2QGdtYWlsLmNvbQ==&utm_content=email-grid&utm_term=05-30-2025-CNEN-Crazy8&t=&ut=SY_GG&googleOneTap=true)	[sku index 7](https://click.sayweee.com/api/pricing/marketing-campaign-link/weee_7/store_cn/7/05-30-2025-CNEN-Crazy8_email-grid?uemail=14562653&uec=a2fe6adcc7adfe1399eef6787f6f7c17&z=94538&ts=060625&fdm=59&ue=c2trMTI2c2trMTI2QGdtYWlsLmNvbQ==&utm_content=email-grid&utm_term=05-30-2025-CNEN-Crazy8&t=&ut=SY_GG&googleOneTap=true)	[sku index 8](https://click.sayweee.com/api/pricing/marketing-campaign-link/weee_7/store_cn/8/05-30-2025-CNEN-Crazy8_email-grid?uemail=14562653&uec=a2fe6adcc7adfe1399eef6787f6f7c17&z=94538&ts=060625&fdm=59&ue=c2trMTI2c2trMTI2QGdtYWlsLmNvbQ==&utm_content=email-grid&utm_term=05-30-2025-CNEN-Crazy8&t=&ut=SY_GG&googleOneTap=true)
[sku index 9](https://click.sayweee.com/api/pricing/marketing-campaign-link/weee_7/store_cn/9/05-30-2025-CNEN-Crazy8_email-grid?uemail=14562653&uec=a2fe6adcc7adfe1399eef6787f6f7c17&z=94538&ts=060625&fdm=59&ue=c2trMTI2c2trMTI2QGdtYWlsLmNvbQ==&utm_content=email-grid&utm_term=05-30-2025-CNEN-Crazy8&t=&ut=SY_GG&googleOneTap=true)	[sku index 10](https://click.sayweee.com/api/pricing/marketing-campaign-link/weee_7/store_cn/10/05-30-2025-CNEN-Crazy8_email-grid?uemail=14562653&uec=a2fe6adcc7adfe1399eef6787f6f7c17&z=94538&ts=060625&fdm=59&ue=c2trMTI2c2trMTI2QGdtYWlsLmNvbQ==&utm_content=email-grid&utm_term=05-30-2025-CNEN-Crazy8&t=&ut=SY_GG&googleOneTap=true)	[sku index 11](https://click.sayweee.com/api/pricing/marketing-campaign-link/weee_7/store_cn/11/05-30-2025-CNEN-Crazy8_email-grid?uemail=14562653&uec=a2fe6adcc7adfe1399eef6787f6f7c17&z=94538&ts=060625&fdm=59&ue=c2trMTI2c2trMTI2QGdtYWlsLmNvbQ==&utm_content=email-grid&utm_term=05-30-2025-CNEN-Crazy8&t=&ut=SY_GG&googleOneTap=true)
[View all skus grid](https://click.sayweee.com/api/pricing/marketing-campaign-link/weee_7/store_cn/0/05-30-2025-CNEN-Crazy8_email-hero?uemail=14562653&uec=a2fe6adcc7adfe1399eef6787f6f7c17&z=94538&ts=060625&fdm=59&utm_content=email-grid-view-all&t=&ut=SY_GG&googleOneTap=true)    [ads-emailFooterTop](https://click.sayweee.com/api/ads/decision/click/weee_7/store_cn/0/_email-hero?uemail=14562653&uec=a2fe6adcc7adfe1399eef6787f6f7c17&z=94538&ts=060625&fdm=59&slotId=emailFooterTop&ue=c2trMTI2c2trMTI2QGdtYWlsLmNvbQ==&gtdl=-1&lsdl=39&ut=SY_GG&googleOneTap=true&kversion=5&oc=2&tz=America%2FLos_Angeles&rri=&rz=&fpor=&vs=0&roc=&roc30=&roc90=&ps=&tov=132.55&rod=&rsc=&ltr=1) [Back in stock](https://click.sayweee.com/grocery-near-me/delivery/back-in-stock?mktOrg=weee_7&mktPrimaryStore=store_cn&utm_content=back-in-stock_group-click&_e=1&&sData=106137,24712,106186,107121,35060,20192,42075,503,107922,6147&uemail=14562653&uec=a2fe6adcc7adfe1399eef6787f6f7c17&z=94538&ts=060625&fdm=59&ue=c2trMTI2c2trMTI2QGdtYWlsLmNvbQ==&maincpid=05-30-2025-CNEN-Crazy8&ut=SY_GG&googleOneTap=true&_kx=)

Buy it again

[Buy again sku](https://click.sayweee.com/api/pricing/marketing-campaign-link/weee_7/store_cn/0/buy-again-section_email-grid?uemail=14562653&uec=a2fe6adcc7adfe1399eef6787f6f7c17&z=94538&ts=060625&fdm=59&ue=c2trMTI2c2trMTI2QGdtYWlsLmNvbQ==&utm_content=buy-again-section&t=&ut=SY_GG&googleOneTap=true)	[Buy again sku](https://click.sayweee.com/api/pricing/marketing-campaign-link/weee_7/store_cn/1/buy-again-section_email-grid?uemail=14562653&uec=a2fe6adcc7adfe1399eef6787f6f7c17&z=94538&ts=060625&fdm=59&ue=c2trMTI2c2trMTI2QGdtYWlsLmNvbQ==&utm_content=buy-again-section&t=&ut=SY_GG&googleOneTap=true)	[Buy again sku](https://click.sayweee.com/api/pricing/marketing-campaign-link/weee_7/store_cn/2/buy-again-section_email-grid?uemail=14562653&uec=a2fe6adcc7adfe1399eef6787f6f7c17&z=94538&ts=060625&fdm=59&ue=c2trMTI2c2trMTI2QGdtYWlsLmNvbQ==&utm_content=buy-again-section&t=&ut=SY_GG&googleOneTap=true)
[Buy again sku](https://click.sayweee.com/api/pricing/marketing-campaign-link/weee_7/store_cn/3/buy-again-section_email-grid?uemail=14562653&uec=a2fe6adcc7adfe1399eef6787f6f7c17&z=94538&ts=060625&fdm=59&ue=c2trMTI2c2trMTI2QGdtYWlsLmNvbQ==&utm_content=buy-again-section&t=&ut=SY_GG&googleOneTap=true)	[Buy again sku](https://click.sayweee.com/api/pricing/marketing-campaign-link/weee_7/store_cn/4/buy-again-section_email-grid?uemail=14562653&uec=a2fe6adcc7adfe1399eef6787f6f7c17&z=94538&ts=060625&fdm=59&ue=c2trMTI2c2trMTI2QGdtYWlsLmNvbQ==&utm_content=buy-again-section&t=&ut=SY_GG&googleOneTap=true)	[Buy again sku](https://click.sayweee.com/api/pricing/marketing-campaign-link/weee_7/store_cn/5/buy-again-section_email-grid?uemail=14562653&uec=a2fe6adcc7adfe1399eef6787f6f7c17&z=94538&ts=060625&fdm=59&ue=c2trMTI2c2trMTI2QGdtYWlsLmNvbQ==&utm_content=buy-again-section&t=&ut=SY_GG&googleOneTap=true)
[Buy again sku](https://click.sayweee.com/api/pricing/marketing-campaign-link/weee_7/store_cn/6/buy-again-section_email-grid?uemail=14562653&uec=a2fe6adcc7adfe1399eef6787f6f7c17&z=94538&ts=060625&fdm=59&ue=c2trMTI2c2trMTI2QGdtYWlsLmNvbQ==&utm_content=buy-again-section&t=&ut=SY_GG&googleOneTap=true)	[Buy again sku](https://click.sayweee.com/api/pricing/marketing-campaign-link/weee_7/store_cn/7/buy-again-section_email-grid?uemail=14562653&uec=a2fe6adcc7adfe1399eef6787f6f7c17&z=94538&ts=060625&fdm=59&ue=c2trMTI2c2trMTI2QGdtYWlsLmNvbQ==&utm_content=buy-again-section&t=&ut=SY_GG&googleOneTap=true)	[Buy again sku](https://click.sayweee.com/api/pricing/marketing-campaign-link/weee_7/store_cn/8/buy-again-section_email-grid?uemail=14562653&uec=a2fe6adcc7adfe1399eef6787f6f7c17&z=94538&ts=060625&fdm=59&ue=c2trMTI2c2trMTI2QGdtYWlsLmNvbQ==&utm_content=buy-again-section&t=&ut=SY_GG&googleOneTap=true)
[Buy again sku](https://click.sayweee.com/api/pricing/marketing-campaign-link/weee_7/store_cn/9/buy-again-section_email-grid?uemail=14562653&uec=a2fe6adcc7adfe1399eef6787f6f7c17&z=94538&ts=060625&fdm=59&ue=c2trMTI2c2trMTI2QGdtYWlsLmNvbQ==&utm_content=buy-again-section&t=&ut=SY_GG&googleOneTap=true)	[Buy again sku](https://click.sayweee.com/api/pricing/marketing-campaign-link/weee_7/store_cn/10/buy-again-section_email-grid?uemail=14562653&uec=a2fe6adcc7adfe1399eef6787f6f7c17&z=94538&ts=060625&fdm=59&ue=c2trMTI2c2trMTI2QGdtYWlsLmNvbQ==&utm_content=buy-again-section&t=&ut=SY_GG&googleOneTap=true)	[Buy again sku](https://click.sayweee.com/api/pricing/marketing-campaign-link/weee_7/store_cn/11/buy-again-section_email-grid?uemail=14562653&uec=a2fe6adcc7adfe1399eef6787f6f7c17&z=94538&ts=060625&fdm=59&ue=c2trMTI2c2trMTI2QGdtYWlsLmNvbQ==&utm_content=buy-again-section&t=&ut=SY_GG&googleOneTap=true) [Trending near you

[Sku img]	[Sku img]	[Sku img]
[Sku img]	[Sku img]	[Sku img]](https://click.sayweee.com/api/pricing/marketing-campaign-link/weee_7/store_cn/0/trending-near-you-Friday_email-hero?uemail=14562653&uec=a2fe6adcc7adfe1399eef6787f6f7c17&z=94538&ts=060625&fdm=59&ue=c2trMTI2c2trMTI2QGdtYWlsLmNvbQ==&utm_content=trending-near-you-Friday&utm_term=trending-near-you-Friday&t=&ut=SY_GG&googleOneTap=true) [Global+ Trending near you

[Sku img]	[Sku img]	[Sku img]
[Sku img]	[Sku img]	[Sku img]](https://click.sayweee.com/api/pricing/marketing-campaign-link/weee_7/store_cn/0/trending-near-you-globalPlus-Friday_email-hero?uemail=14562653&uec=a2fe6adcc7adfe1399eef6787f6f7c17&z=94538&ts=060625&fdm=59&ue=c2trMTI2c2trMTI2QGdtYWlsLmNvbQ==&utm_content=trending-near-you-globalPlus-Friday&utm_term=trending-near-you-globalPlus-Friday&t=&ut=SY_GG&googleOneTap=true) [Promotional Banners](https://www.sayweee.com/cms/page/activity/TQOM9FKW?utm_content=home_banners&uemail=14562653&uec=a2fe6adcc7adfe1399eef6787f6f7c17&z=94538&ts=060625&fdm=59&ue=c2trMTI2c2trMTI2QGdtYWlsLmNvbQ==) [Promotional Banners](https://www.sayweee.com/cms/page/activity/Lf3q1M5e?utm_content=home_banners&uemail=14562653&uec=a2fe6adcc7adfe1399eef6787f6f7c17&z=94538&ts=060625&fdm=59&ue=c2trMTI2c2trMTI2QGdtYWlsLmNvbQ==) [Promotional Banners](https://www.sayweee.com/cms/page/activity/qhdsK2P1?utm_content=home_banners&uemail=14562653&uec=a2fe6adcc7adfe1399eef6787f6f7c17&z=94538&ts=060625&fdm=59&ue=c2trMTI2c2trMTI2QGdtYWlsLmNvbQ==)
[Hero Banner](https://click.sayweee.com/api/pricing/marketing-campaign-link/weee_7/store_cn/0/Recommended-NewArrivals-Banner_email-hero?uemail=14562653&uec=a2fe6adcc7adfe1399eef6787f6f7c17&z=94538&ts=060625&fdm=59&ue=c2trMTI2c2trMTI2QGdtYWlsLmNvbQ==&utm_content=email-hero&utm_term=Recommended-NewArrivals-Banner&t=&ut=SY_GG&googleOneTap=true)
[ads-emailFooterMiddle](https://click.sayweee.com/api/ads/decision/click/weee_7/store_cn/0/_email-hero?uemail=14562653&uec=a2fe6adcc7adfe1399eef6787f6f7c17&z=94538&ts=060625&fdm=59&slotId=emailFooterMiddle&ue=c2trMTI2c2trMTI2QGdtYWlsLmNvbQ==&gtdl=-1&lsdl=39&ut=SY_GG&googleOneTap=true&kversion=5&oc=2&tz=America%2FLos_Angeles&rri=&rz=&fpor=&vs=0&roc=&roc30=&roc90=&ps=&tov=132.55&rod=&rsc=&ltr=1) [ads-emailFooterBottom](https://click.sayweee.com/api/ads/decision/click/weee_7/store_cn/0/_email-hero?uemail=14562653&uec=a2fe6adcc7adfe1399eef6787f6f7c17&z=94538&ts=060625&fdm=59&slotId=emailFooterBottom&ue=c2trMTI2c2trMTI2QGdtYWlsLmNvbQ==&gtdl=-1&lsdl=39&ut=SY_GG&googleOneTap=true&kversion=5&oc=2&tz=America%2FLos_Angeles&rri=&rz=&fpor=&vs=0&roc=&roc30=&roc90=&ps=&tov=132.55&rod=&rsc=&ltr=1) [ads-emailFootnote](https://click.sayweee.com/api/ads/decision/click/weee_7/store_cn/0/_email-hero?uemail=14562653&uec=a2fe6adcc7adfe1399eef6787f6f7c17&z=94538&ts=060625&fdm=59&slotId=emailFootnote&ue=c2trMTI2c2trMTI2QGdtYWlsLmNvbQ==&gtdl=-1&lsdl=39&ut=SY_GG&googleOneTap=true&kversion=5&oc=2&tz=America%2FLos_Angeles&rri=&rz=&fpor=&vs=0&roc=&roc30=&roc90=&ps=&tov=132.55&rod=&rsc=&ltr=1)  2025 Weee!, Inc.
47467 Fremont Blvd
Fremont, CA 94538

[Unsubscribe](https://manage.kmail-lists.com/subscriptions/unsubscribe?a=RxFpcN&c=01JHKNV1D34DBKM8KHP754YED9&k=9927a7ac0d043e7a303c0fde32167d60&m=01JX390T6VV4843H4Y2N6R242P&r=01JX3J1JVXKRWEM1E40AHX9KDS) [Manage](https://manage.kmail-lists.com/subscriptions/update?a=RxFpcN&c=01JHKNV1D34DBKM8KHP754YED9&k=9927a7ac0d043e7a303c0fde32167d60&m=01JX390T6VV4843H4Y2N6R242P&r=01JX3J1JVXKRWEM1E40AHX9KDS) [Support](mailto:support@sayweee.com)",1
Apple tech deals are here. Explore the Apple Shopping Event.,,1
"The White Witch is Expecting You: Confront Illezra, Enter the New Season of Arena of Solare, and More!",,3
Ignite Your Faith This Pentecost Sunday!,"Email from Rensselaer Newman Foundation Together We Can Strengthen Faith on Campus - Join Us This Sunday! The Christ Sun of Justice Parish has been my spiritual home for all four years I have been at RPI. I’ve truly enjoyed being able to help at Mass, and the great community we have, and I’ve grown in my faith as a result of my involvement. None of that wou﻿ld be possible without support through the Rensselaer Newman Foundation.                              Joseph Bowers, RPI ‘25 Ignite the Spirit on Catholic Day of Giving – Sunday, June 8 This Sunday, we celebrate Pentecost - the descent of the Holy Spirit and the birth of the Church’s mission - and we invite you to be a part of that mission right here at RPI. On Pentecost Sunday, you can help the Rensselaer Newman Foundation raise $10,000 during Catholic Day of Giving at RPI to strengthen and expand the Catholic presence on campus. Your gift will help sustain and upgrade the Chapel + Cultural Center, Christ Sun of Justice Parish, the Catholic Chaplaincy, and the countless ways we accompany students and community members in faith. Thanks to a group of generous supporters, every gift made to the RNF Catholic Day of Giving will be matched dollar-for-dollar, up to $4,000!   Thanks to donors who have already made their gifts, we've raised $1,600 so far!   Let’s keep the momentum going — don’t let this matching opportunity go unclaimed!   If you’ve already given, please disregard this message — and thank you for your early support!   Help us get off to a strong start and double the impact of your gift today! MAKE YOUR GIFT EARLY! - DONATE BELOW Join us in building a legacy of faith, service, and community—right here at RPI.   Newman, though dinners, service opportunities, and group prayer, connects students with their faith while providing them with a much-needed community in faith during their time at RPI.                                Riley Scritchfield, RPI 25 Connect with us!         View as Webpage Share This Email Share This Email Share This Email Rensselaer Newman Foundation | The Chapel + Cultural Center 2125 Burdett Ave. | Troy, NY 12180 US Unsubscribe | Update Profile | Constant Contact Data Notice",1
여행 전후 간편하게 차량 서비스로 이동하세요,,3
"""Folia 100 -150 Player?""",,3
"Power up with Nintendo Switch 2, available now!",,3
[GitHub] A personal access token (classic) has been added to your account,"Hey Lol1927!

A personal access token (classic) ""push-token"" with admin:enterprise, admin:gpg_key, admin:org, admin:org_hook, admin:public_key, admin:repo_hook, admin:ssh_signing_key, audit_log, codespace, copilot, delete:packages, delete_repo, gist, notifications, project, repo, user, workflow, write:discussion, write:network_configurations, and write:packages scopes was recently added to your account. Visit https://github.com/settings/tokens for more information.

To see this and other security events for your account, visit https://github.com/settings/security-log

If you run into problems, please contact support by visiting https://github.com/contact

Thanks,
The GitHub Team

",5
TVs can be yours for as low as $69.99... Just add popcorn,,3
You've run `ngrok http ...`—now what?,"Hi skk126skk126@gmail.com!

If you've run ngrok http 3000, you have my congrats and a big shiny 🏅.

But what happens when you want to go past testing and into production?

In the next Office Hours, we're going deeper into ""front door patterns and Traffic Policy templates to cover a bunch of use cases that make ngrok far more than a quick tunnel to between localhost and the public internet. We'll learn about which deployment (agent vs. SDK vs. Operator) is best for your stack, managing traffic (think auth and rate limits), and plenty of live Q&A with the team to answer your questions.

If you've ever wondered, ""Can ngrok do that, too?"" this livestream is for you.

📅 June 18 @ 10am Pacific
💻 Watch on YouTube (https://d2v8tf04.na1.hubspotlinks.com/Ctc/5F+113/d2v8tf04/VWP23Q1tPmZ_W1_SlCX4zqmvWW37H_hZ5xrtZ5N84393C3pyd0W7lCdLW6lZ3nBW4JlxYm2s3FybN5_qQGB6W__tW2TFzzK5JzlLwW5vj48x1PP7Z_W6Y83Tm1k7rtlN7qn663dNKx0N3NlCwVsB-KjN90fwd7HfM1sN7Vp0jyW3CzYW8tqtLN13X0r8N8wYc1wqCLZrW23gSZ_95CTgfW5zlSky17xVyRW2D7N9y1W80ZzW1Lrqjp6tH_SlW4YKzFT5Fw2yDW819SfW1YxCN-W5xwS1B9dJ0vFW6b6sd11cvt5BW8DHQm58M3YLZW22C2dr8-z7-WW3XD1bZ59_wsZW8pFpyJ48zKpJW8crKZ16FccJgf2nCFHC04 ) (hit the bell to get notified!)
🙋 Ask a question (https://d2v8tf04.na1.hubspotlinks.com/Ctc/5F+113/d2v8tf04/VWP23Q1tPmZ_W1_SlCX4zqmvWW37H_hZ5xrtZ5N84393W3pyd0W7Y8-PT6lZ3nFW54vxpd68KmphW6mJQ0K2xFMlQW6T19Jj8mH2bwW7NnZxN6zV9SlW2ZkC9g1fsX4YW5bgDL581c3VGW1Z51pM49t2TBW6ljq-s5kvk6tW7qTYLt7VBSybW5zg4bq15gPj2VwbDJz8cv-60W1hmYh16cdfjSW6MM11n4xPSBMW2kZXrK4sHYmQW3dYmzV8hj06gN2wLdbHp1w9WVjSH6R4gcVdlVkRrJ17y-pFJW7fjYB71GFjYwW4PkkgL3c-cmsW4HXKL_6ZXZqjW6wkd2F1vp76HW5ZrR3S3kVXY8W6TfF9C8NrWfCW7Qbvwv8xLNl1VLvS9N3XxpC4f8CHPyv04 )

See you there,
Joel at ngrok

--

- GitHub (https://d2v8tf04.na1.hubspotlinks.com/Ctc/5F+113/d2v8tf04/VWP23Q1tPmZ_W1_SlCX4zqmvWW37H_hZ5xrtZ5N84393j3pyd0W6N1vHY6lZ3n6W49x1Tk3tq0NWW5qCtfd10gr8RW29FqR02BXZBGW23vv3n2xZ4J6VsWpCt1YkbqJW7G-WlW6jdQctW58FPsm267GrnW2N7LJ8335l3WW867F0n6fsVLNW2M3R5V3Vr3R6N8XpnvfnTBLnW6X6JLr2MtjKdW5lXLmg54fnqKW28Zny21vR8PqW2x7SMN67f18PW12Vh4h2NsFRTW7ZS9tG5xt4nQVqC9L8627qDrW77nT276RHG-pW44W5-C1FTw3-W18b9d-38L0VBW4VymQB3PjB93f2bTvW804 )
- LinkedIn (https://d2v8tf04.na1.hubspotlinks.com/Ctc/5F+113/d2v8tf04/VWP23Q1tPmZ_W1_SlCX4zqmvWW37H_hZ5xrtZ5N84393C3pyd0W7lCdLW6lZ3njW2cwrjJ7vkNqfW5LzZSq4hf8phW67gxMQ8glHL4VFpJBW2lbl45N3W3rbFYjrJkW39bfxl4Z4chxW4fmFff89DqFGW74Vkw-4V4zRZW3pT19f5c9g1WW4BC3b_4xN1v5W5wP_9t3tFCYvW1t903j2MMdWHW1nr0wP6fycH6W8mnJ477sTbh6W29B6VJ2x64RFN1w4wfQPDBq1W1PfDS3253BVYW7whjht38542yW6cvVPB5__ZBjW7sf2VS4R92RhN3pBM0mmB_26N92QB2VmpqsqW2Mys-1921mGdW7fSVnP3KcRT3dg_HVT04 )
- X (https://d2v8tf04.na1.hubspotlinks.com/Ctc/5F+113/d2v8tf04/VWP23Q1tPmZ_W1_SlCX4zqmvWW37H_hZ5xrtZ5N84393j3pyd0W6N1vHY6lZ3ntW5hZmkz6-KCX5VYL24J4r-_-xW2L8Kdz60QTTCW84wbN28TMJDvW2Zjv-x40QRVyW9bVjdB7YrgHGW2RB4YM2V7r9QW3sjkcX5BsS44W590wF86bkBzZVk5Myv6nV5jsW7032Q5486qLCW8kgSDJ8wJHl-W5RdGBT95J6_hW7VkgSf2yNFchW1RGqXC2zztl5W8273zJ5rcXjYW9dmS-D3m78bxN3ZBh_9P_j45W1Whn-s6Xz4jZW1xD4Sd3H6DpnW2SZmns49xPYfW4Rl-q56lTw9mf7yC-hq04 )
- YouTube (https://d2v8tf04.na1.hubspotlinks.com/Ctc/5F+113/d2v8tf04/VWP23Q1tPmZ_W1_SlCX4zqmvWW37H_hZ5xrtZ5N84393C3pyd0W7lCdLW6lZ3mGW2zwxZW8vksgwN2cwBcfGbhMJW2Htl-c9lZ0HFW19ykpB1pZJgjW2cwr7J2j4-R6W8-Yp6X2z9q7xW7D6Zpx1Sw-7RW4Fj8fJ5Ks9rNW74KLD72n7GVbW2bnkVw1M_YNvW1kly8x34lBHWW81YVzy35-20LW8V7PyR6hJrTxW5RWN859bDKQtW1jxqmb1k7KPlW5DP2by4tRj31W7sW70B51sSfJW6yRzXj6w9kYSW4krgzX6Gmyx5W1QG3NF3zqbh_N12njd0C1StvVgGVYB3ZmLDnW8v6CqZ8KpCQVW4066pK1-5_zqf3cqYYd04 )

ngrok Inc., 548 Market St, PMB 26741, San Francisco, California 94104-5401, United States, 

Unsubscribe (https://hs-21124867.s.hubspotemail.net/hs/preferences-center/en/direct?data=W2nXS-N30h-MvW2F-Z862WjCSWW4pc0pw3yRqkLW2YqdNT2zDVbPW2PVGg01Z50LgW1_9lT31--xq-W3CdNmT2MXqZJW3_s1z92nX2DmW2YPC4Q2zLj8TW3LS7CB1QzpXjW3BMyy04twgyyW3JVlMN41DSQ7W3VZhBT2xNWRkW2TRfvB2Yx5TwW2Mqp7Z3QWtspW3VNhNh1Lqr6tW366CJt4kLLlSW2Pnbhm2w3_00W2HCR0s36g-bpW1Q4-pJ3yZVKTW4fkcPC3QSXh4W4pCgVv1V7SdVW30lY5b1NwcB4W2FYvjY34fzlKW2Wq07B49tZJSW3SRR-l1X1q67W1BDg2v4htL5ZW36tLDR3dx4g-W2HrJCx2p6LGTW3gsxKj47kXkWW1X7dMj1LDHv6W3ZZpmn4tmL_fW2KM--N41sGqsW49MX2k2MmXbvW45VCv238fzr1W4mcchx3BTPYGW23jSKQ1LF-PBW2p2VdW4fxS8GW2r6qK51L6fHGW23l-vb3df2pNW4pBlMG2FTN0qW2RMJqD2vxSTjW43ssVf3ZG4_lW3SL3vt22VwSkW4hhRDZ4thB86W4cKfXB4cwrHtf49CbXB04&_hsenc=p2ANqtz-_0lmp8A4583lr2LH6QBp9tSoozPXq0Ai1Y3-5LGa9deIIN0Ya8iD7EyZ4rjSnC852M5ytU9T0UkilNYJRh4rJaCS_FFA&_hsmi=365175400 )
Manage preferences (https://hs-21124867.s.hubspotemail.net/hs/preferences-center/en/page?data=W2nXS-N30h-MvW2F-Z862WjCSWW4pc0pw3yRqkLW2YqdNT2zDVbPW2PVGg01Z50LgW1_9lT31--xq-W3CdNmT2MXqZJW3_s1z92nX2DmW2YPC4Q2zLj8TW3LS7CB1QzpXjW3BMyy04twgyyW3JVlMN41DSQ7W3VZhBT2xNWRkW2TRfvB2Yx5TwW2Mqp7Z3QWtspW3VNhNh1Lqr6tW366CJt4kLLlSW2Pnbhm2w3_00W2HCR0s36g-bpW1Q4-pJ3yZVKTW4fkcPC3QSXh4W4pCgVv1V7SdVW30lY5b1NwcB4W2FYvjY34fzlKW2Wq07B49tZJSW3SRR-l1X1q67W1BDg2v4htL5ZW36tLDR3dx4g-W2HrJCx2p6LGTW3gsxKj47kXkWW1X7dMj1LDHv6W3ZZpmn4tmL_fW2KM--N41sGqsW49MX2k2MmXbvW45VCv238fzr1W4mcchx3BTPYGW23jSKQ1LF-PBW2p2VdW4fxS8GW2r6qK51L6fHGW23l-vb3df2pNW4pBlMG2FTN0qW2RMJqD2vxSTjW43ssVf3ZG4_lW3SL3vt22VwSkW4hhRDZ4thB86W4cKfXB4cwrHtf49CbXB04&_hsenc=p2ANqtz-_0lmp8A4583lr2LH6QBp9tSoozPXq0Ai1Y3-5LGa9deIIN0Ya8iD7EyZ4rjSnC852M5ytU9T0UkilNYJRh4rJaCS_FFA&_hsmi=365175400 )",1
놓칠 수 없는 특가 혜택,,1
"""Staff salaries""",,3
Happy EXTRA Wednesday☀️,"https://click.sayweee.com/api/ads/decision/click/weee_7/store_cn/0/06-04-2025-CNEN-EXTRA_email-hero?uemail=14562653&uec=a2fe6adcc7adfe1399eef6787f6f7c17&z=94538&ts=060425&slotId=emailHeaderTop&ue=c2trMTI2c2trMTI2QGdtYWlsLmNvbQ==&gtdl=-1&lsdl=41&kversion=5&oc=2&tz=America%2FLos_Angeles&rri=&rz=&fpor=&vs=0&roc=&roc30=&roc90=&ps=&tov=132.55&rod=&rsc=&ltr=1
[Promotional banner](https://click.sayweee.com/api/pricing/marketing-campaign-link/weee_7/store_cn/0/06-04-2025-CNEN-EXTRA_email-hero?uemail=14562653&uec=a2fe6adcc7adfe1399eef6787f6f7c17&z=94538&ts=060425&utm_term=06-04-2025-CNEN-EXTRA&ue=c2trMTI2c2trMTI2QGdtYWlsLmNvbQ==&utm_content=email-hero&t=)
https://click.sayweee.com/api/pricing/marketing-campaign-link/weee_7/store_cn/0/06-04-2025-CNEN-EXTRA_email-grid?uemail=14562653&uec=a2fe6adcc7adfe1399eef6787f6f7c17&z=94538&ts=060425&utm_term=06-04-2025-CNEN-EXTRA&ue=c2trMTI2c2trMTI2QGdtYWlsLmNvbQ==&utm_content=email-grid&t=	https://click.sayweee.com/api/pricing/marketing-campaign-link/weee_7/store_cn/1/06-04-2025-CNEN-EXTRA_email-grid?uemail=14562653&uec=a2fe6adcc7adfe1399eef6787f6f7c17&z=94538&ts=060425&utm_term=06-04-2025-CNEN-EXTRA&ue=c2trMTI2c2trMTI2QGdtYWlsLmNvbQ==&utm_content=email-grid&t=	https://click.sayweee.com/api/pricing/marketing-campaign-link/weee_7/store_cn/2/06-04-2025-CNEN-EXTRA_email-grid?uemail=14562653&uec=a2fe6adcc7adfe1399eef6787f6f7c17&z=94538&ts=060425&utm_term=06-04-2025-CNEN-EXTRA&ue=c2trMTI2c2trMTI2QGdtYWlsLmNvbQ==&utm_content=email-grid&t=
https://click.sayweee.com/api/pricing/marketing-campaign-link/weee_7/store_cn/3/06-04-2025-CNEN-EXTRA_email-grid?uemail=14562653&uec=a2fe6adcc7adfe1399eef6787f6f7c17&z=94538&ts=060425&utm_term=06-04-2025-CNEN-EXTRA&ue=c2trMTI2c2trMTI2QGdtYWlsLmNvbQ==&utm_content=email-grid&t=	https://click.sayweee.com/api/pricing/marketing-campaign-link/weee_7/store_cn/4/06-04-2025-CNEN-EXTRA_email-grid?uemail=14562653&uec=a2fe6adcc7adfe1399eef6787f6f7c17&z=94538&ts=060425&utm_term=06-04-2025-CNEN-EXTRA&ue=c2trMTI2c2trMTI2QGdtYWlsLmNvbQ==&utm_content=email-grid&t=	https://click.sayweee.com/api/pricing/marketing-campaign-link/weee_7/store_cn/5/06-04-2025-CNEN-EXTRA_email-grid?uemail=14562653&uec=a2fe6adcc7adfe1399eef6787f6f7c17&z=94538&ts=060425&utm_term=06-04-2025-CNEN-EXTRA&ue=c2trMTI2c2trMTI2QGdtYWlsLmNvbQ==&utm_content=email-grid&t=
https://click.sayweee.com/api/pricing/marketing-campaign-link/weee_7/store_cn/6/06-04-2025-CNEN-EXTRA_email-grid?uemail=14562653&uec=a2fe6adcc7adfe1399eef6787f6f7c17&z=94538&ts=060425&utm_term=06-04-2025-CNEN-EXTRA&ue=c2trMTI2c2trMTI2QGdtYWlsLmNvbQ==&utm_content=email-grid&t=	https://click.sayweee.com/api/pricing/marketing-campaign-link/weee_7/store_cn/7/06-04-2025-CNEN-EXTRA_email-grid?uemail=14562653&uec=a2fe6adcc7adfe1399eef6787f6f7c17&z=94538&ts=060425&utm_term=06-04-2025-CNEN-EXTRA&ue=c2trMTI2c2trMTI2QGdtYWlsLmNvbQ==&utm_content=email-grid&t=	https://click.sayweee.com/api/pricing/marketing-campaign-link/weee_7/store_cn/8/06-04-2025-CNEN-EXTRA_email-grid?uemail=14562653&uec=a2fe6adcc7adfe1399eef6787f6f7c17&z=94538&ts=060425&utm_term=06-04-2025-CNEN-EXTRA&ue=c2trMTI2c2trMTI2QGdtYWlsLmNvbQ==&utm_content=email-grid&t=
https://click.sayweee.com/api/pricing/marketing-campaign-link/weee_7/store_cn/9/06-04-2025-CNEN-EXTRA_email-grid?uemail=14562653&uec=a2fe6adcc7adfe1399eef6787f6f7c17&z=94538&ts=060425&utm_term=06-04-2025-CNEN-EXTRA&ue=c2trMTI2c2trMTI2QGdtYWlsLmNvbQ==&utm_content=email-grid&t=	https://click.sayweee.com/api/pricing/marketing-campaign-link/weee_7/store_cn/10/06-04-2025-CNEN-EXTRA_email-grid?uemail=14562653&uec=a2fe6adcc7adfe1399eef6787f6f7c17&z=94538&ts=060425&utm_term=06-04-2025-CNEN-EXTRA&ue=c2trMTI2c2trMTI2QGdtYWlsLmNvbQ==&utm_content=email-grid&t=	https://click.sayweee.com/api/pricing/marketing-campaign-link/weee_7/store_cn/11/06-04-2025-CNEN-EXTRA_email-grid?uemail=14562653&uec=a2fe6adcc7adfe1399eef6787f6f7c17&z=94538&ts=060425&utm_term=06-04-2025-CNEN-EXTRA&ue=c2trMTI2c2trMTI2QGdtYWlsLmNvbQ==&utm_content=email-grid&t=https://click.sayweee.com/api/pricing/marketing-campaign-link/weee_7/store_cn/0/06-04-2025-CNEN-EXTRA_email-hero?uemail=14562653&uec=a2fe6adcc7adfe1399eef6787f6f7c17&z=94538&ts=060425&utm_content=email-grid-view-all&t=https://click.sayweee.com/api/ads/decision/click/weee_7/store_cn/0/06-04-2025-CNEN-EXTRA_email-hero?uemail=14562653&uec=a2fe6adcc7adfe1399eef6787f6f7c17&z=94538&ts=060425&slotId=emailBody&ue=c2trMTI2c2trMTI2QGdtYWlsLmNvbQ==&gtdl=-1&lsdl=41&kversion=5&oc=2&tz=America%2FLos_Angeles&rri=&rz=&fpor=&vs=0&roc=&roc30=&roc90=&ps=&tov=132.55&rod=&rsc=&ltr=1https://click.sayweee.com/api/ads/decision/click/weee_7/store_cn/0/_email-hero?uemail=14562653&uec=a2fe6adcc7adfe1399eef6787f6f7c17&z=94538&ts=060425&slotId=emailFooterTop&ue=c2trMTI2c2trMTI2QGdtYWlsLmNvbQ==&gtdl=-1&lsdl=41&kversion=5&oc=2&tz=America%2FLos_Angeles&rri=&rz=&fpor=&vs=0&roc=&roc30=&roc90=&ps=&tov=132.55&rod=&rsc=&ltr=1[Back in stock](https://www.sayweee.com/grocery-near-me/delivery/back-in-stock?mktOrg=weee_1&mktPrimaryStore=store_cn&utm_content=back-in-stock_group-click&_e=1&&sData=102986,23036,106137,104668,24712,107121,11172,42075,76646,107922&uemail=14562653&uec=a2fe6adcc7adfe1399eef6787f6f7c17&z=94538&ts=060425&ue=c2trMTI2c2trMTI2QGdtYWlsLmNvbQ==&maincpid=06-04-2025-CNEN-EXTRA&_kx=)[Trending near you](https://click.sayweee.com/api/pricing/marketing-campaign-link/weee_7/store_cn/0/trending-near-you-Wednesday_email-hero?uemail=14562653&uec=a2fe6adcc7adfe1399eef6787f6f7c17&z=94538&ts=060425&utm_content=trending-near-you-Wednesday&t=)[Global+ Trending near you](https://click.sayweee.com/api/pricing/marketing-campaign-link/weee_7/store_cn/0/trending-near-you-globalPlus-Wednesday_email-hero?uemail=14562653&uec=a2fe6adcc7adfe1399eef6787f6f7c17&z=94538&ts=060425&utm_content=trending-near-you-globalPlus-Wednesday&t=)https://www.sayweee.com/cms/page/activity/Lf3q1M5e?utm_content=home_banner&&uemail=14562653&uec=a2fe6adcc7adfe1399eef6787f6f7c17&z=94538&ts=060425&ue=c2trMTI2c2trMTI2QGdtYWlsLmNvbQ==https://click.sayweee.com/api/pricing/marketing-campaign-link/weee_7/store_cn/0/Recommended-NewArrivals-Banner_email-hero?uemail=14562653&uec=a2fe6adcc7adfe1399eef6787f6f7c17&z=94538&ts=060425&utm_content=Recommended-NewArrivals-Banner&t=https://click.sayweee.com/api/ads/decision/click/weee_7/store_cn/0/_email-hero?uemail=14562653&uec=a2fe6adcc7adfe1399eef6787f6f7c17&z=94538&ts=060425&slotId=emailFooterMiddle&ue=c2trMTI2c2trMTI2QGdtYWlsLmNvbQ==&gtdl=-1&lsdl=41&kversion=5&oc=2&tz=America%2FLos_Angeles&rri=&rz=&fpor=&vs=0&roc=&roc30=&roc90=&ps=&tov=132.55&rod=&rsc=&ltr=1https://click.sayweee.com/api/ads/decision/click/weee_7/store_cn/0/_email-hero?uemail=14562653&uec=a2fe6adcc7adfe1399eef6787f6f7c17&z=94538&ts=060425&slotId=emailFooterBottom&ue=c2trMTI2c2trMTI2QGdtYWlsLmNvbQ==&gtdl=-1&lsdl=41&kversion=5&oc=2&tz=America%2FLos_Angeles&rri=&rz=&fpor=&vs=0&roc=&roc30=&roc90=&ps=&tov=132.55&rod=&rsc=&ltr=1https://click.sayweee.com/api/ads/decision/click/weee_7/store_cn/0/_email-hero?uemail=14562653&uec=a2fe6adcc7adfe1399eef6787f6f7c17&z=94538&ts=060425&slotId=emailFootnote&ue=c2trMTI2c2trMTI2QGdtYWlsLmNvbQ==&gtdl=-1&lsdl=41&kversion=5&oc=2&tz=America%2FLos_Angeles&rri=&rz=&fpor=&vs=0&roc=&roc30=&roc90=&ps=&tov=132.55&rod=&rsc=&ltr=1
2025 Weee!, Inc.47467 Fremont Blvd
Fremont, CA 94538

[Unsubscribe](https://manage.kmail-lists.com/subscriptions/unsubscribe?a=RxFpcN&c=01JHKNV1D34DBKM8KHP754YED9&k=9927a7ac0d043e7a303c0fde32167d60&m=01JWYD32V52WWZDFDSRKHAHD9W&r=01JWYDGEZ9CBQD11S0MWKZC0H5) Manage [Support](mailto:support@sayweee.com)",1
Late-night openings tonight for Nintendo Switch 2!,,3
Last chance for this 25% off promo,"Quest



 &zwnj; &zwnj; &zwnj; &zwnj; &zwnj; &zwnj; &zwnj; &zwnj; &zwnj; &zwnj; &zwnj; &zwnj; &zwnj; &zwnj; &zwnj; &zwnj; &zwnj; &zwnj; &zwnj; &zwnj; &zwnj; &zwnj; &zwnj; &zwnj; &zwnj; &zwnj; &zwnj; &zwnj; &zwnj; &zwnj; &zwnj; &zwnj; &zwnj; &zwnj; &zwnj; &zwnj; &zwnj; &zwnj; &zwnj; &zwnj; &zwnj; &zwnj; &zwnj; &zwnj; &zwnj; &zwnj; &zwnj;  &zwnj; &zwnj; &zwnj; &zwnj; &zwnj; &zwnj; &zwnj; &zwnj; &zwnj; &zwnj; &zwnj; &zwnj; &zwnj; &zwnj; &zwnj; &zwnj; &zwnj; &zwnj; &zwnj; &zwnj; &zwnj; &zwnj; &zwnj; &zwnj; &zwnj; &zwnj; &zwnj; &zwnj; &zwnj; &zwnj; &zwnj; &zwnj; &zwnj; &zwnj; &zwnj; &zwnj; &zwnj; &zwnj; &zwnj; &zwnj; &zwnj; &zwnj; &zwnj; &zwnj; &zwnj; &zwnj; &zwnj;  &zwnj; &zwnj; &zwnj; &zwnj; &zwnj; &zwnj; &zwnj; &zwnj; &zwnj; &zwnj; &zwnj; &zwnj; &zwnj; &zwnj; &zwnj; &zwnj; &zwnj; &zwnj;
 &zwnj; &zwnj; &zwnj; &zwnj; &zwnj; &zwnj; &zwnj; &zwnj; &zwnj; &zwnj; &zwnj; &zwnj; &zwnj; &zwnj; &zwnj; &zwnj; &zwnj; &zwnj; &zwnj; &zwnj; &zwnj; &zwnj; &zwnj; &zwnj; &zwnj; &zwnj; &zwnj; &zwnj; &zwnj; 
 
https://view.e.questdiagnostics.com/?qs=fea61e062cda97be6e6aa541ffa389a323fc16da552899d02ffbd62bbb7f916cd56c8cff4d7d049452533fe1ff0c87454440af5761226e365c3edf038184554c63bbe372a5ecac317291818d1b2299ba15512fa58a951aa4 
View in browser 

https://click.e.questdiagnostics.com/?qs=d69b6c5a499ed1dae3a1417546e375d14758e52f75ba2a9b3201c1ac8dbf690a690437ea0fe054299b4357b0578b09b1c643dc212b3d64d7d581356ce2c5b0ea 


https://click.e.questdiagnostics.com/?qs=d69b6c5a499ed1da949efc2af606ba5bfcbb343ce7cf10db598e20918a1927807b9e2f0b8941e3f2d15f45eb04c47cb339499adbc4c2bc11f3c90d3d079074bc 
Popular test picks. Powerful health insights. 

https://click.e.questdiagnostics.com/?qs=d69b6c5a499ed1dac005c3ce184bfab4e1c01e969ee836b89be1b900ca0390f2ff71418152640aaca37ca64fb42e046865859c5c59d035079f9e5754dbd01cd2 





https://click.e.questdiagnostics.com/?qs=d69b6c5a499ed1da7e501b3d0bbefce6c442cc628ee98b02d50392e16067619f9af7f8d0343f518f84e9581fe81d1628aedec58afe99db8565b70d1cf07fc9ef 
Shop questhealth.com 
Sometimes the most reassuring thing you can do is take a moment to check in on your health. No panic, no pressure—just a bit of clarity when things feel uncertain. Cue 
https://click.e.questdiagnostics.com/?qs=9e0f97cbff62609b084866446523a08f06ff76f1a8e28ec2d95b353bee5450a9e7828f72a12f98e3a2eb5621595cbe0bdf83df7611a311d6a9521db0bd79fd24 
questhealth.com’ s most popular lab tests: they offer health insights to help you move through the world with a little more ease. Today’s the final day to save up to 25%* with this offer. Time is running out to save on this lightning deal!





https://click.e.questdiagnostics.com/?qs=d69b6c5a499ed1da9269dd328868870e757cfa8f1c8a6f73975ec964103ec3fd1320ecacab8c65c93f62c04042b87ea94dabdd386424fdaf036da2ae5dc3bc5e 
Find your beat with these bestsellers 

https://click.e.questdiagnostics.com/?qs=d69b6c5a499ed1dace5763a94b7213b2963cfb3dca215d929d567083dfcbc812c722522fee5bfed0f9349ad455b0cd5ccf7c1e97dd221b8136fda71c09f5f98f 

STD Screening Test Panel — Expanded  
Screens for seven sexually transmitted diseases.
 

https://click.e.questdiagnostics.com/?qs=d69b6c5a499ed1dace5763a94b7213b2963cfb3dca215d929d567083dfcbc812c722522fee5bfed0f9349ad455b0cd5ccf7c1e97dd221b8136fda71c09f5f98f 

 View test
  

https://click.e.questdiagnostics.com/?qs=d69b6c5a499ed1da7a7324b918f5b5ec678a1e1683cdc77f608dc20429e86c2d1a8fb2f4417ac6c51be8cad0af6a0acc47afa2cbc5f4e18ea89ae8479784511b 

Tuberculosis Blood Test 

Detects exposure to tuberculosis bacteria. 

https://click.e.questdiagnostics.com/?qs=d69b6c5a499ed1da7a7324b918f5b5ec678a1e1683cdc77f608dc20429e86c2d1a8fb2f4417ac6c51be8cad0af6a0acc47afa2cbc5f4e18ea89ae8479784511b 

 View test
  

https://click.e.questdiagnostics.com/?qs=d69b6c5a499ed1da921d2b1aaaf4426d788a218d6b5844c45a0e24d1e057af78db6a4d2c5e2a155d289022ad53165c1230651dd7b4c9379afcb27a332ff9f2e7 

Food Allergy Panel with Reflex to Components 

Tests for IgE antibodies to 15 common food allergens. 

https://click.e.questdiagnostics.com/?qs=d69b6c5a499ed1da921d2b1aaaf4426d788a218d6b5844c45a0e24d1e057af78db6a4d2c5e2a155d289022ad53165c1230651dd7b4c9379afcb27a332ff9f2e7 

 View test
  

Can’t find what you’re looking for? Shop all tests on sale at 
https://click.e.questdiagnostics.com/?qs=b9085e60f0762cbdc988c8c2619852eb9e875792c6cff4d26a6d2b281677dd28c8e2f3a984514f221931f42f9a294162d3482fe4eaf6949a54b17800b76d4495 
questhealth.com .


https://click.e.questdiagnostics.com/?qs=61025fc6331ec3b51c2597a7968ef970dc9ee4b36e80d26f9209a20e3119327254fcd71699489f971f7086db707c9d06b4d5e873d2ed1782ed6bde55765dfe27 
View all tests 





https://click.e.questdiagnostics.com/?qs=61025fc6331ec3b5a2b4f753bce5d5f3d1ddb9960d97800fbbd4bff4bdc707586e3d9ecf360da0354a22e8bf602b0ddf15193a884348ad1f35b6137fbf4299d9 
Popular Tests &ensp;|&ensp;

https://click.e.questdiagnostics.com/?qs=61025fc6331ec3b58fd75d4b7b39da0b9279017d2b428fbb8e892436bbe7b3ec4542c6ee130a95e319f270f99d5f71ce3ce9b685434d4d9889c0da00415b8a98 
New Tests &ensp;|&ensp; 

https://click.e.questdiagnostics.com/?qs=61025fc6331ec3b5e3aed6afc4b385277a354038ac913ca979bcc007db1319e25a3f83815730b05e4d05d7c576a158b8b6e9b9f30d88936f4cf1936e00e2ba37 
Sexual Health &ensp;|&ensp;

https://click.e.questdiagnostics.com/?qs=61025fc6331ec3b5cdb357c0e3fd63a7afaed20983a1ae22c61cc6859f3bb3f489ee61007a78047fc1faf2bb346df55258fb9decc0f4511e97fce42b87312e97 
Women&rsquo;s Health &ensp;|&ensp;

https://click.e.questdiagnostics.com/?qs=61025fc6331ec3b5cc217bf71e65f276f3a65aca32f31af9fb814ab86e9f189298260225bfc6ab53586f42fac3d2fd56185d694b6a54494cae83d3b8a785afab 
Men&rsquo;s Health &ensp;|&ensp;

https://click.e.questdiagnostics.com/?qs=61025fc6331ec3b51ba4122b6f5b03cf2eb7aae37a4e079a3ccf132d8bbcd3b3bda570149b225c12a18b2ce727be7df7d7c17d6ed6484f92f0087bf612d885b7 
Allergy 




https://click.e.questdiagnostics.com/?qs=61025fc6331ec3b5e012a68a97c86dfc43602bfe542bb9eb6d7f65332474ac601f3bd1ada60f591225b76dccdfae661f75d1e508a873bc3dc2896a85be09de74 

https://click.e.questdiagnostics.com/?qs=61025fc6331ec3b5a772fb36573406eda7567fbfdca2f60f57b9e100d776fedbbc5b8972a81ee7d901ddd8ed28a72e627047d382b147aa6be6b3e25bad7695bd 

https://click.e.questdiagnostics.com/?qs=61025fc6331ec3b57bf227ce88db672413665512c4fac123816640d84228b56ef4fe8c46d809dff79a6909bd50e7ab0f7762da5f08595f5fa5da207c29093f6c 





https://click.e.questdiagnostics.com/?qs=8027390c6b80fd4eb8d9c56bca983f29d0b8a68e1262ab6e5a01e4a46199342d3c097cdfa0ba1451b240d06146d8ef5ca0c1ee561cc3e1d33c4a1cc108ff3e19 

https://click.e.questdiagnostics.com/?qs=8027390c6b80fd4eef4f879285d6e9d28bd023be0684239eb77b2faa15b106073afe5878c0c526be90a9a23a738a12ac5db27d544907efe7b17e9a301e2400fb 
Terms of Use&ensp;|&ensp;
https://click.e.questdiagnostics.com/?qs=8027390c6b80fd4e1cb19bf091d7f0459b16f793f38ba1e602be1f2e4fd6146a297bae083e91182c55f635f40a73208f88cf278479cfa6550fa46ca3b12a84bf 
Privacy Policy&ensp;|&ensp;
https://click.e.questdiagnostics.com/?qs=8027390c6b80fd4ef2fd55d0521dfcf98a85194c7b430abd9948c8d197a939bbce3584cfed7984c5e7bf33b96a23174f388e018b719d37ad7a36261724fb7fb0 
QuestDiagnostics.com

https://click.e.questdiagnostics.com/?qs=8027390c6b80fd4ee03a6b342e4b0d93f2509e32899ebaa656b8d8ec8c82aeb420466dc7d17f1ae6376484b2db61c5c5c4bce2e30bcd45ea5e9e3fa6e418b0c9 
Language Assistance /
https://click.e.questdiagnostics.com/?qs=8027390c6b80fd4ee03a6b342e4b0d93f2509e32899ebaa656b8d8ec8c82aeb420466dc7d17f1ae6376484b2db61c5c5c4bce2e30bcd45ea5e9e3fa6e418b0c9 
Non-Discrimination Notice &ensp;|&ensp;
https://click.e.questdiagnostics.com/?qs=8027390c6b80fd4ee03a6b342e4b0d93f2509e32899ebaa656b8d8ec8c82aeb420466dc7d17f1ae6376484b2db61c5c5c4bce2e30bcd45ea5e9e3fa6e418b0c9 
Asistencia de Idiomas /
https://click.e.questdiagnostics.com/?qs=8027390c6b80fd4ee03a6b342e4b0d93f2509e32899ebaa656b8d8ec8c82aeb420466dc7d17f1ae6376484b2db61c5c5c4bce2e30bcd45ea5e9e3fa6e418b0c9 
Aviso de no Discriminación &ensp;|&ensp;
https://click.e.questdiagnostics.com/?qs=8027390c6b80fd4ee03a6b342e4b0d93f2509e32899ebaa656b8d8ec8c82aeb420466dc7d17f1ae6376484b2db61c5c5c4bce2e30bcd45ea5e9e3fa6e418b0c9 
&#35486;&#35328;&#21332;&#21161; / &#19981;&#27495;&#35222;&#36890;&#30693;

 Quest® is the brand name used for services offered by Quest Diagnostics Incorporated and its affiliated companies. Quest Diagnostics Incorporated and certain affiliates are CLIA-certified laboratories that provide HIPAA-covered services. Other affiliates operated under the Quest® brand, such as Quest Consumer Inc., do not provide HIPAA-covered services.



 Quest®, Quest Diagnostics®, any associated logos, and all associated Quest Diagnostics registered or unregistered trademarks are the property of Quest Diagnostics. All third-party marks—® and ™—are the property of their respective owners.


 © 2025 Quest Diagnostics Incorporated. All rights reserved.

 This email is intended for adults 18 years or older in the US.


 Quest Diagnostics Incorporated 

 500 Plaza Drive 

 Secaucus, New Jersey 07094 

 Attn: Digital Marketing Department 

https://cloud.e.questdiagnostics.com/preferences?qs=f2015e405ec27903edde55bdafd7b0e9bbe3b4ab69dd5a9face02ad2be0e78252bb6cc36d2b086b09b30e07486eeaa5b7996a00ab7536874b2193015cfe307a0b50ce0ccc600e994 
Unsubscribe 







*Up to 25% discount valid on select tests purchased online through questhealth.com. Discount does not apply to the physician fee. Single-use only. Can't be combined with other offers. Valid on purchases made June 2–4, 2025. Offer expires on June 4, 2025, at 11:59 PM ET. Offer is not valid in Alaska, Arizona, and Hawaii.

No doctor visit is required to purchase your own lab test at 
https://click.e.questdiagnostics.com/?qs=8027390c6b80fd4ef0d9bc61a89e5557e7541e383007a7d8b609c0c63e7c9ca505f8d56b601577058405d9bcc6823079b342280ab3cad687dd0cb233ad4d8974 
questhealth.com . Tests purchased on questhealth.com
 are only for individuals who intend to pay directly for testing and do not want to submit a claim for reimbursement under their health insurance. 



Nonrefundable physician service fees are collected on behalf of PWNHealth. PWNHealth and its affiliated entities renew your purchase to ensure it is medically appropriate before 
submitting the test order for processing. PWNHealth also reviews your test results and will contact you directly if they require prompt attention. Included in each purchase is the option to discuss your test results with an independent physician; however, you are also encouraged to speak to your primary healthcare provider.






",1
Ignite Your Faith This Pentecost Sunday!,"Email from Rensselaer Newman Foundation Together We Can Strengthen Faith on Campus - Join Us This Sunday! The Christ Sun of Justice Parish has been my spiritual home for all four years I have been at RPI. I’ve truly enjoyed being able to help at Mass, and the great community we have, and I’ve grown in my faith as a result of my involvement. None of that wou﻿ld be possible without support through the Rensselaer Newman Foundation.                              Joseph Bowers, RPI ‘25 Ignite the Spirit on Catholic Day of Giving – Sunday, June 8 This Sunday, we celebrate Pentecost - the descent of the Holy Spirit and the birth of the Church’s mission - and we invite you to be a part of that mission right here at RPI. On Pentecost Sunday, you can help the Rensselaer Newman Foundation raise $10,000 during Catholic Day of Giving at RPI to strengthen and expand the Catholic presence on campus. Your gift will help sustain and upgrade the Chapel + Cultural Center, Christ Sun of Justice parish, the Catholic Chaplaincy, and the countless ways we accompany students and community members in faith. Thanks to a group of generous supporters, when you support Catholic Day of Giving, it will be matched dollar-for-dollar up to $4,000! Help us get off to a strong start!! MAKE YOUR GIFT EARLY! - DONATE BELOW Join us in building a legacy of faith, service, and community—right here at RPI.   Thank you in advance for your support!   My Catholic Faith is a very important part of who I am as a person. The Newman Center Ministry provides a vital connection and safe place for young adults navigating a complex environment. I believe wholeheartedly in the mission of the Newman Ministry and want it to be there for my son and his peers.                              Michael Dynan, parent of incoming RPI Freshman Connect with us!         View as Webpage Share This Email Share This Email Share This Email Rensselaer Newman Foundation | The Chapel + Cultural Center 2125 Burdett Ave. | Troy, NY 12180 US Unsubscribe | Update Profile | Constant Contact Data Notice",1
아는 사람은 아는 그 맛집,,3
Google Play 주문 영수증(2025. 6. 3.),"Google Play


감사합니다.


Google Play의 (유)네이버웹툰에서 구매하셨습니다.



주문 번호: GPA.3334-9946-5582-90535
주문 날짜: 2025. 6. 3. 오후 10시 59분 27초 GMT-5


상품 가격


쿠키 10개 (네이버 웹툰 - Naver Webtoon) $0.99



세금: $0.00

합계: $0.99


결제 방법:

Visa-8054



Play 포인트 적립
+1



문의사항이 있는 경우 (유)네이버웹툰을(를) 방문하세요.


Google Play

어디서나 즐길 수 있는 엔터테인먼트 통합 관리 서비스. 자세히 알아보기 ›



Google Play 주문 내역을 확인하세요.
Google Play 환불 정책 및 서비스 약관을 확인하세요.



도움이 필요하시면 Google Play 고객센터를 방문하세요.
Google Payments에 대해 자세히 알아보려면 Google Payments 고객센터를  
방문하세요.
본 메일은 발신전용입니다.
© 2025 Google | All Rights Reserved.
Google LLC, 1600 Amphitheatre Pkwy, Mountain View, CA, 94043, 미국


",3
"""whats the point of a SRV record""",,3
Google Play 주문 영수증(2025. 6. 3.),"Google Play


감사합니다.


Google Play의 (유)네이버웹툰에서 구매하셨습니다.



주문 번호: GPA.3352-1273-2974-57551
주문 날짜: 2025. 6. 3. 오후 5시 49분 29초 GMT-5


상품 가격


쿠키 1개 (네이버 웹툰 - Naver Webtoon) $0.10



세금: $0.00

합계: $0.10


결제 방법:

Visa-8054



문의사항이 있는 경우 (유)네이버웹툰을(를) 방문하세요.


Google Play

어디서나 즐길 수 있는 엔터테인먼트 통합 관리 서비스. 자세히 알아보기 ›



Google Play 주문 내역을 확인하세요.
Google Play 환불 정책 및 서비스 약관을 확인하세요.



도움이 필요하시면 Google Play 고객센터를 방문하세요.
Google Payments에 대해 자세히 알아보려면 Google Payments 고객센터를  
방문하세요.
본 메일은 발신전용입니다.
© 2025 Google | All Rights Reserved.
Google LLC, 1600 Amphitheatre Pkwy, Mountain View, CA, 94043, 미국


",3
Google Play 주문 영수증(2025. 6. 3.),"Google Play


감사합니다.


Google Play의 (유)네이버웹툰에서 구매하셨습니다.



주문 번호: GPA.3357-4833-0304-89355
주문 날짜: 2025. 6. 3. 오후 5시 49분 4초 GMT-5


상품 가격


쿠키 1개 (네이버 웹툰 - Naver Webtoon) $0.10



세금: $0.00

합계: $0.10


결제 방법:

Visa-8054



문의사항이 있는 경우 (유)네이버웹툰을(를) 방문하세요.


Google Play

어디서나 즐길 수 있는 엔터테인먼트 통합 관리 서비스. 자세히 알아보기 ›



Google Play 주문 내역을 확인하세요.
Google Play 환불 정책 및 서비스 약관을 확인하세요.



도움이 필요하시면 Google Play 고객센터를 방문하세요.
Google Payments에 대해 자세히 알아보려면 Google Payments 고객센터를  
방문하세요.
본 메일은 발신전용입니다.
© 2025 Google | All Rights Reserved.
Google LLC, 1600 Amphitheatre Pkwy, Mountain View, CA, 94043, 미국


",3
Apply your learning with Indeed + Udemy,"Because we both believe skills win jobs










           Udemy   Udemy    
( https://ablink.students.udemy.com/ls/click?upn=u001.MPWQNoKfOWucilOG4GS8ljn8XOB2-2FWb4C6mdz6rNETDE8uvb1jbapC6wQiRPYpwYusuwfEBwroszv-2FDQEyMS7dOjvSwQf0p6mNQmHHoyjMMjuxFfCfKXeqr6QxNc-2BNPWLtFuhYXe6R9Agk2EW7HZA3-2F-2FYJ9c7LbKpYEPz-2FwpE47Cz067C2Mi8l8DkDWb6mR2HS6hxc8NAyHApwhqPEJ2yJW8GlmcjgTx9ofY0huxJ2-2F3PB-2FqIZa-2BTRM4-2BfUj8bJQzVN2RS4jxPH-2FqG6-2BYIXp9EdAADx1Th3JatyNhKrKcLZwjXwmNaQ04c8dTdSY3Rv-2B19cotNSnDbMUj59rzSJ8xw-3D-3DktYq_NnYa6qcahSudtaJT0hTyHec1lbUKfPsXQ5PJW7m4XtWYvh-2Fw5PGpVV3Koyi5-2FuswHLm2ID4ZUwABCjXtYtWGJdWjpRf2QyOx2cPGICSoALZ4GndYD0wreLeHnM7vJgM-2BCDXBZIocUtAKXRDRgknTK3QU84Af543VzIUftux3eeOhKV9zakr9wthuRwdqI1-2B-2F5D8NnD0ECVtqlISXk-2BXbZ-2FlRQXfqo5LtmswLS5le5jvL2svJQ3QtOIYw9prEzBA2GHsDkWNIx-2BaQIJXM4RO8WtqrKKfdmlsATczDLXWGuSn6RHdzbhEmA7u-2BRDJIyC91U6rrVB6zmwVQxbu-2FJUVguL6kLr2hSyAhWNIfamTO1kUG6LsbtFEP8H6cOZqDYmLEPzbAZnKpqlvDoWnP8r9IhamEfcGKhaLZbgfUNVnQMze2TH9OXkfOVoqYTKoUgiZGIf9abBNYJicuWVTxC31sZ-2FUMqR2nIZQPSxTwX41-2FcZMlHufdhgber02l0ck-2BUF3UcP3sthdBnvM55-2BRDi6L9eYmTQue6vkCEdfQHMkSB6bmhsU2ZrmmBxh8nbYAYjD1SJNGqKm286NXY1eX-2BTOXrPNh0aY7bGewNZbhRVMczzXQXvbTIh2mux2s-2Fs24paQTnIGQGl59XcIIjzT-2BOuqS8rQ-3D-3D )
        Udemy   Udemy     
( https://ablink.students.udemy.com/ls/click?upn=u001.MPWQNoKfOWucilOG4GS8ljn8XOB2-2FWb4C6mdz6rNETB-2BpbJ8-2Bg6QQIYtJuzPrZ2lu9yOv8XYLSoWF5f0oIzd28WFvWlm4GQiuaIpUzvgxDHLVi957qbnPLbheJeAbmWeqEuFFhaf6GwHczn5wWpEhELV0tYsQ407Z-2BCA0LMhancVioIlol1Zwc8NyL9oeY1s-2BCNqNRs5z0MKl6Ui269TNMSsZmZoIwmchBkeovVQeZgqvqEToNDwAQXAW2fp9kXawPujKoMQPxvs5gPtZImgssE0cN3d6VxATG7ZXfvw60HP0YoLkrjCXkROfAUjEX7OaqluEnmL5Jq3vM9reYMPXA-3D-3DUcDd_NnYa6qcahSudtaJT0hTyHec1lbUKfPsXQ5PJW7m4XtWYvh-2Fw5PGpVV3Koyi5-2FuswHLm2ID4ZUwABCjXtYtWGJdWjpRf2QyOx2cPGICSoALZ4GndYD0wreLeHnM7vJgM-2BCDXBZIocUtAKXRDRgknTK3QU84Af543VzIUftux3eeOhKV9zakr9wthuRwdqI1-2B-2F5D8NnD0ECVtqlISXk-2BXbZ-2FlRQXfqo5LtmswLS5le5jvL2svJQ3QtOIYw9prEzBA2GHsDkWNIx-2BaQIJXM4RO8WtqrKKfdmlsATczDLXWGuSn6RHdzbhEmA7u-2BRDJIyC91U6rrVB6zmwVQxbu-2FJUVguL6kLr2hSyAhWNIfamTO1kUG6LsbtFEP8H6cOZqDYmLEPzbAZnKpqlvDoWnP8r9IhamEfcGKhaLZbgfUNVnQMze2TH9OXkfOVoqYTKoUgiZGIf9abBNYJicuWVTxC31sZ-2FUMqR2nIZQPSxTwX41-2FcZMlHufdhgber02l0ck-2BUF3UcP3sthdBnvM55-2BRDi6L9eaK4NEUsOsCq7l5zEzxJa991m1iTqU1CRgzGerVWiS1-2FJld4fUsOEItEjaiPY4I1-2FzqhcUFAw4eKAHJaVWkT8tW7Xn-2FkOU6UpWRb9UUGOYHQ89-2BymKh4K8G7z8wC-2FIziMA-3D-3D )
         

















             Udemy   Udemy    (
https://ablink.students.udemy.com/ls/click?upn=u001.MPWQNoKfOWucilOG4GS8lnqBjcqUN7TuC1YlFOEgcKX4WAA6E6n9KCdOaPWXT4pdTHWD90NXMRLGMDY4sxZ278LP2sRp8ESFC8UddnsNwpz-2B4LVAW24fsxHaOtUKDZR1twCtRcI9p4425fZMQfQdmoH94-2FhobIRFTxbOzEsFogyh0An5Q-2FvAwGxCD3u089osI44vR-2Bs1jxuMrVS7L1enSyukwKXeWQs1ZNc7OtSvYdN2Y265jfXXisIKwzSoaKcD3MDM9NOnXZoQQz-2FU8Mj6pDBpVE2fxXDGVNAJO4dgITaS-2Bfr9alV473nTd8nrczU032eZDFf6-2B7pUV-2Fy2RpVprLHUefbGBip7WNdVuvDGnQ3-2F22JDmAAckNA1QQ44sx3q1ROcblVAMlMZhT66J0fC-2BA-3D-3Doauy_NnYa6qcahSudtaJT0hTyHec1lbUKfPsXQ5PJW7m4XtWYvh-2Fw5PGpVV3Koyi5-2FuswHLm2ID4ZUwABCjXtYtWGJdWjpRf2QyOx2cPGICSoALZ4GndYD0wreLeHnM7vJgM-2BCDXBZIocUtAKXRDRgknTK3QU84Af543VzIUftux3eeOhKV9zakr9wthuRwdqI1-2B-2F5D8NnD0ECVtqlISXk-2BXbZ-2FlRQXfqo5LtmswLS5le5jvL2svJQ3QtOIYw9prEzBA2GHsDkWNIx-2BaQIJXM4RO8WtqrKKfdmlsATczDLXWGuSn6RHdzbhEmA7u-2BRDJIyC91U6rrVB6zmwVQxbu-2FJUVguL6kLr2hSyAhWNIfamTO1kUG6LsbtFEP8H6cOZqDYmLEPzbAZnKpqlvDoWnP8r9IhamEfcGKhaLZbgfUNVnQMze2TH9OXkfOVoqYTKoUgiZGIf9abBNYJicuWVTxC31sZ-2FUMqR2nIZQPSxTwX41-2FcZMlHufdhgber02l0ck-2BUF3UcP3sthdBnvM55-2BRDi6L9eYHUvLuUuq4gzBO1cuzdTeOGExAabUiO3qV0IDOh9F3yddKwrNeRgXd-2BClGso8nxu5IkC6b6YV5H3UVurE5LBvAypPunkrx2SbWEguXe5o2FpDs90TJlyENRrQxsa8-2Ff4Q-3D-3D
)        Udemy   Udemy     (
https://ablink.students.udemy.com/ls/click?upn=u001.MPWQNoKfOWucilOG4GS8lnqBjcqUN7TuC1YlFOEgcKX4WAA6E6n9KCdOaPWXT4pdgUKfNM0bU0m7MyduZKroiYQmwEnvJ5Be8K4TxQsz3GCt3z4whfJU-2BmqiOqelow1Ei0EnQNRnzS-2F0fljEpY7BKB87h09F0pXkQGLKKYmn-2F0L4KXvG45lKsQCbZtnijnpseEyyUeBmWxSWVyOD-2F26RYmdjXbzT1QekfiYpow-2BK5cRIdEd1jVaMhSonpAz492YQWVzjSszdH7SM63d3Is894oXpPsO2uI5cetf-2B5kOQKmtEsaEbQTdcjx4dDuOXVZ9pqBLnv35-2B2DWibQqa6Llm45QFXNuyd7nULFlbQQLksI7NygOG9rngMQlU1iNOy2B-2FdOxgxHTYOWiGCfqFOOWhYA-3D-3DrI1M_NnYa6qcahSudtaJT0hTyHec1lbUKfPsXQ5PJW7m4XtWYvh-2Fw5PGpVV3Koyi5-2FuswHLm2ID4ZUwABCjXtYtWGJdWjpRf2QyOx2cPGICSoALZ4GndYD0wreLeHnM7vJgM-2BCDXBZIocUtAKXRDRgknTK3QU84Af543VzIUftux3eeOhKV9zakr9wthuRwdqI1-2B-2F5D8NnD0ECVtqlISXk-2BXbZ-2FlRQXfqo5LtmswLS5le5jvL2svJQ3QtOIYw9prEzBA2GHsDkWNIx-2BaQIJXM4RO8WtqrKKfdmlsATczDLXWGuSn6RHdzbhEmA7u-2BRDJIyC91U6rrVB6zmwVQxbu-2FJUVguL6kLr2hSyAhWNIfamTO1kUG6LsbtFEP8H6cOZqDYmLEPzbAZnKpqlvDoWnP8r9IhamEfcGKhaLZbgfUNVnQMze2TH9OXkfOVoqYTKoUgiZGIf9abBNYJicuWVTxC31sZ-2FUMqR2nIZQPSxTwX41-2FcZMlHufdhgber02l0ck-2BUF3UcP3sthdBnvM55-2BRDi6L9eZyO863E08CbZSr2MsCTtYpFRsykqGMi2R1rJdgdD8NSrwhbMM2z6euWoUVFlT-2Bj6eJbwCMJ5pf0eIkLafu5W49DvOLKsdKoy8dq5zFny91mxg8t8tYP9eDEyl6ASsejaA-3D-3D
) The skills you learn on Udemy
Can win the job on Indeed
Explore Indeed + Udemy (
https://ablink.students.udemy.com/ls/click?upn=u001.MPWQNoKfOWucilOG4GS8lnqBjcqUN7TuC1YlFOEgcKX4WAA6E6n9KCdOaPWXT4pdvLRsCcJHcQdmo3hI-2BBaV8K-2BZrPuQHSagttM-2BS7hzNoasT-2BEumGqRPvlI1mqFe8ZkW98n2TMX6Yxa-2B9ORVUMHh4XL5Qrzyvi8VbjXswqfo5-2FES3hQPqc5TLsp2SXotsvTNIhSZ-2FUF7kzqQByKgglwG9j6OhBbWeIlf1DxyGEnpROTEnhMdmfU7EwmsutBg1V-2Bd26QmDktHfMbE2fl6E0o-2B5q-2FIPlUvAR8eoZhzMGfYKqmfqF3Bf-2FenH68Q-2FmLyUiwdfwG-2Fk4kx7G0ULWm9o0NJey-2B07POHt0tyucjQCq3CoRh-2BNDnQ8UqGRkMqNTyDQPVk83R3w-2B-2Bdc23B0xRMkoltg-3D-3DAMVt_NnYa6qcahSudtaJT0hTyHec1lbUKfPsXQ5PJW7m4XtWYvh-2Fw5PGpVV3Koyi5-2FuswHLm2ID4ZUwABCjXtYtWGJdWjpRf2QyOx2cPGICSoALZ4GndYD0wreLeHnM7vJgM-2BCDXBZIocUtAKXRDRgknTK3QU84Af543VzIUftux3eeOhKV9zakr9wthuRwdqI1-2B-2F5D8NnD0ECVtqlISXk-2BXbZ-2FlRQXfqo5LtmswLS5le5jvL2svJQ3QtOIYw9prEzBA2GHsDkWNIx-2BaQIJXM4RO8WtqrKKfdmlsATczDLXWGuSn6RHdzbhEmA7u-2BRDJIyC91U6rrVB6zmwVQxbu-2FJUVguL6kLr2hSyAhWNIfamTO1kUG6LsbtFEP8H6cOZqDYmLEPzbAZnKpqlvDoWnP8r9IhamEfcGKhaLZbgfUNVnQMze2TH9OXkfOVoqYTKoUgiZGIf9abBNYJicuWVTxC31sZ-2FUMqR2nIZQPSxTwX41-2FcZMlHufdhgber02l0ck-2BUF3UcP3sthdBnvM55-2BRDi6L9eZ-2FLViOodRUyLyrLCcsOZp-2FsGVVbfHQx3RHqdr9t41DIQQuWmzMw7kaUctyuRnitqoW99jh0kNG3sQ1QuLT-2BxF5EtBpzt5BqdIbvCrHK2Ptz3dN7OqDVC98yzPr7dzb7HQ-3D-3D
)                 




When skills and opportunity meet, something incredible and career-changing can happen. Which is why we’ve teamed up with Indeed, the world’s #1 job site<sup style=""font-size:75%; line-height:0; vertical-align:text-top;"">1</sup>, known for connecting job seekers to the jobs of their dreams.
















It’s a powerful partnership that can really move your career:










Udemy   Udemy            Udemy   Udemy
Apply for jobs on Indeed that fit the skills and certifications you’ve earned Udemy   Udemy
Udemy   Udemy             Get special pricing on Indeed <a href=""https://ablink.students.udemy.com/ls/click?upn=u001.MPWQNoKfOWucilOG4GS8lnqBjcqUN7TuC1YlFOEgcKX4WAA6E6n9KCdOaPWXT4pdpOzbDtra-2Bl6601LwQ2b-2FPNvOVSZscLo13YYnvqv28RI6CdwRgO-2BQ6Ea0qlp5-2BtjZcMVFVj4AZNnsjrhdptgfnsVa6V9xuHo3MybLkcFvv75DQb-2BbacVjwyyder7YiRIwNBuzOaFlNt9unvXsOIc5mQgw-2FB7X7tmspexjRodMgIAckkSF4NZ3xT6la-2B35M0nPlZzNcQBi-2F3mYUIKas7CEpJN-2Fp6ViqeojAk47SIwZI4pCDADQKXLe0BBf9pDSoCjgb0Qs-2Bi7Sqo4deL-2Bshlc-2BPmv9hX-2FtXDMBDbccJeCFn5u5TG5O-2FhRs-2FT6b990-2FcBG0zOe9_NnYa6qcahSudtaJT0hTyHec1lbUKfPsXQ5PJW7m4XtWYvh-2Fw5PGpVV3Koyi5-2FuswHLm2ID4ZUwABCjXtYtWGJdWjpRf2QyOx2cPGICSoALZ4GndYD0wreLeHnM7vJgM-2BCDXBZIocUtAKXRDRgknTK3QU84Af543VzIUftux3eeOhKV9zakr9wthuRwdqI1-2B-2F5D8NnD0ECVtqlISXk-2BXbZ-2FlRQXfqo5LtmswLS5le5jvL2svJQ3QtOIYw9prEzBA2GHsDkWNIx-2BaQIJXM4RO8WtqrKKfdmlsATczDLXWGuSn6RHdzbhEmA7u-2BRDJIyC91U6rrVB6zmwVQxbu-2FJUVguL6kLr2hSyAhWNIfamTO1kUG6LsbtFEP8H6cOZqDYmLEPzbAZnKpqlvDoWnP8r9IhamEfcGKhaLZbgfUNVnQMze2TH9OXkfOVoqYTKoUgiZGIf9abBNYJicuWVTxC31sZ-2FUMqR2nIZQPSxTwX41-2FcZMlHufdhgber02l0ck-2BUF3UcP3sthdBnvM55-2BRDi6L9eX66tC7nfMKAVHulAZqxUjkXmjK9g6oLMMh-2BT5EjyHXOBBQM-2BQ9LoQjFVWbFXS15p618nEt5S1OLlC946TqkTGmP7RiEhZbZ5rU-2BcUbXqP-2FD4BP4D0Wqk2fo7FbHJb5Jxg-3D-3D class=""AccentDarkMode"" style=""color:#A335EF !important"">Career Services</a> like resume help, interview prep, and career counseling<sup style=""font-size:75%; line-height:0; vertical-align:middle;"">*</sup>








Read more (
https://ablink.students.udemy.com/ls/click?upn=u001.wIJEsFfuT-2F09waFZkTlUKeNixrd6j5CntuJgjo3eDKDNZ4-2Ft1gfyyyh-2FPZz5FXZGXErh-2BHfE9tC-2FrrkRC6CfbBnVxXJfjgQNAzxGMOGB2cgkKeP-2BVjtf-2FtCyT4D0CSh1fVGpLrwKaVGVTPUA6ZPyp9854qyZXjKOrss8ar-2Fz96GlSXvQqvG9VD2KTJhVK4ROs4v4dzAEMa3bfc6EDCYDLkyhPck4zyTndajql0i7SRt2JWBzXR-2BK7e3ZxiwfnSqKC4TJaznKQiMXco-2BwoLhop4YxMoC6U9-2FUaqBrSRAFjSmFWQqpv966zmEyhZVb4gohEONxtZZKmBrKphbxxvslhBdSByyGQlBaW-2FaPA38bUveZkd0ZTpS8th7oTVhhpL-2Bfogg3_NnYa6qcahSudtaJT0hTyHec1lbUKfPsXQ5PJW7m4XtWYvh-2Fw5PGpVV3Koyi5-2FuswHLm2ID4ZUwABCjXtYtWGJdWjpRf2QyOx2cPGICSoALZ4GndYD0wreLeHnM7vJgM-2BCDXBZIocUtAKXRDRgknTK3QU84Af543VzIUftux3eeOhKV9zakr9wthuRwdqI1-2B-2F5D8NnD0ECVtqlISXk-2BXbZ-2FlRQXfqo5LtmswLS5le5jvL2svJQ3QtOIYw9prEzBA2GHsDkWNIx-2BaQIJXM4RO8WtqrKKfdmlsATczDLXWGuSn6RHdzbhEmA7u-2BRDJIyC91U6rrVB6zmwVQxbu-2FJUVguL6kLr2hSyAhWNIfamTO1kUG6LsbtFEP8H6cOZqDYmLEPzbAZnKpqlvDoWnP8r9IhamEfcGKhaLZbgfUNVnQMze2TH9OXkfOVoqYTKoUgiZGIf9abBNYJicuWVTxC31sZ-2FUMqR2nIZQPSxTwX41-2FcZMlHufdhgber02l0ck-2BUF3UcP3sthdBnvM55-2BRDi6L9ebmtZyTSthrvlrMGJgVOABgY2nD4Yxb4cevFQKXM3mXPxUgGalYHONdf3V7oFPCo8VFjp9BSZrO96wV40bl5gAiIJDNXuZwKlTQcTVRKJ-2BTZ6ZRMYHUD8-2Fs52P0ds0-2FtMw-3D-3D
)               









<sup style=""vertical-align:middle;"">1</sup>  Comscore, Total Visits, March 2024





<sup style=""vertical-align:middle;"">*</sup>  Terms and Conditions apply














Udemy Logo The power of possibilities
Download our app and learn anywhere apple 
( https://ablink.students.udemy.com/ls/click?upn=u001.MPWQNoKfOWucilOG4GS8lvQcUKdzeedEn1epjly7okwJ4t8No42Buv1tWKls4UTrvPVqpa-2B6fKBTmVPPAb-2F9R1ID8CyfDwNz7ju0v9p24vNMmXvgUJUkjQ-2FS6vtNFuM53MUsLgmYK-2BP1rlRgkQCaeNk4lfw8-2BanNwODGivIC9Y-2BXqTCaFC-2FfBbYGRAdTcNWsUqjm0OpFLZPhYh1ElgeOsx1Re1KZU1FULTD62fcOvQM7nbs-2FmPdQuIpfHEmeItKYUNb-2FdCeIKeJoawji96NXg-2FG0IxtgqOZ6RA88C0IHMTEehlbiK5QC3V3PpM-2B-2B85KI1MVKkliH6o-2BIQi70n87V7J9v5D7kfzCIu91wXLnqyeBET6nbAwxBjo-2FFY4dLjVn4VF60_NnYa6qcahSudtaJT0hTyHec1lbUKfPsXQ5PJW7m4XtWYvh-2Fw5PGpVV3Koyi5-2FuswHLm2ID4ZUwABCjXtYtWGJdWjpRf2QyOx2cPGICSoALZ4GndYD0wreLeHnM7vJgM-2BCDXBZIocUtAKXRDRgknTK3QU84Af543VzIUftux3eeOhKV9zakr9wthuRwdqI1-2B-2F5D8NnD0ECVtqlISXk-2BXbZ-2FlRQXfqo5LtmswLS5le5jvL2svJQ3QtOIYw9prEzBA2GHsDkWNIx-2BaQIJXM4RO8WtqrKKfdmlsATczDLXWGuSn6RHdzbhEmA7u-2BRDJIyC91U6rrVB6zmwVQxbu-2FJUVguL6kLr2hSyAhWNIfamTO1kUG6LsbtFEP8H6cOZqDYmLEPzbAZnKpqlvDoWnP8r9IhamEfcGKhaLZbgfUNVnQMze2TH9OXkfOVoqYTKoUgiZGIf9abBNYJicuWVTxC31sZ-2FUMqR2nIZQPSxTwX41-2FcZMlHufdhgber02l0ck-2BUF3UcP3sthdBnvM55-2BRDi6L9eQymTRfV7LRvZ0WmhOSs2oSmB77CzI8GmmnEEfnUkOp9uZF85aIHBXCcLouBJvNoL-2BdcprAVtO7XS9p99L9BWnQGg9UV4DX97rDXK1WiuqcijXS7xuZIlgmjHIVy-2BxSRDA-3D-3D )
 apple 
( https://ablink.students.udemy.com/ls/click?upn=u001.MPWQNoKfOWucilOG4GS8lvQcUKdzeedEn1epjly7okyXaO-2F3nq6vcNQi4YsadB96q9d5VuUEXOB2ir3uNk6egNHdplOUDuvv0LGAipEwWSmgym575OSjQhZeLvl7c34-2BVkOrneUmK0JyuIgJ82rk-2FXNjNRlfPmkAvQo9-2Fmc3ow1cI7ZF7Ov7G3KtIZiarBiHGSyHQQ2JhQMFNz5Z-2BbOJykytAfwv-2BSwPS42ZrAKsZ1NjMTBLH-2FNoll5G9RQoDQ3g-2BrspG6u3WFrN0hxjVgGBHZH-2BCcwZVad56bS9xC1-2F87WUOvjQZq2Yvvy-2BZ3rs7gokX6FL0UHvXSZ481y5xNzAQ8Aru3ampUz9BGVt1VdR-2FY5FhDMLmzj-2BKnVdZhZ9JEtvZ1nz_NnYa6qcahSudtaJT0hTyHec1lbUKfPsXQ5PJW7m4XtWYvh-2Fw5PGpVV3Koyi5-2FuswHLm2ID4ZUwABCjXtYtWGJdWjpRf2QyOx2cPGICSoALZ4GndYD0wreLeHnM7vJgM-2BCDXBZIocUtAKXRDRgknTK3QU84Af543VzIUftux3eeOhKV9zakr9wthuRwdqI1-2B-2F5D8NnD0ECVtqlISXk-2BXbZ-2FlRQXfqo5LtmswLS5le5jvL2svJQ3QtOIYw9prEzBA2GHsDkWNIx-2BaQIJXM4RO8WtqrKKfdmlsATczDLXWGuSn6RHdzbhEmA7u-2BRDJIyC91U6rrVB6zmwVQxbu-2FJUVguL6kLr2hSyAhWNIfamTO1kUG6LsbtFEP8H6cOZqDYmLEPzbAZnKpqlvDoWnP8r9IhamEfcGKhaLZbgfUNVnQMze2TH9OXkfOVoqYTKoUgiZGIf9abBNYJicuWVTxC31sZ-2FUMqR2nIZQPSxTwX41-2FcZMlHufdhgber02l0ck-2BUF3UcP3sthdBnvM55-2BRDi6L9ee4kAWFQ6eMgNyBbE9aqYqFqISXOW1cePB1Q-2B3hXJAQhfMxhByjbfIc9qD-2Bm-2BjWlZ06siIxNIPYS-2Boc5mcIFuudvyILeoYyKLQkLWCld916bAtwSrN-2FeXGrrVQjkAOYDjw-3D-3D )
                    Instagram (
https://ablink.students.udemy.com/ls/click?upn=u001.MPWQNoKfOWucilOG4GS8lktWZ0B95nyX-2BvXv1D5fPmIMRx3mPOlxugJFRFuPO5xy3InvPlwt1FPR0AACEt6C4OH408QsE-2BRtrEu-2B7BDfkjbUF-2FyZS9jy1UIwgWbeRHNvS-2B9DQ8uo-2FFe-2B69cj6YqJz40XP8MBV9hXmMzn0eFAI5d-2BoB0oYvjdfb-2F-2B26wPv0dVlB7AWHM9cXlQ87boBVFLzE8fie-2BaPcXLN363wx0mo4SgpqYYs1BqE6tv3gSL4QnN5iyK2QKjhlyqikUZo3HS-2BnPq0Pi8FzSkXcAdw20X6zOd7ArfLMEJRIY6DXyAiEAF0nWIGm0pFw7dJlA9lC54EXI4bsexXvM5IkmcRUO9TIo-3DO93M_NnYa6qcahSudtaJT0hTyHec1lbUKfPsXQ5PJW7m4XtWYvh-2Fw5PGpVV3Koyi5-2FuswHLm2ID4ZUwABCjXtYtWGJdWjpRf2QyOx2cPGICSoALZ4GndYD0wreLeHnM7vJgM-2BCDXBZIocUtAKXRDRgknTK3QU84Af543VzIUftux3eeOhKV9zakr9wthuRwdqI1-2B-2F5D8NnD0ECVtqlISXk-2BXbZ-2FlRQXfqo5LtmswLS5le5jvL2svJQ3QtOIYw9prEzBA2GHsDkWNIx-2BaQIJXM4RO8WtqrKKfdmlsATczDLXWGuSn6RHdzbhEmA7u-2BRDJIyC91U6rrVB6zmwVQxbu-2FJUVguL6kLr2hSyAhWNIfamTO1kUG6LsbtFEP8H6cOZqDYmLEPzbAZnKpqlvDoWnP8r9IhamEfcGKhaLZbgfUNVnQMze2TH9OXkfOVoqYTKoUgiZGIf9abBNYJicuWVTxC31sZ-2FUMqR2nIZQPSxTwX41-2FcZMlHufdhgber02l0ck-2BUF3UcP3sthdBnvM55-2BRDi6L9eRZN-2B-2BvHTCW2fefxrxe8MSEKustlt2PVbQdFAN0-2FVVJ-2BGLst9E0-2BVaJlG3j5H99-2FOheaheQGVlGjoT7Zg-2B5ENDiA7lCfEIe-2FP3psomHjX0qEacWHOeAJ4VdMoIcYPrEzSA-3D-3D
)  
( https://ablink.students.udemy.com/ls/click?upn=u001.MPWQNoKfOWucilOG4GS8lj0ugqiqY3U-2B0vmeePH1L2-2F0UZh839hWq8gcdL3yKNNp3JI7Rw8WIl7WsivENjEN-2BMaaGBx1PDothbkBKdnEXGCk4pBWNWDXVleWiAHaz-2F8qUF1ByKz61412CF5-2Be6k7rKtT3AX-2B4N1BanVP1FqxKv-2Fuf4jZtZ0QGuMRhrLcLK7oSTPieSXRrA6dPiF20yzOcO2kEBI-2F9Xn5MpFxjWaXxHbkalUa0Mke-2FF6H4sxzTUOP-2B9cUmuHYC4PMA7PvOok-2B6k5Zp62DXNfKaTI828kl2Iz6BxS-2B52pADpngx4Xm-2By6m7yzxUPR1jnGyCaH0gwWCxF9e17lQGWa6e-2FByjyiy5QZpcAxkz2xr1Yh5xhdk0aj-2FaOYU_NnYa6qcahSudtaJT0hTyHec1lbUKfPsXQ5PJW7m4XtWYvh-2Fw5PGpVV3Koyi5-2FuswHLm2ID4ZUwABCjXtYtWGJdWjpRf2QyOx2cPGICSoALZ4GndYD0wreLeHnM7vJgM-2BCDXBZIocUtAKXRDRgknTK3QU84Af543VzIUftux3eeOhKV9zakr9wthuRwdqI1-2B-2F5D8NnD0ECVtqlISXk-2BXbZ-2FlRQXfqo5LtmswLS5le5jvL2svJQ3QtOIYw9prEzBA2GHsDkWNIx-2BaQIJXM4RO8WtqrKKfdmlsATczDLXWGuSn6RHdzbhEmA7u-2BRDJIyC91U6rrVB6zmwVQxbu-2FJUVguL6kLr2hSyAhWNIfamTO1kUG6LsbtFEP8H6cOZqDYmLEPzbAZnKpqlvDoWnP8r9IhamEfcGKhaLZbgfUNVnQMze2TH9OXkfOVoqYTKoUgiZGIf9abBNYJicuWVTxC31sZ-2FUMqR2nIZQPSxTwX41-2FcZMlHufdhgber02l0ck-2BUF3UcP3sthdBnvM55-2BRDi6L9eRklXhGuLLWCRycs2-2Fa5AkUiJhJzwSZaFvIGmGang2TTDSUadZ5X5RweiVyzZk4Mi5kKOjmdA-2F3GE0e39BzobsOD0HYxY4HmOehOgVU4MGUVclfYopdrbTtzxBpTbErpng-3D-3D )
  (
https://ablink.students.udemy.com/ls/click?upn=u001.MPWQNoKfOWucilOG4GS8lsOdOeexWMtyhjU-2Ffnhbi2Y18kougI4KlCuGAcuzgTAAZcI2QDn5v2u3sqN5WDrDOJ5hREkZH-2FqJ9OIv-2BSW2kuQp62HC6D-2BJ3p7sWYBtrmoYXueCWfaQ6G7AsrWFG7P07uTCjpwuNFb49swANeMMIuWzLHV9a4HpsiZ5vDeIt9MUaHOP99czpi3TsJeCkTPMjvT6QGBEk5twPZATtvxugqp8ZgqRNCYDBB0N2mz-2BHdUKEnhmIZXPL3ZfKOQ5DCwQElR9EB4E1VuzRE5JxHok65KxcQAW5ZrAAwDjE9b5qOeuvo5vpnVK83aAvQUw51qsNdO7bhOdrT5nthlSCpXVAaQ-3DG2eQ_NnYa6qcahSudtaJT0hTyHec1lbUKfPsXQ5PJW7m4XtWYvh-2Fw5PGpVV3Koyi5-2FuswHLm2ID4ZUwABCjXtYtWGJdWjpRf2QyOx2cPGICSoALZ4GndYD0wreLeHnM7vJgM-2BCDXBZIocUtAKXRDRgknTK3QU84Af543VzIUftux3eeOhKV9zakr9wthuRwdqI1-2B-2F5D8NnD0ECVtqlISXk-2BXbZ-2FlRQXfqo5LtmswLS5le5jvL2svJQ3QtOIYw9prEzBA2GHsDkWNIx-2BaQIJXM4RO8WtqrKKfdmlsATczDLXWGuSn6RHdzbhEmA7u-2BRDJIyC91U6rrVB6zmwVQxbu-2FJUVguL6kLr2hSyAhWNIfamTO1kUG6LsbtFEP8H6cOZqDYmLEPzbAZnKpqlvDoWnP8r9IhamEfcGKhaLZbgfUNVnQMze2TH9OXkfOVoqYTKoUgiZGIf9abBNYJicuWVTxC31sZ-2FUMqR2nIZQPSxTwX41-2FcZMlHufdhgber02l0ck-2BUF3UcP3sthdBnvM55-2BRDi6L9efAcBTf-2Bc6EUf0ZsLWiGjgodTa5pGahR3MsnCmrf34Vu20d3zkF0l2ghZerR7axdEGOXGhMYkg8zES1rfV0fAg1UW-2FTc-2Bcoao07WY4YCVEVDDTSAuIARi85VHo44Ul0uyA-3D-3D
)  (
https://ablink.students.udemy.com/ls/click?upn=u001.MPWQNoKfOWucilOG4GS8lkE7uN4GALu4qwDrYxhQKcEyCAgevywPW8D5AIAvEY5oZRAXZZDJXg3o9t-2BTHDR8uPK49iHikjCSxhKUGg3N5C4PS5-2Bzc-2BY2U1lsNUjKImRu8FZbEIIJo61YVAltJag-2FJ9D2ON50cvpuX5-2Bp70q0avPfyc8nCvv9BbfjJV-2Fcw2XpC8WRP3mIY1Wi-2Fl4zZA0EOpDV73nMaA3YoSzm0pCx1xzm-2BIyjpSp8CdXEX8x1xdA8KsRsSItucYk9yFOgDL9keWslmt3su8SLpEx-2FX178HBl3EDqqWVTTv93568eVtMih2f-2F-2BdKW-2F4vf-2BTbZRvgSDz3-2FUFbl8Db-2FEIHoJNWRv9OrvrpNQ4SqACQEvss7cRvA2MXfy_NnYa6qcahSudtaJT0hTyHec1lbUKfPsXQ5PJW7m4XtWYvh-2Fw5PGpVV3Koyi5-2FuswHLm2ID4ZUwABCjXtYtWGJdWjpRf2QyOx2cPGICSoALZ4GndYD0wreLeHnM7vJgM-2BCDXBZIocUtAKXRDRgknTK3QU84Af543VzIUftux3eeOhKV9zakr9wthuRwdqI1-2B-2F5D8NnD0ECVtqlISXk-2BXbZ-2FlRQXfqo5LtmswLS5le5jvL2svJQ3QtOIYw9prEzBA2GHsDkWNIx-2BaQIJXM4RO8WtqrKKfdmlsATczDLXWGuSn6RHdzbhEmA7u-2BRDJIyC91U6rrVB6zmwVQxbu-2FJUVguL6kLr2hSyAhWNIfamTO1kUG6LsbtFEP8H6cOZqDYmLEPzbAZnKpqlvDoWnP8r9IhamEfcGKhaLZbgfUNVnQMze2TH9OXkfOVoqYTKoUgiZGIf9abBNYJicuWVTxC31sZ-2FUMqR2nIZQPSxTwX41-2FcZMlHufdhgber02l0ck-2BUF3UcP3sthdBnvM55-2BRDi6L9eXSyQTnSJzENfhnmo4qIkWOi3WA8eaZMX6Sa78iYmAaRCj97-2Byjdyx4vh-2BLQXfekRNphl3CINlOI4S5BRunyJwRaRU1Y0-2FAfHH-2BlBqqTSNqGsIYnLrQFKenWbiWWZct6vg-3D-3D
)  (
https://ablink.students.udemy.com/ls/click?upn=u001.MPWQNoKfOWucilOG4GS8lguLLBbPRONAPVNgdA4KZXCFiGsYL3As6LvajW0rA2JKMADublFXEepBGMgMPPAAil7FCLNKrh3tTSf8MGeRfQYCzOL0xqGFZ5-2BmxPShUe2mnro6U0UuXFNX1GMJNGWupD3QBmr9eJfK4A94kMQlhm32Uz0m-2FWj8uSP-2BdkIu8GvBJUXnFAPkiDdrV0ZAHeBaYzkJcFLKwSjcAWu9tysUNCELk0gU8S4rqWbtXEAQnekQFcA4rldjKDgiMkfwRRbaVqOD06JC0FxF-2BUsa-2BknKlH5aNwZOAecrxKq7ytjgXgdHlPxu5QWRq6qO3BJohUWHhhlTORaS3-2B-2Fze00oUD8bd5I-3D97HT_NnYa6qcahSudtaJT0hTyHec1lbUKfPsXQ5PJW7m4XtWYvh-2Fw5PGpVV3Koyi5-2FuswHLm2ID4ZUwABCjXtYtWGJdWjpRf2QyOx2cPGICSoALZ4GndYD0wreLeHnM7vJgM-2BCDXBZIocUtAKXRDRgknTK3QU84Af543VzIUftux3eeOhKV9zakr9wthuRwdqI1-2B-2F5D8NnD0ECVtqlISXk-2BXbZ-2FlRQXfqo5LtmswLS5le5jvL2svJQ3QtOIYw9prEzBA2GHsDkWNIx-2BaQIJXM4RO8WtqrKKfdmlsATczDLXWGuSn6RHdzbhEmA7u-2BRDJIyC91U6rrVB6zmwVQxbu-2FJUVguL6kLr2hSyAhWNIfamTO1kUG6LsbtFEP8H6cOZqDYmLEPzbAZnKpqlvDoWnP8r9IhamEfcGKhaLZbgfUNVnQMze2TH9OXkfOVoqYTKoUgiZGIf9abBNYJicuWVTxC31sZ-2FUMqR2nIZQPSxTwX41-2FcZMlHufdhgber02l0ck-2BUF3UcP3sthdBnvM55-2BRDi6L9edpEC8XuVng6-2FYCFvRRHtYKux41CeBYsf3cc3FS7fMtKqpa5zp9CFGOwUGdZyb9FzZ62v59z1WU5Ba7RAlaSx0F8-2BvTO1vCYqEu-2B9BOf7oC97ZFjOn9vUfDsD56-2FmZkvUA-3D-3D
)                  About us 
( https://ablink.students.udemy.com/ls/click?upn=u001.MPWQNoKfOWucilOG4GS8ljZ2N1srvEeqyF58StdLQBx5sv63rUc1V0gZXpZ9AiZ0f8O7-2BfFMFcb6VuxX6snbEGaRgC-2BS-2FFR3v-2BsAmfDQuvC5AqJ7uqxg-2F8od-2FGpXM2tjfLDta9g4nt-2BzwS5IuKG2VzCMoCkSoKiBQwrfyc7JWvxk8Y1afLG2wbXVNQdnnN9-2FxQCQ-2Fh6rFcfMIw-2Fv-2BcdkiBcfEjK0IlDGWXpg77YFN2Cau9a9r5cEvHs81y5e2ZZXDGJFvzCNVxHWO0AxwAvxmg-2FY75qwF8OzPB9ib34iXPIO-2BBXt-2BpgXMd7bWgevYIdHaZqHaGO1jfj-2Fz0TXMzqTT71UfVk639EU8dffoSuPrmc-3DEQRZ_NnYa6qcahSudtaJT0hTyHec1lbUKfPsXQ5PJW7m4XtWYvh-2Fw5PGpVV3Koyi5-2FuswHLm2ID4ZUwABCjXtYtWGJdWjpRf2QyOx2cPGICSoALZ4GndYD0wreLeHnM7vJgM-2BCDXBZIocUtAKXRDRgknTK3QU84Af543VzIUftux3eeOhKV9zakr9wthuRwdqI1-2B-2F5D8NnD0ECVtqlISXk-2BXbZ-2FlRQXfqo5LtmswLS5le5jvL2svJQ3QtOIYw9prEzBA2GHsDkWNIx-2BaQIJXM4RO8WtqrKKfdmlsATczDLXWGuSn6RHdzbhEmA7u-2BRDJIyC91U6rrVB6zmwVQxbu-2FJUVguL6kLr2hSyAhWNIfamTO1kUG6LsbtFEP8H6cOZqDYmLEPzbAZnKpqlvDoWnP8r9IhamEfcGKhaLZbgfUNVnQMze2TH9OXkfOVoqYTKoUgiZGIf9abBNYJicuWVTxC31sZ-2FUMqR2nIZQPSxTwX41-2FcZMlHufdhgber02l0ck-2BUF3UcP3sthdBnvM55-2BRDi6L9ec35gm-2Fw1zaTiHxUTAoc3AI0SC4vh9EtSXkYubwFoFnSWjAvNIWEFvrfa6OFgp5t1eLPywils0B2Sbq-2BqgF4wt7oMjrDLrIPOCF7lcNe1lyhOjedb0j0UmKZv9HkzdBl7Q-3D-3D )
    |    Udemy Business (
https://ablink.students.udemy.com/ls/click?upn=u001.MPWQNoKfOWucilOG4GS8lihcYzRYBIZC6Z-2FIGyeGnXQodTm-2Fb2VVBz-2FqueCjEiQFkSc-2B82CN4t7gXiC9PYuyB8ktkknbGHGSolkqqHo-2BoS5JkHulyk3C6q-2B1nX5T5-2B9mmV61b3zsby9vFTLLh8pzZ1RTnlNyd-2BPEb1BTSJtvI9FPKn7NXZLkwVf30lG-2FbKs53x1YhoGhjkGa7zf-2B2Z0hf-2F1kKQA5NKHVfEuyA6G5unV6DCoR-2Ffk2N2ES7Z-2B7hsCCf1kKimpw3tRbp2nXR6Havk4Lcl9a6ZCmV7Ovj18z1zAXkZrJA1ilhTJime7HyrGNUqXwf9P0owR4ca2ZSStNU6chNExO-2FPZ-2FEp2lWPeovHw-3DC6Dw_NnYa6qcahSudtaJT0hTyHec1lbUKfPsXQ5PJW7m4XtWYvh-2Fw5PGpVV3Koyi5-2FuswHLm2ID4ZUwABCjXtYtWGJdWjpRf2QyOx2cPGICSoALZ4GndYD0wreLeHnM7vJgM-2BCDXBZIocUtAKXRDRgknTK3QU84Af543VzIUftux3eeOhKV9zakr9wthuRwdqI1-2B-2F5D8NnD0ECVtqlISXk-2BXbZ-2FlRQXfqo5LtmswLS5le5jvL2svJQ3QtOIYw9prEzBA2GHsDkWNIx-2BaQIJXM4RO8WtqrKKfdmlsATczDLXWGuSn6RHdzbhEmA7u-2BRDJIyC91U6rrVB6zmwVQxbu-2FJUVguL6kLr2hSyAhWNIfamTO1kUG6LsbtFEP8H6cOZqDYmLEPzbAZnKpqlvDoWnP8r9IhamEfcGKhaLZbgfUNVnQMze2TH9OXkfOVoqYTKoUgiZGIf9abBNYJicuWVTxC31sZ-2FUMqR2nIZQPSxTwX41-2FcZMlHufdhgber02l0ck-2BUF3UcP3sthdBnvM55-2BRDi6L9eT5pqyXAULuGs4Bv-2FFsqlC7L4b5CHy4-2Fkd0aZ5b0Eb3e-2BtuNQSNyGTubHBj1pZvwNrd4KZN5dvaPSAKI50bwvojm3ryMcRe4LEzi-2FtcMxFE1-2BaWFiQo2BdK2pPd4oFqWtg-3D-3D
)               You are receiving this email because you signed up on Udemy.com with this email address. Please do not reply to this unmonitored email account. Visit the <a href=""https://ablink.students.udemy.com/ls/click?upn=u001.MPWQNoKfOWucilOG4GS8lu3YomVGrfz3oxvOve8qE3NzkMOWp-2B6V4qq4HbZyhEUaMXpp_NnYa6qcahSudtaJT0hTyHec1lbUKfPsXQ5PJW7m4XtWYvh-2Fw5PGpVV3Koyi5-2FuswHLm2ID4ZUwABCjXtYtWGJdWjpRf2QyOx2cPGICSoALZ4GndYD0wreLeHnM7vJgM-2BCDXBZIocUtAKXRDRgknTK3QU84Af543VzIUftux3eeOhKV9zakr9wthuRwdqI1-2B-2F5D8NnD0ECVtqlISXk-2BXbZ-2FlRQXfqo5LtmswLS5le5jvL2svJQ3QtOIYw9prEzBA2GHsDkWNIx-2BaQIJXM4RO8WtqrKKfdmlsATczDLXWGuSn6RHdzbhEmA7u-2BRDJIyC91U6rrVB6zmwVQxbu-2FJUVguL6kLr2hSyAhWNIfamTO1kUG6LsbtFEP8H6cOZqDYmLEPzbAZnKpqlvDoWnP8r9IhamEfcGKhaLZbgfUNVnQMze2TH9OXkfOVoqYTKoUgiZGIf9abBNYJicuWVTxC31sZ-2FUMqR2nIZQPSxTwX41-2FcZMlHufdhgber02l0ck-2BUF3UcP3sthdBnvM55-2BRDi6L9eRGBYYOfEJ6WzThTV4njeQSvsCobKn-2BYRn1wobc1zpi9m9bIVl6yHw1A9YuRSBxDH3GoECYgrJ8bQsDU3OkeJotwvy2ze5Qyun4tk48Di5FwDojk31We9YI4cH3r20lduA-3D-3D style=""color:#ffffff !important"">help center</a> for questions and support.
Manage preferences 
( https://ablink.students.udemy.com/ls/click?upn=u001.MPWQNoKfOWucilOG4GS8lt5jOB8SnQq4hYJ2zqDMnrFn5Oj2AT0Snz-2Fn3W-2Bd11v2uGeg0z-2Fqc3PVBCGHNTchEOtxnJe9Lvs5etXLDjP6JrCzUWQ3ehhb1DG1LM0TMpGHtqcyy3J8KPl-2Bnz7gjQp2d9Sxa26uiqVWs1sbmYpeKHSBtZQ0qmoKAKJmRT0g2CWcJXTrV-2F2FuclsXWHn1ACQG876M29tYsL9YGKcjGd1l72L82KLhdpYq3aa7egCngU0hdvH6cQyQY1rN1FdNAMHSWmWLBh-2BGCL7cnw7kxAo2wPVB1SAv-2Frj5xCgu-2F-2Fv4ElfHohItNOgpbdaTuJMAZkrYUBDNHTun9PE9NUIXpEdcBMIJGUc99lg3ao2MgMViVjqA0ViLiF-2FcpBbeRfZYhe6Ew-3D-3D1zjr_NnYa6qcahSudtaJT0hTyHec1lbUKfPsXQ5PJW7m4XtWYvh-2Fw5PGpVV3Koyi5-2FuswHLm2ID4ZUwABCjXtYtWGJdWjpRf2QyOx2cPGICSoALZ4GndYD0wreLeHnM7vJgM-2BCDXBZIocUtAKXRDRgknTK3QU84Af543VzIUftux3eeOhKV9zakr9wthuRwdqI1-2B-2F5D8NnD0ECVtqlISXk-2BXbZ-2FlRQXfqo5LtmswLS5le5jvL2svJQ3QtOIYw9prEzBA2GHsDkWNIx-2BaQIJXM4RO8WtqrKKfdmlsATczDLXWGuSn6RHdzbhEmA7u-2BRDJIyC91U6rrVB6zmwVQxbu-2FJUVguL6kLr2hSyAhWNIfamTO1kUG6LsbtFEP8H6cOZqDYmLEPzbAZnKpqlvDoWnP8r9IhamEfcGKhaLZbgfUNVnQMze2TH9OXkfOVoqYTKoUgiZGIf9abBNYJicuWVTxC31sZ-2FUMqR2nIZQPSxTwX41-2FcZMlHufdhgber02l0ck-2BUF3UcP3sthdBnvM55-2BRDi6L9eTFUyedKBr2-2Bn8J63Kle9knxOx5XL7SGm2I7YevQa-2BatgDx-2FS9MpvAbga7bhdx9jbhX3F46uziDvOTRadxHezDkDM6kYxL6nLgD-2BZB5k8kHGsznJQO8z4wChySvLItKu9w-3D-3D )
             Support 
( https://ablink.students.udemy.com/ls/click?upn=u001.MPWQNoKfOWucilOG4GS8lu3YomVGrfz3oxvOve8qE3PfxAGjv2IGWE3-2BzrAOLI6d3fWEwMtGsY2-2FnQpTtQxI55Tay82t02xgZ4yIkUKLTq6BZyqdiAcyjtILLyzr9WRnlhs72okhEcQiO82GMngv4PerYnUjzKV1L3N-2BIqvOUWocu0vRfNWze7xsHFVIJOE2spbLLdP085gwx7hxZTK3O-2Fr-2BtQmVxBlhBLVH-2Bm1cmqhnhRG1LHffwxldioEbP0KsFNKDzRZyWA4j9gRn-2FDYGfTWgPyoGjpTwB3Jg-2FNp7P9pwtofBbLrfgPTE6656eRdvoIAXdKjOaj2Frd-2FaiFzhcyhLaKg9Vc-2B201zQvnrEHur2SVLu-2Fyyz-2BjdF8sVofqU3vJPF_NnYa6qcahSudtaJT0hTyHec1lbUKfPsXQ5PJW7m4XtWYvh-2Fw5PGpVV3Koyi5-2FuswHLm2ID4ZUwABCjXtYtWGJdWjpRf2QyOx2cPGICSoALZ4GndYD0wreLeHnM7vJgM-2BCDXBZIocUtAKXRDRgknTK3QU84Af543VzIUftux3eeOhKV9zakr9wthuRwdqI1-2B-2F5D8NnD0ECVtqlISXk-2BXbZ-2FlRQXfqo5LtmswLS5le5jvL2svJQ3QtOIYw9prEzBA2GHsDkWNIx-2BaQIJXM4RO8WtqrKKfdmlsATczDLXWGuSn6RHdzbhEmA7u-2BRDJIyC91U6rrVB6zmwVQxbu-2FJUVguL6kLr2hSyAhWNIfamTO1kUG6LsbtFEP8H6cOZqDYmLEPzbAZnKpqlvDoWnP8r9IhamEfcGKhaLZbgfUNVnQMze2TH9OXkfOVoqYTKoUgiZGIf9abBNYJicuWVTxC31sZ-2FUMqR2nIZQPSxTwX41-2FcZMlHufdhgber02l0ck-2BUF3UcP3sthdBnvM55-2BRDi6L9eb6jKTx9ycTdHTpnoN9JXJiiGOucECSOwjUhLkcJtC0IDbG9WcChapeYgopgBCkiq20TnsLiJSnsYA4pPB78RmfVNjAsXU0lIji-2BPG3z5YeTVcMmuysQVNZZByDgHhMPuA-3D-3D )
             Unsubscribe (
https://ablink.students.udemy.com/ls/click?upn=u001.MPWQNoKfOWucilOG4GS8lmLPJt1FEAzixX-2B88doEe9Clb5fE5BZvC7M-2BkpAsDRFhQNEbJsTS5U8REdF-2F0-2FRB9fu6i6JAWDpF36FXHluy8WV2lequAIx2VNoIoHHZBPK51NyS3HULOW31rOZxkYdtoSZrjko4d3jJFthEBxh54mk3CRnOC1lepZkxPYToQZScE8omvM31CFT5fa2uAAwEs6AtuiRaHO0DjYirrhTl9ZTklet6lyu26jGusZzdrXRiMZEr4fKSp8clrf7ECkV1COfIIIS9KySycu-2B-2BwSYl1x3FHVmH2zcDlmYB8PsUL8jrm-2Bj2zqCoroolabwfoIukJ-2FdG1rw7o-2BZ4NbMX2g6vbdYgQ-2BpGqwqCxpbJ-2FXu1-2F2M1DE0TA-2F4kNH3hu-2FWcT-2Bxx-2BtUf1TUzVXuRFwatTNXbMVft3j76cdM-2FBbVeN5rn2zbEg4vUemIVk1AG1QAOsdXMGtajXHyXP-2BEL6cx8k9lYEnlKIAR9Mpj1XfVdP5KG6EPPhS-2FX9sx-2B6FOsfeAOSYST9xoqNVj1UyXUIA-2BlauApgQN7DNqm7SIpHuq3UV-2FWfGHfsDa5_NnYa6qcahSudtaJT0hTyHec1lbUKfPsXQ5PJW7m4XtWYvh-2Fw5PGpVV3Koyi5-2FuswHLm2ID4ZUwABCjXtYtWGJdWjpRf2QyOx2cPGICSoALZ4GndYD0wreLeHnM7vJgM-2BCDXBZIocUtAKXRDRgknTK3QU84Af543VzIUftux3eeOhKV9zakr9wthuRwdqI1-2B-2F5D8NnD0ECVtqlISXk-2BXbZ-2FlRQXfqo5LtmswLS5le5jvL2svJQ3QtOIYw9prEzBA2GHsDkWNIx-2BaQIJXM4RO8WtqrKKfdmlsATczDLXWGuSn6RHdzbhEmA7u-2BRDJIyC91U6rrVB6zmwVQxbu-2FJUVguL6kLr2hSyAhWNIfamTO1kUG6LsbtFEP8H6cOZqDYmLEPzbAZnKpqlvDoWnP8r9IhamEfcGKhaLZbgfUNVnQMze2TH9OXkfOVoqYTKoUgiZGIf9abBNYJicuWVTxC31sZ-2FUMqR2nIZQPSxTwX41-2FcZMlHufdhgber02l0ck-2BUF3UcP3sthdBnvM55-2BRDi6L9eTwa4R2xrjWeOip5OKdumUjEBEWHhRSXsa3RBxS9wwo1sGvYwsycHudot-2BcS-2FlBAf9G-2BhylFyKhI8C9gr-2FsrEb8F7cG1Jrf0i5jwPnS9KUMMwy4unZl7XnwMgpqDO-2BSh1w-3D-3D
)           Privacy terms 
( https://ablink.students.udemy.com/ls/click?upn=u001.MPWQNoKfOWucilOG4GS8llZZXCvPhpO2-2Fr1B92MXjE3gQaT6Vz-2BxTBBQcGb6HVygcJWZDxNC1H9k9k2nfS484SgFlxzCIreq3RaeFwiWbN2p3Pd7ZloLlmXb1u730hnl6U4djdEECRoV0NkdpZgJVsP8rTDqVhuRAbQHowZe5QlI3gK3w-2Fum3gXx4-2F79Vvay16rpRquQXWOx55i-2BKpsLL5UMebZKafDEm6fy-2BDhKbONmjqGOJy2qVN51Lb-2FmrNqFgxC4vADKT4ldwYTftk3cYNzvfazjmYVMgZ2EADoERR41la2S-2B00EycvWxkKjaAsw2lFdGHWOnOYMIOnkUSljleXjedg9uiw3XsMR-2FUBaRqwhNGaPmbcLWAE7-2BaMzqT8GsTqy_NnYa6qcahSudtaJT0hTyHec1lbUKfPsXQ5PJW7m4XtWYvh-2Fw5PGpVV3Koyi5-2FuswHLm2ID4ZUwABCjXtYtWGJdWjpRf2QyOx2cPGICSoALZ4GndYD0wreLeHnM7vJgM-2BCDXBZIocUtAKXRDRgknTK3QU84Af543VzIUftux3eeOhKV9zakr9wthuRwdqI1-2B-2F5D8NnD0ECVtqlISXk-2BXbZ-2FlRQXfqo5LtmswLS5le5jvL2svJQ3QtOIYw9prEzBA2GHsDkWNIx-2BaQIJXM4RO8WtqrKKfdmlsATczDLXWGuSn6RHdzbhEmA7u-2BRDJIyC91U6rrVB6zmwVQxbu-2FJUVguL6kLr2hSyAhWNIfamTO1kUG6LsbtFEP8H6cOZqDYmLEPzbAZnKpqlvDoWnP8r9IhamEfcGKhaLZbgfUNVnQMze2TH9OXkfOVoqYTKoUgiZGIf9abBNYJicuWVTxC31sZ-2FUMqR2nIZQPSxTwX41-2FcZMlHufdhgber02l0ck-2BUF3UcP3sthdBnvM55-2BRDi6L9eXRWOQtjl3CACVI8AIqgX1PEZ8ASgA2Vr3yoM6rd-2F67IFQ9GRnG3icmWtj4nRcP-2FDwPPP6WvGjhKPQ4tYDWQR7uBFJGQ5BN6ShdnP6mm6kLH5oBf721x3XHfk6QpSBWcDQ-3D-3D )
                 Udemy, 600 Harrison Street, 3rd floor, San Francisco, CA 94107

",1
Google Play 주문 영수증(2025. 6. 3.),"Google Play


감사합니다.


Google Play의 (유)네이버웹툰에서 구매하셨습니다.



주문 번호: GPA.3317-7083-7171-73157
주문 날짜: 2025. 6. 3. 오후 5시 19분 35초 GMT-5


상품 가격


쿠키 10개 (네이버 웹툰 - Naver Webtoon) $0.99



세금: $0.00

합계: $0.99


결제 방법:

Visa-8054



Play 포인트 적립
+1



문의사항이 있는 경우 (유)네이버웹툰을(를) 방문하세요.


Google Play

어디서나 즐길 수 있는 엔터테인먼트 통합 관리 서비스. 자세히 알아보기 ›



Google Play 주문 내역을 확인하세요.
Google Play 환불 정책 및 서비스 약관을 확인하세요.



도움이 필요하시면 Google Play 고객센터를 방문하세요.
Google Payments에 대해 자세히 알아보려면 Google Payments 고객센터를  
방문하세요.
본 메일은 발신전용입니다.
© 2025 Google | All Rights Reserved.
Google LLC, 1600 Amphitheatre Pkwy, Mountain View, CA, 94043, 미국


",3
TODAY ONLY! Fresh produce with discounts ending soon🍑,"https://click.sayweee.com/api/ads/decision/click/weee_7/store_cn/0/06-03-2025-CNEN-FRESHTUESDAY_email-hero?uemail=14562653&uec=a2fe6adcc7adfe1399eef6787f6f7c17&z=94538&ts=060325&slotId=emailHeaderTop&ue=c2trMTI2c2trMTI2QGdtYWlsLmNvbQ==&gtdl=-1&lsdl=42&kversion=5&oc=2&tz=America%2FLos_Angeles&rri=&rz=&fpor=&vs=0&roc=&roc30=&roc90=&ps=&tov=132.55&rod=&rsc=&ltr=1
[Promotional banner](https://click.sayweee.com/api/pricing/marketing-campaign-link/weee_7/store_cn/0/06-03-2025-CNEN-FRESHTUESDAY_email-hero?uemail=14562653&uec=a2fe6adcc7adfe1399eef6787f6f7c17&z=94538&ts=060325&utm_term=06-03-2025-CNEN-FRESHTUESDAY&ue=c2trMTI2c2trMTI2QGdtYWlsLmNvbQ==&utm_content=email-hero&t=)
https://click.sayweee.com/api/pricing/marketing-campaign-link/weee_7/store_cn/0/06-03-2025-CNEN-FRESHTUESDAY_email-grid?uemail=14562653&uec=a2fe6adcc7adfe1399eef6787f6f7c17&z=94538&ts=060325&utm_term=06-03-2025-CNEN-FRESHTUESDAY&ue=c2trMTI2c2trMTI2QGdtYWlsLmNvbQ==&utm_content=email-grid&t=	https://click.sayweee.com/api/pricing/marketing-campaign-link/weee_7/store_cn/1/06-03-2025-CNEN-FRESHTUESDAY_email-grid?uemail=14562653&uec=a2fe6adcc7adfe1399eef6787f6f7c17&z=94538&ts=060325&utm_term=06-03-2025-CNEN-FRESHTUESDAY&ue=c2trMTI2c2trMTI2QGdtYWlsLmNvbQ==&utm_content=email-grid&t=	https://click.sayweee.com/api/pricing/marketing-campaign-link/weee_7/store_cn/2/06-03-2025-CNEN-FRESHTUESDAY_email-grid?uemail=14562653&uec=a2fe6adcc7adfe1399eef6787f6f7c17&z=94538&ts=060325&utm_term=06-03-2025-CNEN-FRESHTUESDAY&ue=c2trMTI2c2trMTI2QGdtYWlsLmNvbQ==&utm_content=email-grid&t=
https://click.sayweee.com/api/pricing/marketing-campaign-link/weee_7/store_cn/3/06-03-2025-CNEN-FRESHTUESDAY_email-grid?uemail=14562653&uec=a2fe6adcc7adfe1399eef6787f6f7c17&z=94538&ts=060325&utm_term=06-03-2025-CNEN-FRESHTUESDAY&ue=c2trMTI2c2trMTI2QGdtYWlsLmNvbQ==&utm_content=email-grid&t=	https://click.sayweee.com/api/pricing/marketing-campaign-link/weee_7/store_cn/4/06-03-2025-CNEN-FRESHTUESDAY_email-grid?uemail=14562653&uec=a2fe6adcc7adfe1399eef6787f6f7c17&z=94538&ts=060325&utm_term=06-03-2025-CNEN-FRESHTUESDAY&ue=c2trMTI2c2trMTI2QGdtYWlsLmNvbQ==&utm_content=email-grid&t=	https://click.sayweee.com/api/pricing/marketing-campaign-link/weee_7/store_cn/5/06-03-2025-CNEN-FRESHTUESDAY_email-grid?uemail=14562653&uec=a2fe6adcc7adfe1399eef6787f6f7c17&z=94538&ts=060325&utm_term=06-03-2025-CNEN-FRESHTUESDAY&ue=c2trMTI2c2trMTI2QGdtYWlsLmNvbQ==&utm_content=email-grid&t=
https://click.sayweee.com/api/pricing/marketing-campaign-link/weee_7/store_cn/6/06-03-2025-CNEN-FRESHTUESDAY_email-grid?uemail=14562653&uec=a2fe6adcc7adfe1399eef6787f6f7c17&z=94538&ts=060325&utm_term=06-03-2025-CNEN-FRESHTUESDAY&ue=c2trMTI2c2trMTI2QGdtYWlsLmNvbQ==&utm_content=email-grid&t=	https://click.sayweee.com/api/pricing/marketing-campaign-link/weee_7/store_cn/7/06-03-2025-CNEN-FRESHTUESDAY_email-grid?uemail=14562653&uec=a2fe6adcc7adfe1399eef6787f6f7c17&z=94538&ts=060325&utm_term=06-03-2025-CNEN-FRESHTUESDAY&ue=c2trMTI2c2trMTI2QGdtYWlsLmNvbQ==&utm_content=email-grid&t=	https://click.sayweee.com/api/pricing/marketing-campaign-link/weee_7/store_cn/8/06-03-2025-CNEN-FRESHTUESDAY_email-grid?uemail=14562653&uec=a2fe6adcc7adfe1399eef6787f6f7c17&z=94538&ts=060325&utm_term=06-03-2025-CNEN-FRESHTUESDAY&ue=c2trMTI2c2trMTI2QGdtYWlsLmNvbQ==&utm_content=email-grid&t=
https://click.sayweee.com/api/pricing/marketing-campaign-link/weee_7/store_cn/9/06-03-2025-CNEN-FRESHTUESDAY_email-grid?uemail=14562653&uec=a2fe6adcc7adfe1399eef6787f6f7c17&z=94538&ts=060325&utm_term=06-03-2025-CNEN-FRESHTUESDAY&ue=c2trMTI2c2trMTI2QGdtYWlsLmNvbQ==&utm_content=email-grid&t=	https://click.sayweee.com/api/pricing/marketing-campaign-link/weee_7/store_cn/10/06-03-2025-CNEN-FRESHTUESDAY_email-grid?uemail=14562653&uec=a2fe6adcc7adfe1399eef6787f6f7c17&z=94538&ts=060325&utm_term=06-03-2025-CNEN-FRESHTUESDAY&ue=c2trMTI2c2trMTI2QGdtYWlsLmNvbQ==&utm_content=email-grid&t=	https://click.sayweee.com/api/pricing/marketing-campaign-link/weee_7/store_cn/11/06-03-2025-CNEN-FRESHTUESDAY_email-grid?uemail=14562653&uec=a2fe6adcc7adfe1399eef6787f6f7c17&z=94538&ts=060325&utm_term=06-03-2025-CNEN-FRESHTUESDAY&ue=c2trMTI2c2trMTI2QGdtYWlsLmNvbQ==&utm_content=email-grid&t=https://click.sayweee.com/api/pricing/marketing-campaign-link/weee_7/store_cn/0/06-03-2025-CNEN-FRESHTUESDAY_email-hero?uemail=14562653&uec=a2fe6adcc7adfe1399eef6787f6f7c17&z=94538&ts=060325&utm_content=email-grid-view-all&t=
https://click.sayweee.com/api/pricing/marketing-campaign-link/weee_7_tier1/store_cn/0/lightning-deals-banner-main_email-hero?uemail=14562653&uec=a2fe6adcc7adfe1399eef6787f6f7c17&z=94538&ts=060325&ue=c2trMTI2c2trMTI2QGdtYWlsLmNvbQ==&utm_content=LD-section&t=https://click.sayweee.com/api/ads/decision/click/weee_7/store_cn/0/06-03-2025-CNEN-FRESHTUESDAY_email-hero?uemail=14562653&uec=a2fe6adcc7adfe1399eef6787f6f7c17&z=94538&ts=060325&slotId=emailBody&ue=c2trMTI2c2trMTI2QGdtYWlsLmNvbQ==&gtdl=-1&lsdl=42&kversion=5&oc=2&tz=America%2FLos_Angeles&rri=&rz=&fpor=&vs=0&roc=&roc30=&roc90=&ps=&tov=132.55&rod=&rsc=&ltr=1https://click.sayweee.com/api/ads/decision/click/weee_7/store_cn/0/_email-hero?uemail=14562653&uec=a2fe6adcc7adfe1399eef6787f6f7c17&z=94538&ts=060325&slotId=emailFooterTop&ue=c2trMTI2c2trMTI2QGdtYWlsLmNvbQ==&gtdl=-1&lsdl=42&kversion=5&oc=2&tz=America%2FLos_Angeles&rri=&rz=&fpor=&vs=0&roc=&roc30=&roc90=&ps=&tov=132.55&rod=&rsc=&ltr=1[Back in stock](https://www.sayweee.com/grocery-near-me/delivery/back-in-stock?mktOrg=weee_1&mktPrimaryStore=store_cn&utm_content=back-in-stock_group-click&_e=1&&sData=102986,23036,104668,24712,106137,107121,11172,76646,42075,44656&uemail=14562653&uec=a2fe6adcc7adfe1399eef6787f6f7c17&z=94538&ts=060325&ue=c2trMTI2c2trMTI2QGdtYWlsLmNvbQ==&maincpid=06-03-2025-CNEN-FRESHTUESDAY&_kx=)[Trending near you](https://click.sayweee.com/api/pricing/marketing-campaign-link/weee_7/store_cn/0/trending-near-you-Tuesday_email-hero?uemail=14562653&uec=a2fe6adcc7adfe1399eef6787f6f7c17&z=94538&ts=060325&utm_content=trending-near-you-Tuesday&t=)[Global+ Trending near you](https://click.sayweee.com/api/pricing/marketing-campaign-link/weee_7/store_cn/0/trending-near-you-globalPlus-Tuesday_email-hero?uemail=14562653&uec=a2fe6adcc7adfe1399eef6787f6f7c17&z=94538&ts=060325&utm_content=trending-near-you-globalPlus-Tuesday&t=)https://www.sayweee.com/cms/page/activity/sale-Crazy8?utm_content=home_banner&&uemail=14562653&uec=a2fe6adcc7adfe1399eef6787f6f7c17&z=94538&ts=060325&ue=c2trMTI2c2trMTI2QGdtYWlsLmNvbQ==https://www.sayweee.com/cms/page/activity/BbgzTxeF?utm_content=home_banner&&uemail=14562653&uec=a2fe6adcc7adfe1399eef6787f6f7c17&z=94538&ts=060325&ue=c2trMTI2c2trMTI2QGdtYWlsLmNvbQ==https://www.sayweee.com/cms/page/activity/Lf3q1M5e?utm_content=home_banner&&uemail=14562653&uec=a2fe6adcc7adfe1399eef6787f6f7c17&z=94538&ts=060325&ue=c2trMTI2c2trMTI2QGdtYWlsLmNvbQ==https://click.sayweee.com/api/pricing/marketing-campaign-link/weee_7/store_cn/0/Recommended-NewArrivals-Banner_email-hero?uemail=14562653&uec=a2fe6adcc7adfe1399eef6787f6f7c17&z=94538&ts=060325&utm_content=Recommended-NewArrivals-Banner&t=https://click.sayweee.com/api/ads/decision/click/weee_7/store_cn/0/_email-hero?uemail=14562653&uec=a2fe6adcc7adfe1399eef6787f6f7c17&z=94538&ts=060325&slotId=emailFooterMiddle&ue=c2trMTI2c2trMTI2QGdtYWlsLmNvbQ==&gtdl=-1&lsdl=42&kversion=5&oc=2&tz=America%2FLos_Angeles&rri=&rz=&fpor=&vs=0&roc=&roc30=&roc90=&ps=&tov=132.55&rod=&rsc=&ltr=1https://click.sayweee.com/api/ads/decision/click/weee_7/store_cn/0/_email-hero?uemail=14562653&uec=a2fe6adcc7adfe1399eef6787f6f7c17&z=94538&ts=060325&slotId=emailFooterBottom&ue=c2trMTI2c2trMTI2QGdtYWlsLmNvbQ==&gtdl=-1&lsdl=42&kversion=5&oc=2&tz=America%2FLos_Angeles&rri=&rz=&fpor=&vs=0&roc=&roc30=&roc90=&ps=&tov=132.55&rod=&rsc=&ltr=1https://click.sayweee.com/api/ads/decision/click/weee_7/store_cn/0/_email-hero?uemail=14562653&uec=a2fe6adcc7adfe1399eef6787f6f7c17&z=94538&ts=060325&slotId=emailFootnote&ue=c2trMTI2c2trMTI2QGdtYWlsLmNvbQ==&gtdl=-1&lsdl=42&kversion=5&oc=2&tz=America%2FLos_Angeles&rri=&rz=&fpor=&vs=0&roc=&roc30=&roc90=&ps=&tov=132.55&rod=&rsc=&ltr=1
2025 Weee!, Inc.47467 Fremont Blvd
Fremont, CA 94538

[Unsubscribe](https://manage.kmail-lists.com/subscriptions/unsubscribe?a=RxFpcN&c=01JHKNV1D34DBKM8KHP754YED9&k=9927a7ac0d043e7a303c0fde32167d60&m=01JWVQJRMBVKJ8GQ2JRGCASEVV&r=01JWVTC3P68X3W1AX0NK1AHP7R) Manage [Support](mailto:support@sayweee.com)",1
"~~ Apple Trade-Up Event happening now ~~ It's just you, Best Buy, and a whole lot of deals",,1
25% off the most popular lab tests,"Quest



 &zwnj; &zwnj; &zwnj; &zwnj; &zwnj; &zwnj; &zwnj; &zwnj; &zwnj; &zwnj; &zwnj; &zwnj; &zwnj; &zwnj; &zwnj; &zwnj; &zwnj; &zwnj; &zwnj; &zwnj; &zwnj; &zwnj; &zwnj; &zwnj; &zwnj; &zwnj; &zwnj; &zwnj; &zwnj; &zwnj; &zwnj; &zwnj; &zwnj; &zwnj; &zwnj; &zwnj; &zwnj; &zwnj; &zwnj; &zwnj; &zwnj; &zwnj; &zwnj; &zwnj; &zwnj; &zwnj; &zwnj;  &zwnj; &zwnj; &zwnj; &zwnj; &zwnj; &zwnj; &zwnj; &zwnj; &zwnj; &zwnj; &zwnj; &zwnj; &zwnj; &zwnj; &zwnj; &zwnj; &zwnj; &zwnj; &zwnj; &zwnj; &zwnj; &zwnj; &zwnj; &zwnj; &zwnj; &zwnj; &zwnj; &zwnj; &zwnj; &zwnj; &zwnj; &zwnj; &zwnj; &zwnj; &zwnj; &zwnj; &zwnj; &zwnj; &zwnj; &zwnj; &zwnj; &zwnj; &zwnj; &zwnj; &zwnj; &zwnj; &zwnj;  &zwnj; &zwnj; &zwnj; &zwnj; &zwnj; &zwnj; &zwnj; &zwnj; &zwnj; &zwnj; &zwnj; &zwnj; &zwnj; &zwnj; &zwnj; &zwnj; &zwnj; &zwnj;
 &zwnj; &zwnj; &zwnj; &zwnj; &zwnj; &zwnj; &zwnj; &zwnj; &zwnj; &zwnj; &zwnj; &zwnj; &zwnj; &zwnj; &zwnj; &zwnj; &zwnj; &zwnj; &zwnj; &zwnj; &zwnj; &zwnj; &zwnj; &zwnj; &zwnj; &zwnj; &zwnj; &zwnj; &zwnj; 
 
https://view.e.questdiagnostics.com/?qs=fea61e062cda97be0b9de47887cc6cbfc74f5e2d71a33d75c45eb4371a320f37c652e28dd1b043d7829eb094f0725698bc48cfa60c6f40060a7fc5f1d260c5cb659bc3d538fb38764cd5b8895ed96aff82b175bde5b55835 
View in browser 

https://click.e.questdiagnostics.com/?qs=9ee645b5d3c23582cbd5ebe6a681bdf91aea8aab769424df0a7503125d85c13e1fc34de6e9734f0adbfd84c5ecbebc88f283b4601bd6c85109969c0cc62cce8f 





https://click.e.questdiagnostics.com/?qs=9ee645b5d3c235823532de019ecaf41f9b8a020abc406107491a74451317d82c7ad5bbddff0e82a68137a1a47a2e5d0d06d1781ff3a88047b4bc74196dc83118 
Simply the bestsellers
 

https://click.e.questdiagnostics.com/?qs=9ee645b5d3c23582ba2643934f77192e2abb165506dce7458d4973ec16fbe927ceab93b15f7ace069c2e4305a84afd35158c03aad02fb98a21e6079a1bf695ec 


https://click.e.questdiagnostics.com/?qs=9ee645b5d3c235821e56ec8a3b5db6d2ae03c6ae9df35e515b9a81ec937111cfc2834f28b12e1eb7058e687dff08de535dfe3437e4505caaee94fd93fcaad7d7 
Shop questhealth.com 

Sometimes your body sends easily ignored signals—low energy, nagging stress, or just not feeling like yourself. Save up to 25%* on some of 
https://click.e.questdiagnostics.com/?qs=d1e26c08b1b3c787e1c0e54e073eef744e16bc7ef90194037bf793f26d9b0a4f66f25b7f455f3a3b617a59550de184997585d896740da9d8197f29ecef2ba78e 
questhealth.com 's most popular lab tests through June 4&mdash;hurry, this deal will be over in a flash!

Quest lab work can provide you with a simple way to check in on your health or get clarity when your body feels off.





https://click.e.questdiagnostics.com/?qs=e3069744a5037f988f91f0a9f3ec6f1348991ba9a39d52f734cbadd911d411adc64bc3b1d94d126f8ba0cb4ee230e7ad7ba784d1c1fbc71ffc2cbf7303c27445 
Can’t stop the feeling? Get tested 

https://click.e.questdiagnostics.com/?qs=e3069744a5037f986445c25efa38176a52c0b00a13529a512b81d83272082fbf2f159a18894eb270fa16f633d29462767091e128e98c35bcefeeb01971c0b11b 

Cortisol Stress Hormone Test
  
Measures the level of the cortisol stress hormone in your blood.

https://click.e.questdiagnostics.com/?qs=e3069744a5037f986445c25efa38176a52c0b00a13529a512b81d83272082fbf2f159a18894eb270fa16f633d29462767091e128e98c35bcefeeb01971c0b11b 

 View test
  

https://click.e.questdiagnostics.com/?qs=e3069744a5037f985852284c3b65dfcd8cf5f7048b44e94f5778c9de6bd93147d617345ae8acca1d5e2c67fee9c51fb48334e49441e712aa98eeac7b59cdd4b7 

Autoimmune Screening Test (ANA with Reflex) 

Tests for autoantibodies related to various autoimmune diseases.
 

https://click.e.questdiagnostics.com/?qs=e3069744a5037f985852284c3b65dfcd8cf5f7048b44e94f5778c9de6bd93147d617345ae8acca1d5e2c67fee9c51fb48334e49441e712aa98eeac7b59cdd4b7 

 View test
  

https://click.e.questdiagnostics.com/?qs=e3069744a5037f9872577ed2dc9328c61000b2086b624ac8db89a90c24c5648fa6652955a29af547593ea9bdb46af9299213efa1069195085e0042deea844a61 
Hemoglobin A1c Test
  

Measures average blood sugar to help determine your risk for diabetes.

https://click.e.questdiagnostics.com/?qs=e3069744a5037f9872577ed2dc9328c61000b2086b624ac8db89a90c24c5648fa6652955a29af547593ea9bdb46af9299213efa1069195085e0042deea844a61 

 View test
  

Looking for something else? Explore the full range of lab tests on sale at 
https://click.e.questdiagnostics.com/?qs=527f1e8e027b57df9d64b221b2c329112ff909141699d01f4a140b459cd7ab121ae8a9f3d1b37fe3da725b5129d0cdec8b2852cdc3cf3bf1725f752d0dc61ea8 
questhealth.com .


https://click.e.questdiagnostics.com/?qs=e3069744a5037f98f7f917882a27a427e0f6149758e263b668f84dfb518c301ab82ba152d955526a4090d869204ee37f24f26e4c58471cb7bc86ffc230a525b3 
View all tests 








https://click.e.questdiagnostics.com/?qs=d7951367898da957ef7eeda9b34b7604fcbe169896f687d9764b8913965257460efd5f98d3e66a18c1a819437a586b24a4ae1fae99caafe4ee0808b7cc7e838e 
Popular Tests &ensp;|&ensp;

https://click.e.questdiagnostics.com/?qs=d7951367898da957b028ae148b55eb5577dfc0d6bc2ec8cf94077ee533376085c2c584da0decf5022ef20157150d238a8b7473fd43a9bec13bb7af551cd11257 
New Tests &ensp;|&ensp; 

https://click.e.questdiagnostics.com/?qs=d7951367898da9572b7e52b840743a45b06337d196b01f394d6d6e1d3f0379321849225a546f937fdf646f44aa204e0cc017ea109c849c8ab20e185596e6036a 
Sexual Health &ensp;|&ensp;

https://click.e.questdiagnostics.com/?qs=d7951367898da9572fe7c7733d3ed3abb75daa7963f973da7bf2996a86dea83756b2bf654033c96a1e7f3200834e82abf7ea2a2ec649bfb7a62d35809e829d3a 
Women&rsquo;s Health &ensp;|&ensp;

https://click.e.questdiagnostics.com/?qs=d7951367898da95730d3cd0273b72eca0c4c3c689a90bb11cf675f0fc376ac03761626c33d19055edf2adafff9850b9c875142fb4a4f1eeb356e951eb7ca38c0 
Men&rsquo;s Health &ensp;|&ensp;

https://click.e.questdiagnostics.com/?qs=ad2d9f7b5efd046ae23ea96f1c1d5a2e3a1f461944f25ce59996335b732af146d755047a1b42af62cf2a84d6c4ea7fdf9bfdf709aad38e5343ee0787de0646e7 
Allergy 




https://click.e.questdiagnostics.com/?qs=ad2d9f7b5efd046a70f4b66a5462c78e120656bc17550a6eca49759af75f20e70a5bef774022c43367894d58083baafcaaaac4fe37b5c01fa60d6459df93a63b 

https://click.e.questdiagnostics.com/?qs=ad2d9f7b5efd046a1d7012d9183d169a0a6f2c655c7f0a0287fb68adff0927c08c6e75998185f72d581dafb6cfb0b8575acb6313ff300d303808591fa9a94ed5 

https://click.e.questdiagnostics.com/?qs=ad2d9f7b5efd046a247bf6dc49759ddd80d4e46e0afda48268bb0f4f71ea4034f1d6eceeafab8e7cf108dd1724a269ae6c3cdd4e6a1de4b08c50a8ecb216e61b 


https://click.e.questdiagnostics.com/?qs=ad2d9f7b5efd046a45acd9a948dab69b3354f2bb58340719716b6968496011792826c12efe3be5b164716db997770afdd5be77ed9a8c070f91acef2ef895c781 

https://click.e.questdiagnostics.com/?qs=e9b4d47e292ec634a71e8694b05b449ae61c849e4f899ab72714340092c05390d4f511e5efcd05a57bd357e857f5a6161a8b976d03847204c6de00e989c31d00 
Terms of Use&ensp;|&ensp;
https://click.e.questdiagnostics.com/?qs=e9b4d47e292ec634463b7083dd0914fa3cc69ca3372988da26ba4ea11522aea722faa98930910c50049e487aa61ee97a38e57a8be7179b95e19e3d649c1bc461 
Privacy Policy&ensp;|&ensp;
https://click.e.questdiagnostics.com/?qs=e9b4d47e292ec634b0149f86a7e87d8a4e66c78623817b2f85b3b86587952da36e6cbe7f5b83fa8ab9be2c1bd3dff198710d5018f36e08f06ac9493aad73e085 
QuestDiagnostics.com

https://click.e.questdiagnostics.com/?qs=e9b4d47e292ec634b3ddd9e6224edc4f176ef9333cf765f857386283b591c744f41aa447f5e470bccabd32776efdfea91ebcd441189855e51a1107ed52a9ac3d 
Language Assistance /
https://click.e.questdiagnostics.com/?qs=e9b4d47e292ec634b3ddd9e6224edc4f176ef9333cf765f857386283b591c744f41aa447f5e470bccabd32776efdfea91ebcd441189855e51a1107ed52a9ac3d 
Non-Discrimination Notice &ensp;|&ensp;
https://click.e.questdiagnostics.com/?qs=e9b4d47e292ec634b3ddd9e6224edc4f176ef9333cf765f857386283b591c744f41aa447f5e470bccabd32776efdfea91ebcd441189855e51a1107ed52a9ac3d 
Asistencia de Idiomas /
https://click.e.questdiagnostics.com/?qs=e9b4d47e292ec634b3ddd9e6224edc4f176ef9333cf765f857386283b591c744f41aa447f5e470bccabd32776efdfea91ebcd441189855e51a1107ed52a9ac3d 
Aviso de no Discriminación &ensp;|&ensp;
https://click.e.questdiagnostics.com/?qs=e9b4d47e292ec634b3ddd9e6224edc4f176ef9333cf765f857386283b591c744f41aa447f5e470bccabd32776efdfea91ebcd441189855e51a1107ed52a9ac3d 
&#35486;&#35328;&#21332;&#21161; / &#19981;&#27495;&#35222;&#36890;&#30693;

 Quest® is the brand name used for services offered by Quest Diagnostics Incorporated and its affiliated companies. Quest Diagnostics Incorporated and certain affiliates are CLIA-certified laboratories that provide HIPAA-covered services. Other affiliates operated under the Quest® brand, such as Quest Consumer Inc., do not provide HIPAA-covered services.



 Quest®, Quest Diagnostics®, any associated logos, and all associated Quest Diagnostics registered or unregistered trademarks are the property of Quest Diagnostics. All third-party marks—® and ™—are the property of their respective owners.


 © 2025 Quest Diagnostics Incorporated. All rights reserved.

 This email is intended for adults 18 years or older in the US.


 Quest Diagnostics Incorporated 

 500 Plaza Drive 

 Secaucus, New Jersey 07094 

 Attn: Digital Marketing Department 

https://cloud.e.questdiagnostics.com/preferences?qs=f2015e405ec279033fbf86e338265cf3d4e66e84e78169fcb0634141fbeb0de39c7955b0700191b36c6b589cfae314f77aeb8fb4fec83e554c461c0cb5299d27d2188e34ca254984 
Unsubscribe 







*Up to 25% discount valid on select tests purchased online through questhealth.com. Discount does not apply to the physician fee. Single-use only. Can't be combined with other offers. Valid on purchases made June 2–4, 2025. Offer expires on June 4, 2025, at 11:59 PM ET. Offer is not valid in Alaska, Arizona, and Hawaii.

No doctor visit is required to purchase your own lab test at 
https://click.e.questdiagnostics.com/?qs=e3ed3409383083c72dd100a3de5aaeb5c33a9c81905612b7145cf204b82af72514f1584afb14e6177ce2c07ecabc4f46388a2d22ae60bd0c0a3d949a14358616 
questhealth.com . Tests purchased on questhealth.com
 are only for individuals who intend to pay directly for testing and do not want to submit a claim for reimbursement under their health insurance. 



Nonrefundable physician service fees are collected on behalf of PWNHealth. PWNHealth and its affiliated entities renew your purchase to ensure it is medically appropriate before 
submitting the test order for processing. PWNHealth also reviews your test results and will contact you directly if they require prompt attention. Included in each purchase is the option to discuss your test results with an independent physician; however, you are also encouraged to speak to your primary healthcare provider.






",1
배달 주문이 만족스러우셨나요? 다음번엔 차량 서비스도 이용해 보세요,,3
Concept Luna: Explore our stunning futuristic PC prototype.,,3
"""DNS issues?""",,3
Windows Chrome에서 새로운 Instagram 로그인 발생,,3
Taiwan & Hong Kong Food Festival 😍,"[ads-emailHeaderTop](https://click.sayweee.com/api/ads/decision/click/weee_7/store_cn/0/06-02-2025-CNEN-TWHK_email-hero?uemail=14562653&uec=a2fe6adcc7adfe1399eef6787f6f7c17&z=94538&ts=060225&fdm=59&slotId=emailHeaderTop&ue=c2trMTI2c2trMTI2QGdtYWlsLmNvbQ==&gtdl=-1&lsdl=43&ut=SY_GG&googleOneTap=true&kversion=5&oc=2&tz=America%2FLos_Angeles&rri=&rz=&fpor=&vs=0&roc=&roc30=&roc90=&ps=&tov=132.55&rod=&rsc=&ltr=1)
[Hero Banner](https://click.sayweee.com/api/pricing/marketing-campaign-link/weee_7/store_cn/0/06-02-2025-CNEN-TWHK_email-hero?uemail=14562653&uec=a2fe6adcc7adfe1399eef6787f6f7c17&z=94538&ts=060225&fdm=59&ue=c2trMTI2c2trMTI2QGdtYWlsLmNvbQ==&utm_content=email-hero&utm_term=06-02-2025-CNEN-TWHK&t=&ut=SY_GG&googleOneTap=true)

[sku index 0](https://click.sayweee.com/api/pricing/marketing-campaign-link/weee_7/store_cn/0/06-02-2025-CNEN-TWHK_email-grid?uemail=14562653&uec=a2fe6adcc7adfe1399eef6787f6f7c17&z=94538&ts=060225&fdm=59&ue=c2trMTI2c2trMTI2QGdtYWlsLmNvbQ==&utm_content=email-grid&utm_term=06-02-2025-CNEN-TWHK&t=&ut=SY_GG&googleOneTap=true)	[sku index 1](https://click.sayweee.com/api/pricing/marketing-campaign-link/weee_7/store_cn/1/06-02-2025-CNEN-TWHK_email-grid?uemail=14562653&uec=a2fe6adcc7adfe1399eef6787f6f7c17&z=94538&ts=060225&fdm=59&ue=c2trMTI2c2trMTI2QGdtYWlsLmNvbQ==&utm_content=email-grid&utm_term=06-02-2025-CNEN-TWHK&t=&ut=SY_GG&googleOneTap=true)	[sku index 2](https://click.sayweee.com/api/pricing/marketing-campaign-link/weee_7/store_cn/2/06-02-2025-CNEN-TWHK_email-grid?uemail=14562653&uec=a2fe6adcc7adfe1399eef6787f6f7c17&z=94538&ts=060225&fdm=59&ue=c2trMTI2c2trMTI2QGdtYWlsLmNvbQ==&utm_content=email-grid&utm_term=06-02-2025-CNEN-TWHK&t=&ut=SY_GG&googleOneTap=true)
[sku index 3](https://click.sayweee.com/api/pricing/marketing-campaign-link/weee_7/store_cn/3/06-02-2025-CNEN-TWHK_email-grid?uemail=14562653&uec=a2fe6adcc7adfe1399eef6787f6f7c17&z=94538&ts=060225&fdm=59&ue=c2trMTI2c2trMTI2QGdtYWlsLmNvbQ==&utm_content=email-grid&utm_term=06-02-2025-CNEN-TWHK&t=&ut=SY_GG&googleOneTap=true)	[sku index 4](https://click.sayweee.com/api/pricing/marketing-campaign-link/weee_7/store_cn/4/06-02-2025-CNEN-TWHK_email-grid?uemail=14562653&uec=a2fe6adcc7adfe1399eef6787f6f7c17&z=94538&ts=060225&fdm=59&ue=c2trMTI2c2trMTI2QGdtYWlsLmNvbQ==&utm_content=email-grid&utm_term=06-02-2025-CNEN-TWHK&t=&ut=SY_GG&googleOneTap=true)	[sku index 5](https://click.sayweee.com/api/pricing/marketing-campaign-link/weee_7/store_cn/5/06-02-2025-CNEN-TWHK_email-grid?uemail=14562653&uec=a2fe6adcc7adfe1399eef6787f6f7c17&z=94538&ts=060225&fdm=59&ue=c2trMTI2c2trMTI2QGdtYWlsLmNvbQ==&utm_content=email-grid&utm_term=06-02-2025-CNEN-TWHK&t=&ut=SY_GG&googleOneTap=true)
[sku index 6](https://click.sayweee.com/api/pricing/marketing-campaign-link/weee_7/store_cn/6/06-02-2025-CNEN-TWHK_email-grid?uemail=14562653&uec=a2fe6adcc7adfe1399eef6787f6f7c17&z=94538&ts=060225&fdm=59&ue=c2trMTI2c2trMTI2QGdtYWlsLmNvbQ==&utm_content=email-grid&utm_term=06-02-2025-CNEN-TWHK&t=&ut=SY_GG&googleOneTap=true)	[sku index 7](https://click.sayweee.com/api/pricing/marketing-campaign-link/weee_7/store_cn/7/06-02-2025-CNEN-TWHK_email-grid?uemail=14562653&uec=a2fe6adcc7adfe1399eef6787f6f7c17&z=94538&ts=060225&fdm=59&ue=c2trMTI2c2trMTI2QGdtYWlsLmNvbQ==&utm_content=email-grid&utm_term=06-02-2025-CNEN-TWHK&t=&ut=SY_GG&googleOneTap=true)	[sku index 8](https://click.sayweee.com/api/pricing/marketing-campaign-link/weee_7/store_cn/8/06-02-2025-CNEN-TWHK_email-grid?uemail=14562653&uec=a2fe6adcc7adfe1399eef6787f6f7c17&z=94538&ts=060225&fdm=59&ue=c2trMTI2c2trMTI2QGdtYWlsLmNvbQ==&utm_content=email-grid&utm_term=06-02-2025-CNEN-TWHK&t=&ut=SY_GG&googleOneTap=true)
[sku index 9](https://click.sayweee.com/api/pricing/marketing-campaign-link/weee_7/store_cn/9/06-02-2025-CNEN-TWHK_email-grid?uemail=14562653&uec=a2fe6adcc7adfe1399eef6787f6f7c17&z=94538&ts=060225&fdm=59&ue=c2trMTI2c2trMTI2QGdtYWlsLmNvbQ==&utm_content=email-grid&utm_term=06-02-2025-CNEN-TWHK&t=&ut=SY_GG&googleOneTap=true)	[sku index 10](https://click.sayweee.com/api/pricing/marketing-campaign-link/weee_7/store_cn/10/06-02-2025-CNEN-TWHK_email-grid?uemail=14562653&uec=a2fe6adcc7adfe1399eef6787f6f7c17&z=94538&ts=060225&fdm=59&ue=c2trMTI2c2trMTI2QGdtYWlsLmNvbQ==&utm_content=email-grid&utm_term=06-02-2025-CNEN-TWHK&t=&ut=SY_GG&googleOneTap=true)	[sku index 11](https://click.sayweee.com/api/pricing/marketing-campaign-link/weee_7/store_cn/11/06-02-2025-CNEN-TWHK_email-grid?uemail=14562653&uec=a2fe6adcc7adfe1399eef6787f6f7c17&z=94538&ts=060225&fdm=59&ue=c2trMTI2c2trMTI2QGdtYWlsLmNvbQ==&utm_content=email-grid&utm_term=06-02-2025-CNEN-TWHK&t=&ut=SY_GG&googleOneTap=true)
[View all skus grid](https://click.sayweee.com/api/pricing/marketing-campaign-link/weee_7/store_cn/0/06-02-2025-CNEN-TWHK_email-hero?uemail=14562653&uec=a2fe6adcc7adfe1399eef6787f6f7c17&z=94538&ts=060225&fdm=59&utm_content=email-grid-view-all&t=&ut=SY_GG&googleOneTap=true)    [ads-emailFooterTop](https://click.sayweee.com/api/ads/decision/click/weee_7/store_cn/0/_email-hero?uemail=14562653&uec=a2fe6adcc7adfe1399eef6787f6f7c17&z=94538&ts=060225&fdm=59&slotId=emailFooterTop&ue=c2trMTI2c2trMTI2QGdtYWlsLmNvbQ==&gtdl=-1&lsdl=43&ut=SY_GG&googleOneTap=true&kversion=5&oc=2&tz=America%2FLos_Angeles&rri=&rz=&fpor=&vs=0&roc=&roc30=&roc90=&ps=&tov=132.55&rod=&rsc=&ltr=1) [Back in stock](https://click.sayweee.com/grocery-near-me/delivery/back-in-stock?mktOrg=weee_7&mktPrimaryStore=store_cn&utm_content=back-in-stock_group-click&_e=1&&sData=102986,23036,104668,106137,24712,107121,11172,76646,42075,107262&uemail=14562653&uec=a2fe6adcc7adfe1399eef6787f6f7c17&z=94538&ts=060225&fdm=59&ue=c2trMTI2c2trMTI2QGdtYWlsLmNvbQ==&maincpid=06-02-2025-CNEN-TWHK&ut=SY_GG&googleOneTap=true&_kx=) [Trending near you

[Sku img]	[Sku img]	[Sku img]
[Sku img]	[Sku img]	[Sku img]](https://click.sayweee.com/api/pricing/marketing-campaign-link/weee_7/store_cn/0/trending-near-you-Monday_email-hero?uemail=14562653&uec=a2fe6adcc7adfe1399eef6787f6f7c17&z=94538&ts=060225&fdm=59&ue=c2trMTI2c2trMTI2QGdtYWlsLmNvbQ==&utm_content=trending-near-you-Monday&utm_term=trending-near-you-Monday&t=&ut=SY_GG&googleOneTap=true) [Global+ Trending near you

[Sku img]	[Sku img]	[Sku img]
[Sku img]	[Sku img]	[Sku img]](https://click.sayweee.com/api/pricing/marketing-campaign-link/weee_7/store_cn/0/trending-near-you-globalPlus-Monday_email-hero?uemail=14562653&uec=a2fe6adcc7adfe1399eef6787f6f7c17&z=94538&ts=060225&fdm=59&ue=c2trMTI2c2trMTI2QGdtYWlsLmNvbQ==&utm_content=trending-near-you-globalPlus-Monday&utm_term=trending-near-you-globalPlus-Monday&t=&ut=SY_GG&googleOneTap=true) [Promotional Banners](https://www.sayweee.com/cms/page/activity/sale-Crazy8?utm_content=home_banners&uemail=14562653&uec=a2fe6adcc7adfe1399eef6787f6f7c17&z=94538&ts=060225&fdm=59&ue=c2trMTI2c2trMTI2QGdtYWlsLmNvbQ==) [Promotional Banners](https://www.sayweee.com/cms/page/activity/BbgzTxeF?utm_content=home_banners&uemail=14562653&uec=a2fe6adcc7adfe1399eef6787f6f7c17&z=94538&ts=060225&fdm=59&ue=c2trMTI2c2trMTI2QGdtYWlsLmNvbQ==) [Promotional Banners](https://www.sayweee.com/cms/page/activity/Lf3q1M5e?utm_content=home_banners&uemail=14562653&uec=a2fe6adcc7adfe1399eef6787f6f7c17&z=94538&ts=060225&fdm=59&ue=c2trMTI2c2trMTI2QGdtYWlsLmNvbQ==)
[Hero Banner](https://click.sayweee.com/api/pricing/marketing-campaign-link/weee_7/store_cn/0/Recommended-NewArrivals-Banner_email-hero?uemail=14562653&uec=a2fe6adcc7adfe1399eef6787f6f7c17&z=94538&ts=060225&fdm=59&ue=c2trMTI2c2trMTI2QGdtYWlsLmNvbQ==&utm_content=email-hero&utm_term=Recommended-NewArrivals-Banner&t=&ut=SY_GG&googleOneTap=true)
[ads-emailFooterMiddle](https://click.sayweee.com/api/ads/decision/click/weee_7/store_cn/0/_email-hero?uemail=14562653&uec=a2fe6adcc7adfe1399eef6787f6f7c17&z=94538&ts=060225&fdm=59&slotId=emailFooterMiddle&ue=c2trMTI2c2trMTI2QGdtYWlsLmNvbQ==&gtdl=-1&lsdl=43&ut=SY_GG&googleOneTap=true&kversion=5&oc=2&tz=America%2FLos_Angeles&rri=&rz=&fpor=&vs=0&roc=&roc30=&roc90=&ps=&tov=132.55&rod=&rsc=&ltr=1) [ads-emailFooterBottom](https://click.sayweee.com/api/ads/decision/click/weee_7/store_cn/0/_email-hero?uemail=14562653&uec=a2fe6adcc7adfe1399eef6787f6f7c17&z=94538&ts=060225&fdm=59&slotId=emailFooterBottom&ue=c2trMTI2c2trMTI2QGdtYWlsLmNvbQ==&gtdl=-1&lsdl=43&ut=SY_GG&googleOneTap=true&kversion=5&oc=2&tz=America%2FLos_Angeles&rri=&rz=&fpor=&vs=0&roc=&roc30=&roc90=&ps=&tov=132.55&rod=&rsc=&ltr=1) [ads-emailFootnote](https://click.sayweee.com/api/ads/decision/click/weee_7/store_cn/0/_email-hero?uemail=14562653&uec=a2fe6adcc7adfe1399eef6787f6f7c17&z=94538&ts=060225&fdm=59&slotId=emailFootnote&ue=c2trMTI2c2trMTI2QGdtYWlsLmNvbQ==&gtdl=-1&lsdl=43&ut=SY_GG&googleOneTap=true&kversion=5&oc=2&tz=America%2FLos_Angeles&rri=&rz=&fpor=&vs=0&roc=&roc30=&roc90=&ps=&tov=132.55&rod=&rsc=&ltr=1)  2025 Weee!, Inc.
47467 Fremont Blvd
Fremont, CA 94538

[Unsubscribe](https://manage.kmail-lists.com/subscriptions/unsubscribe?a=RxFpcN&c=01JHKNV1D34DBKM8KHP754YED9&k=9927a7ac0d043e7a303c0fde32167d60&m=01JWS837SV2X91TVS22AWBQA98&r=01JWS8JXTJ9ZHQ973N0WW3N8S3) [Manage](https://manage.kmail-lists.com/subscriptions/update?a=RxFpcN&c=01JHKNV1D34DBKM8KHP754YED9&k=9927a7ac0d043e7a303c0fde32167d60&m=01JWS837SV2X91TVS22AWBQA98&r=01JWS8JXTJ9ZHQ973N0WW3N8S3) [Support](mailto:support@sayweee.com)

[ads-emailHeaderTop](https://click.sayweee.com/api/ads/decision/click/weee_7/store_cn/0/05-30-2025-CNEN-Crazy8_email-hero?uemail=14562653&uec=a2fe6adcc7adfe1399eef6787f6f7c17&z=94538&ts=060225&fdm=59&slotId=emailHeaderTop&ue=c2trMTI2c2trMTI2QGdtYWlsLmNvbQ==&gtdl=-1&lsdl=43&ut=SY_GG&googleOneTap=true&kversion=5&oc=2&tz=America%2FLos_Angeles&rri=&rz=&fpor=&vs=0&roc=&roc30=&roc90=&ps=&tov=132.55&rod=&rsc=&ltr=1)
[Hero Banner](https://click.sayweee.com/api/pricing/marketing-campaign-link/weee_7/store_cn/0/05-30-2025-CNEN-Crazy8_email-hero?uemail=14562653&uec=a2fe6adcc7adfe1399eef6787f6f7c17&z=94538&ts=060225&fdm=59&ue=c2trMTI2c2trMTI2QGdtYWlsLmNvbQ==&utm_content=email-hero&utm_term=05-30-2025-CNEN-Crazy8&t=&ut=SY_GG&googleOneTap=true)

[sku index 0](https://click.sayweee.com/api/pricing/marketing-campaign-link/weee_7/store_cn/0/05-30-2025-CNEN-Crazy8_email-grid?uemail=14562653&uec=a2fe6adcc7adfe1399eef6787f6f7c17&z=94538&ts=060225&fdm=59&ue=c2trMTI2c2trMTI2QGdtYWlsLmNvbQ==&utm_content=email-grid&utm_term=05-30-2025-CNEN-Crazy8&t=&ut=SY_GG&googleOneTap=true)	[sku index 1](https://click.sayweee.com/api/pricing/marketing-campaign-link/weee_7/store_cn/1/05-30-2025-CNEN-Crazy8_email-grid?uemail=14562653&uec=a2fe6adcc7adfe1399eef6787f6f7c17&z=94538&ts=060225&fdm=59&ue=c2trMTI2c2trMTI2QGdtYWlsLmNvbQ==&utm_content=email-grid&utm_term=05-30-2025-CNEN-Crazy8&t=&ut=SY_GG&googleOneTap=true)	[sku index 2](https://click.sayweee.com/api/pricing/marketing-campaign-link/weee_7/store_cn/2/05-30-2025-CNEN-Crazy8_email-grid?uemail=14562653&uec=a2fe6adcc7adfe1399eef6787f6f7c17&z=94538&ts=060225&fdm=59&ue=c2trMTI2c2trMTI2QGdtYWlsLmNvbQ==&utm_content=email-grid&utm_term=05-30-2025-CNEN-Crazy8&t=&ut=SY_GG&googleOneTap=true)
[sku index 3](https://click.sayweee.com/api/pricing/marketing-campaign-link/weee_7/store_cn/3/05-30-2025-CNEN-Crazy8_email-grid?uemail=14562653&uec=a2fe6adcc7adfe1399eef6787f6f7c17&z=94538&ts=060225&fdm=59&ue=c2trMTI2c2trMTI2QGdtYWlsLmNvbQ==&utm_content=email-grid&utm_term=05-30-2025-CNEN-Crazy8&t=&ut=SY_GG&googleOneTap=true)	[sku index 4](https://click.sayweee.com/api/pricing/marketing-campaign-link/weee_7/store_cn/4/05-30-2025-CNEN-Crazy8_email-grid?uemail=14562653&uec=a2fe6adcc7adfe1399eef6787f6f7c17&z=94538&ts=060225&fdm=59&ue=c2trMTI2c2trMTI2QGdtYWlsLmNvbQ==&utm_content=email-grid&utm_term=05-30-2025-CNEN-Crazy8&t=&ut=SY_GG&googleOneTap=true)	[sku index 5](https://click.sayweee.com/api/pricing/marketing-campaign-link/weee_7/store_cn/5/05-30-2025-CNEN-Crazy8_email-grid?uemail=14562653&uec=a2fe6adcc7adfe1399eef6787f6f7c17&z=94538&ts=060225&fdm=59&ue=c2trMTI2c2trMTI2QGdtYWlsLmNvbQ==&utm_content=email-grid&utm_term=05-30-2025-CNEN-Crazy8&t=&ut=SY_GG&googleOneTap=true)
[sku index 6](https://click.sayweee.com/api/pricing/marketing-campaign-link/weee_7/store_cn/6/05-30-2025-CNEN-Crazy8_email-grid?uemail=14562653&uec=a2fe6adcc7adfe1399eef6787f6f7c17&z=94538&ts=060225&fdm=59&ue=c2trMTI2c2trMTI2QGdtYWlsLmNvbQ==&utm_content=email-grid&utm_term=05-30-2025-CNEN-Crazy8&t=&ut=SY_GG&googleOneTap=true)	[sku index 7](https://click.sayweee.com/api/pricing/marketing-campaign-link/weee_7/store_cn/7/05-30-2025-CNEN-Crazy8_email-grid?uemail=14562653&uec=a2fe6adcc7adfe1399eef6787f6f7c17&z=94538&ts=060225&fdm=59&ue=c2trMTI2c2trMTI2QGdtYWlsLmNvbQ==&utm_content=email-grid&utm_term=05-30-2025-CNEN-Crazy8&t=&ut=SY_GG&googleOneTap=true)	[sku index 8](https://click.sayweee.com/api/pricing/marketing-campaign-link/weee_7/store_cn/8/05-30-2025-CNEN-Crazy8_email-grid?uemail=14562653&uec=a2fe6adcc7adfe1399eef6787f6f7c17&z=94538&ts=060225&fdm=59&ue=c2trMTI2c2trMTI2QGdtYWlsLmNvbQ==&utm_content=email-grid&utm_term=05-30-2025-CNEN-Crazy8&t=&ut=SY_GG&googleOneTap=true)
[sku index 9](https://click.sayweee.com/api/pricing/marketing-campaign-link/weee_7/store_cn/9/05-30-2025-CNEN-Crazy8_email-grid?uemail=14562653&uec=a2fe6adcc7adfe1399eef6787f6f7c17&z=94538&ts=060225&fdm=59&ue=c2trMTI2c2trMTI2QGdtYWlsLmNvbQ==&utm_content=email-grid&utm_term=05-30-2025-CNEN-Crazy8&t=&ut=SY_GG&googleOneTap=true)	[sku index 10](https://click.sayweee.com/api/pricing/marketing-campaign-link/weee_7/store_cn/10/05-30-2025-CNEN-Crazy8_email-grid?uemail=14562653&uec=a2fe6adcc7adfe1399eef6787f6f7c17&z=94538&ts=060225&fdm=59&ue=c2trMTI2c2trMTI2QGdtYWlsLmNvbQ==&utm_content=email-grid&utm_term=05-30-2025-CNEN-Crazy8&t=&ut=SY_GG&googleOneTap=true)	[sku index 11](https://click.sayweee.com/api/pricing/marketing-campaign-link/weee_7/store_cn/11/05-30-2025-CNEN-Crazy8_email-grid?uemail=14562653&uec=a2fe6adcc7adfe1399eef6787f6f7c17&z=94538&ts=060225&fdm=59&ue=c2trMTI2c2trMTI2QGdtYWlsLmNvbQ==&utm_content=email-grid&utm_term=05-30-2025-CNEN-Crazy8&t=&ut=SY_GG&googleOneTap=true)
[View all skus grid](https://click.sayweee.com/api/pricing/marketing-campaign-link/weee_7/store_cn/0/05-30-2025-CNEN-Crazy8_email-hero?uemail=14562653&uec=a2fe6adcc7adfe1399eef6787f6f7c17&z=94538&ts=060225&fdm=59&utm_content=email-grid-view-all&t=&ut=SY_GG&googleOneTap=true)    [ads-emailFooterTop](https://click.sayweee.com/api/ads/decision/click/weee_7/store_cn/0/_email-hero?uemail=14562653&uec=a2fe6adcc7adfe1399eef6787f6f7c17&z=94538&ts=060225&fdm=59&slotId=emailFooterTop&ue=c2trMTI2c2trMTI2QGdtYWlsLmNvbQ==&gtdl=-1&lsdl=43&ut=SY_GG&googleOneTap=true&kversion=5&oc=2&tz=America%2FLos_Angeles&rri=&rz=&fpor=&vs=0&roc=&roc30=&roc90=&ps=&tov=132.55&rod=&rsc=&ltr=1) [Back in stock](https://click.sayweee.com/grocery-near-me/delivery/back-in-stock?mktOrg=weee_7&mktPrimaryStore=store_cn&utm_content=back-in-stock_group-click&_e=1&&sData=102986,23036,104668,106137,24712,107121,11172,76646,42075,107262&uemail=14562653&uec=a2fe6adcc7adfe1399eef6787f6f7c17&z=94538&ts=060225&fdm=59&ue=c2trMTI2c2trMTI2QGdtYWlsLmNvbQ==&maincpid=05-30-2025-CNEN-Crazy8&ut=SY_GG&googleOneTap=true&_kx=) [Trending near you

[Sku img]	[Sku img]	[Sku img]
[Sku img]	[Sku img]	[Sku img]](https://click.sayweee.com/api/pricing/marketing-campaign-link/weee_7/store_cn/0/trending-near-you-Monday_email-hero?uemail=14562653&uec=a2fe6adcc7adfe1399eef6787f6f7c17&z=94538&ts=060225&fdm=59&ue=c2trMTI2c2trMTI2QGdtYWlsLmNvbQ==&utm_content=trending-near-you-Monday&utm_term=trending-near-you-Monday&t=&ut=SY_GG&googleOneTap=true) [Global+ Trending near you

[Sku img]	[Sku img]	[Sku img]
[Sku img]	[Sku img]	[Sku img]](https://click.sayweee.com/api/pricing/marketing-campaign-link/weee_7/store_cn/0/trending-near-you-globalPlus-Monday_email-hero?uemail=14562653&uec=a2fe6adcc7adfe1399eef6787f6f7c17&z=94538&ts=060225&fdm=59&ue=c2trMTI2c2trMTI2QGdtYWlsLmNvbQ==&utm_content=trending-near-you-globalPlus-Monday&utm_term=trending-near-you-globalPlus-Monday&t=&ut=SY_GG&googleOneTap=true) [Promotional Banners](https://www.sayweee.com/cms/page/activity/sale-Crazy8?utm_content=home_banners&uemail=14562653&uec=a2fe6adcc7adfe1399eef6787f6f7c17&z=94538&ts=060225&fdm=59&ue=c2trMTI2c2trMTI2QGdtYWlsLmNvbQ==) [Promotional Banners](https://www.sayweee.com/cms/page/activity/BbgzTxeF?utm_content=home_banners&uemail=14562653&uec=a2fe6adcc7adfe1399eef6787f6f7c17&z=94538&ts=060225&fdm=59&ue=c2trMTI2c2trMTI2QGdtYWlsLmNvbQ==) [Promotional Banners](https://www.sayweee.com/cms/page/activity/Lf3q1M5e?utm_content=home_banners&uemail=14562653&uec=a2fe6adcc7adfe1399eef6787f6f7c17&z=94538&ts=060225&fdm=59&ue=c2trMTI2c2trMTI2QGdtYWlsLmNvbQ==)
[Hero Banner](https://click.sayweee.com/api/pricing/marketing-campaign-link/weee_7/store_cn/0/Recommended-NewArrivals-Banner_email-hero?uemail=14562653&uec=a2fe6adcc7adfe1399eef6787f6f7c17&z=94538&ts=060225&fdm=59&ue=c2trMTI2c2trMTI2QGdtYWlsLmNvbQ==&utm_content=email-hero&utm_term=Recommended-NewArrivals-Banner&t=&ut=SY_GG&googleOneTap=true)
[ads-emailFooterMiddle](https://click.sayweee.com/api/ads/decision/click/weee_7/store_cn/0/_email-hero?uemail=14562653&uec=a2fe6adcc7adfe1399eef6787f6f7c17&z=94538&ts=060225&fdm=59&slotId=emailFooterMiddle&ue=c2trMTI2c2trMTI2QGdtYWlsLmNvbQ==&gtdl=-1&lsdl=43&ut=SY_GG&googleOneTap=true&kversion=5&oc=2&tz=America%2FLos_Angeles&rri=&rz=&fpor=&vs=0&roc=&roc30=&roc90=&ps=&tov=132.55&rod=&rsc=&ltr=1) [ads-emailFooterBottom](https://click.sayweee.com/api/ads/decision/click/weee_7/store_cn/0/_email-hero?uemail=14562653&uec=a2fe6adcc7adfe1399eef6787f6f7c17&z=94538&ts=060225&fdm=59&slotId=emailFooterBottom&ue=c2trMTI2c2trMTI2QGdtYWlsLmNvbQ==&gtdl=-1&lsdl=43&ut=SY_GG&googleOneTap=true&kversion=5&oc=2&tz=America%2FLos_Angeles&rri=&rz=&fpor=&vs=0&roc=&roc30=&roc90=&ps=&tov=132.55&rod=&rsc=&ltr=1) [ads-emailFootnote](https://click.sayweee.com/api/ads/decision/click/weee_7/store_cn/0/_email-hero?uemail=14562653&uec=a2fe6adcc7adfe1399eef6787f6f7c17&z=94538&ts=060225&fdm=59&slotId=emailFootnote&ue=c2trMTI2c2trMTI2QGdtYWlsLmNvbQ==&gtdl=-1&lsdl=43&ut=SY_GG&googleOneTap=true&kversion=5&oc=2&tz=America%2FLos_Angeles&rri=&rz=&fpor=&vs=0&roc=&roc30=&roc90=&ps=&tov=132.55&rod=&rsc=&ltr=1)  2025 Weee!, Inc.
47467 Fremont Blvd
Fremont, CA 94538

[Unsubscribe](https://manage.kmail-lists.com/subscriptions/unsubscribe?a=RxFpcN&c=01JHKNV1D34DBKM8KHP754YED9&k=9927a7ac0d043e7a303c0fde32167d60&m=01JWS837SV2X91TVS22AWBQA98&r=01JWS8JXTJ9ZHQ973N0WW3N8S3) [Manage](https://manage.kmail-lists.com/subscriptions/update?a=RxFpcN&c=01JHKNV1D34DBKM8KHP754YED9&k=9927a7ac0d043e7a303c0fde32167d60&m=01JWS837SV2X91TVS22AWBQA98&r=01JWS8JXTJ9ZHQ973N0WW3N8S3) [Support](mailto:support@sayweee.com)",1
Save up to 50% today on select major appliances,,3
Bestselling lab tests for 25% off,"Quest



 &zwnj; &zwnj; &zwnj; &zwnj; &zwnj; &zwnj; &zwnj; &zwnj; &zwnj; &zwnj; &zwnj; &zwnj; &zwnj; &zwnj; &zwnj; &zwnj; &zwnj; &zwnj; &zwnj; &zwnj; &zwnj; &zwnj; &zwnj; &zwnj; &zwnj; &zwnj; &zwnj; &zwnj; &zwnj; &zwnj; &zwnj; &zwnj; &zwnj; &zwnj; &zwnj; &zwnj; &zwnj; &zwnj; &zwnj; &zwnj; &zwnj; &zwnj; &zwnj; &zwnj; &zwnj; &zwnj; &zwnj;  &zwnj; &zwnj; &zwnj; &zwnj; &zwnj; &zwnj; &zwnj; &zwnj; &zwnj; &zwnj; &zwnj; &zwnj; &zwnj; &zwnj; &zwnj; &zwnj; &zwnj; &zwnj; &zwnj; &zwnj; &zwnj; &zwnj; &zwnj; &zwnj; &zwnj; &zwnj; &zwnj; &zwnj; &zwnj; &zwnj; &zwnj; &zwnj; &zwnj; &zwnj; &zwnj; &zwnj; &zwnj; &zwnj; &zwnj; &zwnj; &zwnj; &zwnj; &zwnj; &zwnj; &zwnj; &zwnj; &zwnj;  &zwnj; &zwnj; &zwnj; &zwnj; &zwnj; &zwnj; &zwnj; &zwnj; &zwnj; &zwnj; &zwnj; &zwnj; &zwnj; &zwnj; &zwnj; &zwnj; &zwnj; &zwnj;
 &zwnj; &zwnj; &zwnj; &zwnj; &zwnj; &zwnj; &zwnj; &zwnj; &zwnj; &zwnj; &zwnj; &zwnj; &zwnj; &zwnj; &zwnj; &zwnj; &zwnj; &zwnj; &zwnj; &zwnj; &zwnj; &zwnj; &zwnj; &zwnj; &zwnj; &zwnj; &zwnj; &zwnj; &zwnj; 
 
https://view.e.questdiagnostics.com/?qs=890d93e928dea2d5de3b454b8375db891cabe93a1a4a1c5ac6e2db30516ca2c8ae7dddff635a619f524a6c2566661cf106f9d3c316ddfb28e94ba30e05fdf9c643352061a5a2b83d1dfd7a95913cbaff8ac423ea161178ec 
View in browser 

https://click.e.questdiagnostics.com/?qs=24645a9feb3e3b740d381d1d10aef1a87319f3fd0948e8d8799d2224e0497fa965b754bb9083f8de46df0b87df7591a0cdb758fd255bbe12f348a42bd643a07d 





https://click.e.questdiagnostics.com/?qs=4ea0b5f116b109667642fdc4580ebd30b780c6fdc2e2f9c08573a8183463696dcf3bce4b6b235df6907f15802bc9dd60326179c2681caaa6830b26af0814e6f1 
Save on the greatest hits of health tests
 

https://click.e.questdiagnostics.com/?qs=4ea0b5f116b109669d5ace945ed61c2798cbc2d14d0f1e45a7a05a9e4d8b4652cf1af4c66ae628e7949583865ca697ac9daae7bcba5049684580e2c6b30e3cba 


https://click.e.questdiagnostics.com/?qs=4ea0b5f116b10966cdf7ccdeb3c5cc6f7bae2c3b681d249cdc238f6011fc0c41fe8daca113b80a8eee6d7fa73ead627db7635c196c7731d156c6f284b922115b 
Shop questhealth.com 

Your health has its own rhythm—one that’s worth understanding. For the next three days, save up to 25%* on some of 
https://click.e.questdiagnostics.com/?qs=83d8375fcd9f5e46b9ab7b12716a6b223e39320ac5c65280d65728e02cf69de6486cf56098d4c4bd8db97ff8db574c86a1c04d019fa0ab3811a78e24a72ed05c 
questhealth.com ’s most popular lab tests.

Whether you're exploring hormone changes or want a more comprehensive view of your wellness, these tests provide you with health insights that can help you stay in tune with your body's needs.





https://click.e.questdiagnostics.com/?qs=4ea0b5f116b109664a5a3bee1c63f2eb73eecf57cf50bcfb48a53c9cad442b38877e9baa4849256c2f9864f7ff5a5e68f4c1a79d83275e60f36f12c9156a4c36 
The go-to lab test editions 

https://click.e.questdiagnostics.com/?qs=4ea0b5f116b10966c7cba8e8134399bda4021830df9265b8465118c20f9640aa2041d2f8635632300c5beefed56afd1f6219cf53387d57855214d2061538c5e5 

Comprehensive Health Profile — Men’s
  
A simple solution for holistic health insights for men. Includes lab tests, a biometric screening, and a personalized Quest health score.

https://click.e.questdiagnostics.com/?qs=4ea0b5f116b10966c7cba8e8134399bda4021830df9265b8465118c20f9640aa2041d2f8635632300c5beefed56afd1f6219cf53387d57855214d2061538c5e5 

 View test
  

https://click.e.questdiagnostics.com/?qs=4ea0b5f116b109660cb1733ae828f4afbe3be5b37fdef28622fcdd86a4d4ca58b49fccbf055cde21bb996655c5aef63a4987ac2c0e8e82c75197108875796210 

Comprehensive Health Profile — Women’s 

A simple solution for holistic health insights for women. Includes lab tests, a biometric screening, and a personalized Quest health score.
 

https://click.e.questdiagnostics.com/?qs=4ea0b5f116b109660cb1733ae828f4afbe3be5b37fdef28622fcdd86a4d4ca58b49fccbf055cde21bb996655c5aef63a4987ac2c0e8e82c75197108875796210 

 View test
  

https://click.e.questdiagnostics.com/?qs=4ea0b5f116b10966fea9092ca981da2e947272808324da0b7b7aa64c0afe3ee03030dd33359258405823f104f223b748071552d397789c23871a08a98c7486d0 
Hormone Panel — Men’s (Expanded)
  

Measures the levels of male hormones that affect sexual function and overall health.

https://click.e.questdiagnostics.com/?qs=4ea0b5f116b10966fea9092ca981da2e947272808324da0b7b7aa64c0afe3ee03030dd33359258405823f104f223b748071552d397789c23871a08a98c7486d0 

 View test
  

https://click.e.questdiagnostics.com/?qs=4ea0b5f116b10966ce5e787dd29d7b324553430c9aae0a99ffb58014a8ce711ad41956bdc983fabd83411fb61adf05d448a51a83f931ccb144cb97a837b7c883 
Hormone Panel — Women’s (Expanded)
  

Measures the levels of female hormones that affect overall wellness and reproductive health. 

https://click.e.questdiagnostics.com/?qs=4ea0b5f116b10966ce5e787dd29d7b324553430c9aae0a99ffb58014a8ce711ad41956bdc983fabd83411fb61adf05d448a51a83f931ccb144cb97a837b7c883 

 View test
  

Not what you’re looking for? Explore the full range of lab tests on sale now at 
https://click.e.questdiagnostics.com/?qs=55fba54d56b30dc7fee9d548b8f9c9d6c37a97e8b22cbaf774127ec9d8543db14b1a31f9df202d13b1f48549b54e58686f19b84de7d896b47a44e9349d4d7683 
questhealth.com .


https://click.e.questdiagnostics.com/?qs=4ea0b5f116b10966bf8f8dac5c507b17e2ecf438f5ee16c814209f0cfa4fe988918d4063a5d20f1770bd69162c240616c3663cf7c8d777968a5d741b606236af 
View all tests 





https://click.e.questdiagnostics.com/?qs=4ea0b5f116b10966c0d193507bbf6c5d33ca2eba4714969b3f4003437a6625fa02b99511437fbb9d43a68d6810bf8372528926ac7db17bb64cd68dfe0ce18866 
Popular Tests &ensp;|&ensp;

https://click.e.questdiagnostics.com/?qs=ebc8aaa9132479cf154f80b50d6b0ed96895e36fa3555d056850f48a9e3085872616e7c489d0ad833903fa4baffa0b5ccdf6c7c7e49f1569c30ede45e65f2a51 
New Tests &ensp;|&ensp; 

https://click.e.questdiagnostics.com/?qs=ebc8aaa9132479cf1b1287c046eceb91da7b10740d6b18d9d1e14e0ecc0bd785f46b0c61f9e4d278d0e9ac61028421c910a5994cf024d3fa7c7f22603371148c 
Sexual Health &ensp;|&ensp;

https://click.e.questdiagnostics.com/?qs=ebc8aaa9132479cf38b9908e26d40cd8de163d9f501c8e5e4660573542c52e1cac2aec642182af1c970ce9ebf9e7989857ac76d20f2f8f2b6a5bbf24e3f62344 
Women&rsquo;s Health &ensp;|&ensp;

https://click.e.questdiagnostics.com/?qs=ebc8aaa9132479cfeed38c79bcfa5f8f6f78f2b702fe6a612faeff2a8af994b3fef6db63ddc2ffe87be2e6c7fb787638d41e1a82c51ea99d94b6ef0f752abf13 
Men&rsquo;s Health &ensp;|&ensp;

https://click.e.questdiagnostics.com/?qs=ebc8aaa9132479cf1a1c748fffb89658e3aa3c88510f3c3fce0250c4dae8323dd081cec6982dada0eac4466d1ad4377d6f6abddd5af2041f1f9b5a121848b168 
Allergy 




https://click.e.questdiagnostics.com/?qs=ebc8aaa9132479cf43f941b06c0f94a84135dfa9b945e9100450d4e87c4a16abb77215d3ffbfd429fdb9fe7560dcf89e0c32f6aab828066b534081f3cfa20370 

https://click.e.questdiagnostics.com/?qs=ebc8aaa9132479cfedff4a4d108404c2b2822aeaa6ae6803946c150e731e8fb623d731b2a5adc5c67b9917cedc1acb692eaa9f8a8e3c60efdedf3e0f13bd34ec 

https://click.e.questdiagnostics.com/?qs=ebc8aaa9132479cf3c49bd079cae6f99303fc262c04e20e2ba725e51555196a2e7bf94e53bef5d96d9e9619a193762845cd33e05944d50d6ae01d7e29599fb85 





https://click.e.questdiagnostics.com/?qs=ebc8aaa9132479cf7d14fe00ddc29deca36c9445446430314933292bad832b875c6309336700ddaf1bb8ebb294f6722bf1aac39234e4200e6e8007a407fdbbf7 

https://click.e.questdiagnostics.com/?qs=ebc8aaa9132479cf498ee658f43a8c7070aaa8359af2587d8c3edcd889b9ae29104e9ee1d5ef9278914cbd1565bd185b1641dd951a25ac1aff9449fd64f51134 
Terms of Use&ensp;|&ensp;
https://click.e.questdiagnostics.com/?qs=e2ce82d227d69fb1cd3f158cae61d98cefe2f730b39aab5e138be2fd8e2f02838c3997fe9697a87d579e05a01b8b248b642e8cce6565ecabda74ff4d3c2bb347 
Privacy Policy&ensp;|&ensp;
https://click.e.questdiagnostics.com/?qs=e2ce82d227d69fb15ddf34e1c1e17af6498e43edbfd8eb9fa532aa6c8ead9f315f79973a9dadc8067d4db103fe588fe015f8b53ad63772e3af9dea5fbf2b1ab5 
QuestDiagnostics.com

https://click.e.questdiagnostics.com/?qs=e2ce82d227d69fb18e466536e452873d743f37f3eb6c70949f1485cca2c898c07fd3076bd9308d207be24a964c51582bf3d5ba2ede5a80133a7f17750d31846a 
Language Assistance /
https://click.e.questdiagnostics.com/?qs=e2ce82d227d69fb18e466536e452873d743f37f3eb6c70949f1485cca2c898c07fd3076bd9308d207be24a964c51582bf3d5ba2ede5a80133a7f17750d31846a 
Non-Discrimination Notice &ensp;|&ensp;
https://click.e.questdiagnostics.com/?qs=e2ce82d227d69fb18e466536e452873d743f37f3eb6c70949f1485cca2c898c07fd3076bd9308d207be24a964c51582bf3d5ba2ede5a80133a7f17750d31846a 
Asistencia de Idiomas /
https://click.e.questdiagnostics.com/?qs=e2ce82d227d69fb18e466536e452873d743f37f3eb6c70949f1485cca2c898c07fd3076bd9308d207be24a964c51582bf3d5ba2ede5a80133a7f17750d31846a 
Aviso de no Discriminación &ensp;|&ensp;
https://click.e.questdiagnostics.com/?qs=e2ce82d227d69fb18e466536e452873d743f37f3eb6c70949f1485cca2c898c07fd3076bd9308d207be24a964c51582bf3d5ba2ede5a80133a7f17750d31846a 
&#35486;&#35328;&#21332;&#21161; / &#19981;&#27495;&#35222;&#36890;&#30693;

 Quest® is the brand name used for services offered by Quest Diagnostics Incorporated and its affiliated companies. Quest Diagnostics Incorporated and certain affiliates are CLIA-certified laboratories that provide HIPAA-covered services. Other affiliates operated under the Quest® brand, such as Quest Consumer Inc., do not provide HIPAA-covered services.



 Quest®, Quest Diagnostics®, any associated logos, and all associated Quest Diagnostics registered or unregistered trademarks are the property of Quest Diagnostics. All third-party marks—® and ™—are the property of their respective owners.


 © 2025 Quest Diagnostics Incorporated. All rights reserved.

 This email is intended for adults 18 years or older in the US.


 Quest Diagnostics Incorporated 

 500 Plaza Drive 

 Secaucus, New Jersey 07094 

 Attn: Digital Marketing Department 

https://cloud.e.questdiagnostics.com/preferences?qs=f2015e405ec279032908e5283ed0fac8ea6a36e6e056ca766d7259f18ff8742b3775ac06ee9bf45140adad1c09b099143242685801167eb4923d296721d4c59a14573393e4ff5fc2 
Unsubscribe 







*Up to 25% discount valid on select tests purchased online through questhealth.com. Discount does not apply to the physician fee. Single-use only. Can't be combined with other offers. Valid on purchases made June 2–4, 2025. Offer expires on June 4, 2025, at 11:59 PM ET. Offer is not valid in Alaska, Arizona, and Hawaii.

No doctor visit is required to purchase your own lab test at 
https://click.e.questdiagnostics.com/?qs=e2ce82d227d69fb16c02dfa35ebac41dc6421391cd5409d31135f59ec63a1d12b0b833d56a621269e8d87a240b0c4e1d133d9d6fb73ff932c518ddb17acb04b9 
questhealth.com . Tests purchased on questhealth.com
 are only for individuals who intend to pay directly for testing and do not want to submit a claim for reimbursement under their health insurance. 



Nonrefundable physician service fees are collected on behalf of PWNHealth. PWNHealth and its affiliated entities renew your purchase to ensure it is medically appropriate before 
submitting the test order for processing. PWNHealth also reviews your test results and will contact you directly if they require prompt attention. Included in each purchase is the option to discuss your test results with an independent physician; however, you are also encouraged to speak to your primary healthcare provider.






",1
New benefits you won't want to miss,"



",3
늦은 밤 차량 서비스가 필요하신가요? 앱에서 요청하세요,,3
"""Goodbye Nest WiFi…it has NOT been fun.""",,3
Get an iPad as low as $299 (no joke!),,3
고객님을 위한 추천 상품을 확인해 보세요,,3
"We're offering select 55"" class or larger TVs as low as $229.99... Expect nothing less than AMAZING picture quality!",,3
